gamma_usado,k_usado,E_s_cm,Var_s_cm2,lambda1,lambda2,residuo,moda_cm,entropia,cond_num,valida,motivo,Suelo_ID
1.7934890121389908,4.4448965535453183e-07,0.0016975077451102114,1.7742657116597598e-06,-0.8345248307439361,100000.0,4.64858397467062e-06,0.0021804787525874733,0.00027751212084539234,331344594.3172224,False,Unstable condition (3.31e+08),1
1.8146494799778456,7.003943487687703e-07,0.5000000049999993,0.08340550154630116,-100000.0,100000.0,0.6026249587592251,0.9645937035317568,0.06805688771734374,32.05252090023072,False,lambda2 edge (100000.00),1
1.6235443369719125,9.758661281203884e-07,0.008638505936328356,2.4582047393027914e-06,174.7442170940194,100000.0,7.706607328447268e-05,0.008894455646328717,0.0009446787326843594,4824685.315063645,False,lambda2 edge (100000.00),1
1.7902849254975883,7.882036622241843e-07,0.0017338753878880944,1.7925309342330158e-06,-0.4876938595220106,100000.0,4.7859993041395195e-06,0.0021804787525874733,0.00028230250157879283,309463888.7955777,False,Unstable condition (3.09e+08),1
1.6320284081688865,4.558820785166115e-07,0.007823612704634022,2.4490923072134846e-06,142.20123165896823,100000.0,6.36505726737427e-05,0.007982752084850246,0.0008828764284693941,5955689.637961114,False,lambda2 edge (100000.00),1
1.6926995060581453,9.274973389601159e-07,0.00398599288124238,2.3105166282104978e-06,31.996741521273712,100000.0,1.8183528499928064e-05,0.004325216267991965,0.0005422292430344484,27862727.056437496,False,lambda2 edge (100000.00),1
1.7609662800201662,8.245339971381217e-07,0.0021408290171294458,1.963890272586364e-06,3.750396840128164,100000.0,6.533591096134007e-06,0.0025186868126674026,0.0003343437387444058,158946442.70646003,False,Unstable condition (1.59e+08),1
1.710853549706833,2.3496633456692914e-07,0.003319687888086504,2.235414399892837e-06,20.01392017988131,100000.0,1.3251909799631282e-05,0.003611851958639004,0.0004716764096917415,44733196.355080985,False,lambda2 edge (100000.00),1
1.7386461967539588,7.317908354313357e-08,0.0025702351347880667,2.0927026687882804e-06,8.966815307686323,100000.0,8.697617775850925e-06,0.0029093533944216637,0.00038647185683613616,91646908.05391029,False,Unstable condition (9.16e+07),1
1.8069077929981456,6.353477551308442e-07,0.0015588236968667078,1.6994328726168683e-06,-2.1109562138201983,100000.0,4.119001739888298e-06,0.0020288068591494037,0.0002590150164467493,436688668.95174164,False,Unstable condition (4.37e+08),1
1.7895219350213436,3.609807084485697e-07,0.0017427375918308546,1.796900443796912e-06,-0.40240366743497336,100000.0,4.82814731245928e-06,0.0021804787525874733,0.0002834661625971699,304428933.46066445,False,Unstable condition (3.04e+08),1
1.842674506098726,8.941899101089757e-07,0.0012722611026709705,1.5153784903690796e-06,-4.52660855810344,100000.0,3.1196614356766344e-06,0.001756379644833265,0.00021953987231316234,841991399.4746766,False,Unstable condition (8.42e+08),1
1.7945958742684405,2.026923207734479e-07,0.0016852542532376324,1.7679886439036684e-06,-0.9502396504019871,100000.0,4.604764652963674e-06,0.0021804787525874733,0.00027589256390814205,339185135.15290713,False,Unstable condition (3.39e+08),1
1.7166802509317587,5.3365728129356485e-08,0.0031383415970030514,2.207953318708384e-06,17.10822132893928,100000.0,1.2056270909146823e-05,0.003483969657392026,0.00045166993246617836,52069052.323066525,False,Unstable condition (5.21e+07),1
1.638572373016887,6.862184637100301e-07,0.007251879839297671,2.440808373541449e-06,121.28622927794785,100000.0,5.501937743095637e-05,0.007427479935502685,0.0008376685438870727,7010918.139409906,False,lambda2 edge (100000.00),1
1.7861905389769543,9.678346351098678e-07,0.00178237691284141,1.8160627821975266e-06,-0.017182772502532917,100000.0,4.977144971733944e-06,0.0022605152248080028,0.0002886536401958316,283215858.18231434,False,Unstable condition (2.83e+08),1
1.681456339534538,3.7675510897452023e-07,0.5000000049999993,0.08340550154630116,-100000.0,100000.0,0.4971650005220596,0.9645937035317568,0.06805688771734374,32.05252090023072,False,lambda2 edge (100000.00),1
1.717388952818952,1.9757664549344286e-07,0.0031172485396761492,2.2045116592687744e-06,16.780000284560064,100000.0,1.191852766447113e-05,0.003483969657392026,0.0004493188543356089,53038195.023992755,False,Unstable condition (5.30e+07),1
1.632480376333868,4.809478769636744e-07,0.007782589842451688,2.4485573247583117e-06,140.64790783173478,100000.0,6.300941788253433e-05,0.007982752084850246,0.0008796853035678178,6023046.796658687,False,lambda2 edge (100000.00),1
1.6567273372627211,6.731158547356853e-07,0.005893415138344824,2.410808481798916e-06,77.92278902950494,100000.0,3.71321720305676e-05,0.006202454696040428,0.0007233052338370361,11064693.047839804,False,lambda2 edge (100000.00),1
1.7092879797180829,8.343514140972591e-07,0.0033709120940616554,2.2425294217822265e-06,20.862006709511146,100000.0,1.3591969589665713e-05,0.0037444282970276357,0.00047726194606350725,42942644.22660988,False,lambda2 edge (100000.00),1
1.7750662755005624,3.192429749682207e-07,0.0019268022649463138,1.8808649616659033e-06,1.4386121402270362,100000.0,5.5882251127525496e-06,0.0023434895091387887,0.0003073202573988252,220963614.89851853,False,Unstable condition (2.21e+08),1
1.8080649503488004,8.067167139218339e-07,0.001547804479082848,1.6931172779251203e-06,-2.209286351071152,100000.0,4.075658553772891e-06,0.0020288068591494037,0.00025752922271775173,446867253.6366967,False,Unstable condition (4.47e+08),1
1.6968695947575436,2.954448228909417e-07,0.003818168189385826,2.29473633027568e-06,28.78338097627517,100000.0,1.686832599788381e-05,0.0041720763785181815,0.000524872232866471,31057850.774796773,False,lambda2 edge (100000.00),1
1.770623875993744,1.4835495877321674e-07,0.0019901957349231164,1.9069840548605428e-06,2.1039049932464526,100000.0,5.865443465426716e-06,0.002429509440667451,0.00031540179371383406,199524330.71284023,False,Unstable condition (2.00e+08),1
1.6499770506187772,1.7288647053495458e-08,0.00636210872306786,2.423294066294414e-06,91.87811265558922,100000.0,4.289943950246635e-05,0.006666144989411547,0.0007639504289835208,9331564.734471098,False,lambda2 edge (100000.00),1
1.7967310943755348,6.682023480261119e-07,0.5000000049999993,0.08340550154630116,-100000.0,100000.0,0.5877823394020818,0.9645937035317568,0.06805688771734374,32.05252090023072,False,lambda2 edge (100000.00),1
1.7762913446565838,7.829217407117483e-07,0.0019099239121009377,1.87368000197643e-06,1.2642039055491145,100000.0,5.508719986206889e-06,0.0023434895091387887,0.0003051572617265388,227205105.23137346,False,Unstable condition (2.27e+08),1
1.7147289438845852,5.730537839933648e-07,0.0031974797999742345,2.2173178028988577e-06,18.03926030095006,100000.0,1.2431848684288702e-05,0.003483969657392026,0.0004582345912361761,49489356.79902064,False,lambda2 edge (100000.00),1
1.6349492495319145,1.2338477280061372e-07,0.5000000049999993,0.08340550154630116,-100000.0,82407.12417218996,0.46371572506227554,0.9645937035317568,0.06805688771734374,32.05252090023072,False,Mode at edge,1
1.767100740447618,4.7638524408170125e-07,0.0020430291280543857,1.927743538332776e-06,2.6708126853559855,100000.0,6.093941766499043e-06,0.002429509440667451,0.0003220867549886617,183799243.57402936,False,Unstable condition (1.84e+08),1
1.7413090266202973,7.673488688418654e-07,0.5000000049999993,0.08340550154630116,-100000.0,100000.0,0.5430495186416049,0.9645937035317568,0.06805688771734374,32.05252090023072,False,lambda2 edge (100000.00),1
1.7586795800001478,5.580436066514159e-07,0.002179291622164786,1.977336200452622e-06,4.185813038005922,100000.0,6.71754654624393e-06,0.002611137521886676,0.00033912329437503193,150457716.70753947,False,Unstable condition (1.50e+08),1
1.7398017901863534,3.109105970819861e-07,0.5000000049999993,0.08340550154630116,-100000.0,100000.0,0.5418605844821128,0.9645937035317568,0.06805688771734374,32.05252090023072,False,lambda2 edge (100000.00),1
1.6077044586419849,4.4235021534003876e-07,0.01041156384816121,2.471198473729717e-06,256.65905512258695,100000.0,0.00011086464569749173,0.01065116862401253,0.0010697236231617347,3263291.4723308184,False,lambda2 edge (100000.00),1
1.6536461682048824,4.144433572873898e-07,0.5000000049999993,0.08340550154630116,-100000.0,100000.0,0.47690002378562185,0.9645937035317568,0.06805688771734374,32.05252090023072,False,lambda2 edge (100000.00),1
1.8133507683170416,2.4160009100668733e-07,0.0014991818157156322,1.6645649386670264e-06,-2.6378380528035152,100000.0,3.908170769977799e-06,0.0019569743220175548,0.0002509437908629833,495696785.7894112,False,Unstable condition (4.96e+08),1
1.6145756854222666,2.885700531017766e-07,0.009599349684775403,2.466130394654289e-06,217.24519943091397,100000.0,9.460893822004353e-05,0.009559397665277353,0.0010139401941728608,3865316.7485340643,False,lambda2 edge (100000.00),1
1.673398439441671,6.652973495796262e-07,0.004897055686941695,2.371970585200103e-06,51.76515148171665,100000.0,2.634227406103679e-05,0.005179474679231202,0.0006321555126468687,16919828.92644438,False,lambda2 edge (100000.00),1
1.7392580380853198,7.860592270153494e-07,0.5000000049999993,0.08340550154630116,-100000.0,100000.0,0.5414320460556847,0.9645937035317568,0.06805688771734374,32.05252090023072,False,lambda2 edge (100000.00),1
1.766078385081847,4.1232299282566985e-07,0.0020588040211361736,1.933770461577267e-06,2.8422868865560744,100000.0,6.165719517324717e-06,0.0025186868126674026,0.00032407401342728623,179439146.44253153,False,Unstable condition (1.79e+08),1
1.8035050961665087,1.7530319070862688e-07,0.0015920468645525666,1.7181359209139773e-06,-1.8117614258897239,100000.0,4.249889964505211e-06,0.0020288068591494037,0.00026348010687253384,407793855.6234942,False,Unstable condition (4.08e+08),1
1.6056780182834651,9.914738216788534e-08,0.010664617733511482,2.4725467613163975e-06,269.5918016078652,100000.0,0.00011620500108056916,0.01065116862401253,0.0010866215303821224,3104599.662379383,False,lambda2 edge (100000.00),1
1.7805898376491127,4.6725845794887355e-07,0.0018526620999520626,1.8485532849919378e-06,0.6809718929414107,100000.0,5.273294570697096e-06,0.0022605152248080028,0.00029778294295688593,250279809.3795667,False,Unstable condition (2.50e+08),1
1.6403179447584004,5.060343273523299e-07,0.00710719593147218,2.438393623057901e-06,116.24394577307298,100000.0,5.294237428115661e-05,0.007164500378894349,0.0008259697302771655,7323519.746741709,False,lambda2 edge (100000.00),1
1.638078025678292,6.993571713269587e-07,0.5000000049999993,0.08340550154630116,-100000.0,100000.0,0.46589572280006186,0.9645937035317568,0.06805688771734374,32.05252090023072,False,lambda2 edge (100000.00),1
1.7115390688935077,3.872110138355177e-07,0.003297599046932351,2.2322630262942026e-06,19.651933334844387,100000.0,1.310010715070548e-05,0.003611851958639004,0.00046925902571801596,45540340.94397668,False,lambda2 edge (100000.00),1
1.6753780222869692,6.339797671876996e-07,0.004792526038979705,2.366522348398924e-06,49.296553170175585,100000.0,2.532448804378316e-05,0.0049960886631885935,0.0006221810644295439,17802013.317642298,False,lambda2 edge (100000.00),1
1.6904531526383477,9.677342012294e-08,0.004080373094134363,2.31864503997809e-06,33.86203546015446,100000.0,1.8966511264711673e-05,0.004325216267991965,0.0005518754004263423,26282467.062414393,False,lambda2 edge (100000.00),1
1.629501475530129,9.622786879040194e-07,0.008057315909268208,2.451987443145609e-06,151.2056414664055,100000.0,6.735663244743237e-05,0.008275766320702958,0.0009009062274319763,5593036.148591494,False,lambda2 edge (100000.00),1
1.827145172676902,7.027100624726421e-07,0.0013842468788677702,1.5924249603890017e-06,-3.616922478102983,100000.0,3.497148090128811e-06,0.0018876851089914617,0.00023518042496280486,642068421.9671184,False,Unstable condition (6.42e+08),1
1.66646749036488,9.694846135742466e-07,0.005285196408812136,2.389599014391092e-06,61.38884871299824,100000.0,3.030708790892546e-05,0.00556668784743931,0.0006684819126205434,14170934.257120484,False,lambda2 edge (100000.00),1
1.7946877259914487,7.197212872674057e-07,0.0016842444220343626,1.767468540656489e-06,-0.9597502766547513,100000.0,4.592409240377593e-06,0.0021804787525874733,0.0002757589684752413,339842358.52329034,False,Unstable condition (3.40e+08),1
1.7123403755359472,2.7951914622670745e-07,0.003272038493830237,2.22855193343104e-06,19.235849305546232,100000.0,1.2930235970422682e-05,0.003611851958639004,0.0004664550283090431,46502105.13736765,False,lambda2 edge (100000.00),1
1.624097740538375,9.035763725784033e-07,0.008582668702055702,2.4576612938835107e-06,172.41178992273947,100000.0,7.610512611383245e-05,0.00857953591279118,0.0009405372705755633,4891285.094001612,False,lambda2 edge (100000.00),1
1.713944072458403,2.1033973114727803e-07,0.0032217128651081837,2.2210374337623696e-06,18.425384773250418,100000.0,1.2597040601537023e-05,0.003611851958639004,0.00046091319566496136,48487487.51023035,False,lambda2 edge (100000.00),1
1.6764891560376631,5.834273732524771e-07,0.004735037676144029,2.363381420544455e-06,47.96112294557067,100000.0,2.4774447580798884e-05,0.0049960886631885935,0.000616659480441934,18317844.12133419,False,lambda2 edge (100000.00),1
1.644193195734808,8.580481412514518e-07,0.006797216914853696,2.4327006925586216e-06,105.78147510334988,100000.0,4.8620863868363954e-05,0.006910831954432375,0.0008005367528186465,8069671.292590963,False,lambda2 edge (100000.00),1
1.7896298824588026,7.222683263914275e-07,0.0017414788948223437,1.7962817647803867e-06,-0.41453593347004564,100000.0,4.817254961863926e-06,0.0021804787525874733,0.00028330097525053484,305137268.05049616,False,Unstable condition (3.05e+08),1
1.7080232599437761,6.310357522954188e-07,0.0034130958911786306,2.248192813448106e-06,21.56949424443285,100000.0,1.3887125153578325e-05,0.0037444282970276357,0.0004818405186949539,41548313.84954991,False,lambda2 edge (100000.00),1
1.746024492228184,6.533481355392719e-07,0.00241410814299451,2.0509278351871523e-06,6.979020467829464,100000.0,7.86819377389655e-06,0.0028063439656078864,0.00036782375272655663,110318361.1085652,False,Unstable condition (1.10e+08),1
1.6211110802849724,4.2164932814890354e-07,0.008888652867483988,2.460515832371541e-06,185.3785833478859,100000.0,8.14617885777406e-05,0.008894455646328717,0.0009630708481761365,4542641.700827156,False,lambda2 edge (100000.00),1
1.6104035434654733,4.990509110520738e-07,0.010084231950703019,2.4693022061852944e-06,240.39039088912733,100000.0,0.00010415289677736451,0.010274050189977513,0.0010475315698182733,3487518.4442042345,False,lambda2 edge (100000.00),1
1.6824653030831964,1.5307894697738645e-07,0.004439922358796769,2.345444004623404e-06,41.3535868042833,100000.0,2.205585785630653e-05,0.004648565796280992,0.0005879002729561962,21368912.424603466,False,lambda2 edge (100000.00),1
1.625850741930638,5.91768126455935e-07,0.5000000049999993,0.08340550154630116,-100000.0,100000.0,0.45743881919280166,0.9645937035317568,0.06805688771734374,32.05252090023072,False,lambda2 edge (100000.00),1
1.6426482421342217,9.258689171930293e-07,0.5000000049999993,0.08340550154630116,-100000.0,100000.0,0.46909935900010463,0.9645937035317568,0.06805688771734374,32.05252090023072,False,lambda2 edge (100000.00),1
1.745265284925099,3.534011064894887e-07,0.00242947525106196,2.055275114949135e-06,7.170000231228872,100000.0,7.951861178201921e-06,0.0028063439656078864,0.0003696742147033518,108248527.3372371,False,Unstable condition (1.08e+08),1
1.7477288728703542,3.257583231940052e-08,0.002380166387888261,2.0411334567641906e-06,6.560789001188991,100000.0,7.705794182640285e-06,0.0028063439656078864,0.0003637247569966142,115096049.48530516,False,Unstable condition (1.15e+08),1
1.8396398033103614,4.874804025734712e-07,0.0012928776077246265,1.5300913980600196e-06,-4.362315579436786,100000.0,3.1936734008920626e-06,0.0018208491703838258,0.00022244114979734167,799863885.5596116,False,Unstable condition (8.00e+08),1
1.7956838068125716,9.190269992321418e-08,0.0016733614299244616,1.7618361414550565e-06,-1.0619994674848334,100000.0,4.560475693886405e-06,0.0021032760754306603,0.0002743179925713934,347034969.0277181,False,Unstable condition (3.47e+08),1
1.7216645827095403,4.957999244109757e-07,0.5000000049999993,0.08340550154630116,-100000.0,100000.0,0.5276811345676403,0.9645937035317568,0.06805688771734374,32.05252090023072,False,lambda2 edge (100000.00),1
1.834456613743746,5.760107718523147e-07,0.0013294618502903853,1.5556037983782421e-06,-4.067276838945505,100000.0,3.3138401935546003e-06,0.0018208491703838258,0.00022756490252596055,731386004.7685025,False,Unstable condition (7.31e+08),1
1.7183723502642385,2.7430590646097465e-07,0.5000000049999993,0.08340550154630116,-100000.0,100000.0,0.5251334280556148,0.9645937035317568,0.06805688771734374,32.05252090023072,False,lambda2 edge (100000.00),1
1.6828922493356382,5.254656784468225e-07,0.004419720623216054,2.3440940883630704e-06,40.916422971259074,100000.0,2.1869454189350365e-05,0.004648565796280992,0.0005859055614446936,21605988.515187006,False,lambda2 edge (100000.00),1
1.7097278650762617,3.139595908152712e-08,0.003356409150594473,2.2405418825225152e-06,20.620664893858933,100000.0,1.3505512204288346e-05,0.003611851958639004,0.0004756834091223649,43438433.05186921,False,lambda2 edge (100000.00),1
1.8065729810485895,8.971991641213691e-07,0.0015620379182086207,1.7012644610464867e-06,-2.082189413484893,100000.0,4.1266019489118025e-06,0.0020288068591494037,0.0002594479539371429,433777301.8725428,False,Unstable condition (4.34e+08),1
1.6350622722496528,5.584957821036589e-07,0.007552672777245503,2.4453978293437285e-06,132.09276099270073,100000.0,5.9479155360520893e-05,0.007700112397901567,0.0008616517768698582,6423053.167773778,False,lambda2 edge (100000.00),1
1.627143935283861,6.755176921094136e-07,0.00828214653630106,2.4545467633451713e-06,160.11757093844557,100000.0,7.103748070566077e-05,0.00857953591279118,0.0009180161943576735,5275037.123637645,False,lambda2 edge (100000.00),1
1.6703084459597521,6.628284083449828e-07,0.005065754050211478,2.3801034782148283e-06,55.85931533442135,100000.0,2.8031156918672785e-05,0.0053695920471667075,0.000648079258789464,15631960.587421998,False,lambda2 edge (100000.00),1
1.7817486535717206,7.709610169984805e-07,0.0018377294433154284,1.8418054332823356e-06,0.5310163889184634,100000.0,5.206480659069045e-06,0.0022605152248080028,0.0002958505964815492,256822144.24159786,False,Unstable condition (2.57e+08),1
1.6269352364889742,9.168517266862319e-07,0.008302371022918089,2.4547669402344516e-06,160.931227981635,100000.0,7.136917779416664e-05,0.00857953591279118,0.0009195442232554875,5247792.318868607,False,lambda2 edge (100000.00),1
1.6575534977237203,4.703843061441798e-08,0.005838797460696622,2.409161040815723e-06,76.36537412812855,100000.0,3.649994998076785e-05,0.0059828487462415736,0.0007184809945618891,11298508.004836805,False,lambda2 edge (100000.00),1
1.738713117347871,3.772130610238144e-07,0.002568748879920305,2.092329027705181e-06,8.947393535227572,100000.0,8.684647544899665e-06,0.0029093533944216637,0.0003862959050855152,91802347.7623741,False,Unstable condition (9.18e+07),1
1.8074474357831034,8.101689573436589e-07,0.0015536676150893318,1.696484731557509e-06,-2.1570224722799023,100000.0,4.097154677638638e-06,0.0020288068591494037,0.0002583200905143593,441412964.5428829,False,Unstable condition (4.41e+08),1
1.679284723205679,9.533704011190476e-07,0.004594076481985894,2.355211589329154e-06,44.753334088884934,100000.0,2.3445200947826314e-05,0.004819195666798119,0.0006030104265670056,19684952.81264147,False,lambda2 edge (100000.00),1
1.6727294595350297,5.199065579393974e-07,0.004933000446623953,2.3737694536283317e-06,52.62609178186777,100000.0,2.6699783252575794e-05,0.005179474679231202,0.0006355662293314098,16632008.432099363,False,lambda2 edge (100000.00),1
1.6639912726419008,9.366831343484738e-07,0.005432611508285203,2.3953715693234866e-06,65.23306513763961,100000.0,3.1893362173699635e-05,0.00556668784743931,0.000681997132355321,13304470.649447007,False,lambda2 edge (100000.00),1
1.6411519543955047,5.44615131984057e-08,0.5000000049999993,0.08340550154630116,-100000.0,100000.0,0.46804799945260017,0.9645937035317568,0.06805688771734374,32.05252090023072,False,lambda2 edge (100000.00),1
1.7087742650007596,9.924518084152786e-07,0.5000000049999993,0.08340550154630116,-100000.0,100000.0,0.5177538308249353,0.9645937035317568,0.06805688771734374,32.05252090023072,False,lambda2 edge (100000.00),1
1.8229193165637285,7.511219392623797e-07,0.00141775477376159,1.6141544045522675e-06,-3.336332980475989,100000.0,3.6120293953337665e-06,0.0018876851089914617,0.0002398053368598982,594221982.2847526,False,Unstable condition (5.94e+08),1
1.8226981227196313,8.945121733008846e-07,0.0014195483567346224,1.6153009843706538e-06,-3.32120237786905,100000.0,3.615829128247942e-06,0.0018876851089914617,0.00024005220428003647,591791788.8006538,False,Unstable condition (5.92e+08),1
1.7297145900966124,3.227697613124851e-07,0.002781090059757021,2.141501144886472e-06,11.820516521769441,100000.0,9.87069872762184e-06,0.0031268542058086285,0.00041113956548773957,72965133.43050459,False,Unstable condition (7.30e+07),1
1.793003108027747,6.650446505360835e-07,0.001702936238008532,1.7770265905331714e-06,-0.7830773791118856,100000.0,4.666171617580231e-06,0.0021804787525874733,0.0002782287175113305,327948937.7153239,False,Unstable condition (3.28e+08),1
1.6934144322184277,1.0352200138090012e-07,0.003956547780860725,2.3078749535959474e-06,31.42338253534518,100000.0,1.796045686359644e-05,0.0041720763785181815,0.0005392030426873196,28385740.706563696,False,lambda2 edge (100000.00),1
1.7866974028372566,2.6983591076363607e-07,0.0017762447312695288,1.813138726440763e-06,-0.07717610317880134,100000.0,4.96379721124314e-06,0.0022605152248080028,0.0002878529883428502,286363602.20168966,False,Unstable condition (2.86e+08),1
1.8342032876334449,2.4856086925562795e-07,0.0013312961024618418,1.5568631800141939e-06,-4.052365178822459,100000.0,3.3253708800022033e-06,0.0018208491703838258,0.00022782097926809578,728150187.7280414,False,Unstable condition (7.28e+08),1
1.6306894831028715,8.328015454036571e-07,0.007946517807298114,2.4506463619713704e-06,146.90373726952106,100000.0,6.55842087240318e-05,0.007982752084850246,0.0008923898764408141,5760635.061132095,False,lambda2 edge (100000.00),1
1.6383210791561236,1.874756250761617e-07,0.00727297400729366,2.4411486285645534e-06,122.02981706505155,100000.0,5.5334242504459204e-05,0.007427479935502685,0.0008393652284153627,6967054.273662067,False,lambda2 edge (100000.00),1
1.749845697880211,8.758164204290898e-07,0.0023390600640898714,2.028907590658745e-06,6.060871583545249,100000.0,7.485825826447785e-06,0.0027069817191697136,0.00035873850942235146,121288874.88881604,False,Unstable condition (1.21e+08),1
1.6491086664286434,3.1722043617109385e-07,0.006425402936571812,2.4247793615352986e-06,93.84383577900833,100000.0,4.370540842913369e-05,0.006666144989411547,0.000769339212138603,9129860.667161347,False,lambda2 edge (100000.00),1
1.4454809676482356,0.004873218917274354,0.08687521696882809,0.008969915607127902,465.34271259788017,3727.0836134835545,0.01664529590019994,0.07196856730011514,0.010857127021685894,32.1646204203621,True,OK,2
1.3901482372404685,0.0011475387614806286,0.1728760100468859,0.027247590600351417,480.96559398774355,1316.511955998666,0.057126927884031245,0.12358806045475453,0.02369751265700076,53.19003344992615,True,OK,2
1.2927872575416404,0.0015334521349948489,0.5000000049999993,0.08340550154630116,-100000.0,-99838.60797041976,0.33397202827849926,0.9645937035317568,0.06805688771734374,32.05252090023072,False,lambda2 edge (-99838.61),2
1.3163644435573043,0.003549464031257859,0.5000000049999993,0.08340550154630116,-100000.0,-99925.35274635708,0.33336824429823686,0.9645937035317568,0.06805688771734374,32.05252090023072,False,lambda2 edge (-99925.35),2
1.3143665009257062,0.002778484692292849,0.5000000049999993,0.08340550154630116,-100000.0,-99953.45295077805,0.33336457894225374,0.9645937035317568,0.06805688771734374,32.05252090023072,False,lambda2 edge (-99953.45),2
1.4288524871285773,0.003115024741494061,0.14769884860854207,0.038402352803923685,468.5359046823623,3217.9833512726564,0.06082727952930918,0.07734887682598612,0.022758826771181496,42.81410467735562,True,OK,2
1.3299551303320116,0.004118560367820183,0.13867888506341317,0.022056766888506853,474.9041966736677,1976.6232798112278,0.09011640582673389,0.09955040995908344,0.019016489842683924,47.60132121323189,True,OK,2
1.4330814259231603,0.003825428017619938,0.07979011099781715,0.0033976672501281656,465.4408924049334,3514.8039784656,0.014140550138205768,0.07461023956159979,0.008637388608427096,21.308809362915238,True,OK,2
1.3162115503114626,0.001056892116426551,0.23193384615478793,0.015928558457558327,495.214656946337,497.91466362345244,0.08085804592594832,0.20471732535260898,0.027298618738709497,50.16099208358417,True,OK,2
1.4755125102013016,0.002289101872212233,0.06534542671472386,0.009081984186842333,456.15410082514734,7400.721568356354,0.01397385603172893,0.05018652022871682,0.008766360541011637,26.213240258044973,True,OK,2
1.350189738356188,0.0026986282040819,0.21039635465470663,0.012207664303397092,492.76335461901533,574.519849359315,0.05814657044317326,0.19047739555784998,0.023996262097295145,49.09241528919675,True,OK,2
1.4225728425527164,0.004800304656711366,0.5000000049999993,0.08340550154630116,-100000.0,-99953.77532375239,0.35098259158240036,0.9645937035317568,0.06805688771734374,32.05252090023072,False,lambda2 edge (-99953.78),2
1.347289245376411,0.004661637931904123,0.5000000049999993,0.08340550154630116,-100000.0,-99953.77532375239,0.3351238760874445,0.9645937035317568,0.06805688771734374,32.05252090023072,False,lambda2 edge (-99953.78),2
1.2949718982772513,0.0029983911904707112,0.25037345082637036,0.01693153335836252,497.6591444264678,427.65178270909865,0.09720633681583261,0.2200218203151435,0.02949806127754586,48.85824929754514,True,OK,2
1.4167950223362171,0.00097653831687839,0.11136988775456083,0.008206649365955901,473.4839729239552,2068.2657765332488,0.020687650400975827,0.09955040995908344,0.013056130869714746,36.89548705216865,True,OK,2
1.3180679194127825,0.0023860144369233674,0.5000000049999993,0.08340550154630116,-100000.0,-99873.45814454778,0.333410519581242,0.9645937035317568,0.06805688771734374,32.05252090023072,False,lambda2 edge (-99873.46),2
1.4832463824286364,0.003182191489554678,0.08168804278844521,0.03145236356839641,443.07532631633376,22219.293207505,0.041416783338519746,0.02922492630233715,0.014447994606647465,21.834204247064008,True,OK,2
1.4766046443200422,0.004119624120258369,0.05168220148815688,0.0019462904008397263,454.0272515865701,8016.933556118353,0.0051255011286435405,0.04840960141478949,0.005539156427416397,12.983916724770435,True,OK,2
1.3834763203110583,0.004031435521634844,0.1259149351900014,0.0614047002068292,425.81427139363194,100000.0,0.15981436031293783,0.013223022108691375,0.022787725529514396,14.4075639814533,False,lambda2 edge (100000.00),2
1.2935673567953976,0.0009911479854458074,0.5000000049999993,0.08340550154630116,-100000.0,-99603.96061160328,0.33393535725308504,0.9645937035317568,0.06805688771734374,32.05252090023072,False,lambda2 edge (-99603.96),2
1.4558857229765472,0.004085676897463229,0.06977129686577348,0.003701279637935431,461.48671584946294,4723.6259602670325,0.00850616069318188,0.06459161229229521,0.007786121097098288,20.856199589801093,True,OK,2
1.3365281483932867,0.002888463157695741,0.5000000049999993,0.08340550154630116,-100000.0,-99953.45295077805,0.3342120695286811,0.9645937035317568,0.06805688771734374,32.05252090023072,False,lambda2 edge (-99953.45),2
1.4112031641400022,0.0044048252919920506,0.5000000049999993,0.08340550154630116,-100000.0,-99893.61053500991,0.34759589655510215,0.9645937035317568,0.06805688771734374,32.05252090023072,False,lambda2 edge (-99893.61),2
1.4106214314677452,0.0023565720617315616,0.15695347928017878,0.02796137188932097,476.88888154381164,1745.641249625345,0.053243265575087684,0.10699271483050952,0.02209617524367115,50.39222457093023,True,OK,2
1.3648368086814366,0.0024164693886807947,0.5000000049999993,0.08340550154630116,-100000.0,-99435.79606767179,0.3374252605845826,0.9645937035317568,0.06805688771734374,32.05252090023072,False,lambda2 edge (-99435.80),2
1.4203862051159948,0.004403707842885463,0.09045469114249642,0.02006052696385084,459.6970029996603,5920.630251603993,0.044937391572761214,0.05797081330131604,0.013566435428138221,32.86276510441573,True,OK,2
1.38077937641526,0.0016152780332811117,0.27412182012604797,0.07918591158821406,473.2701543858735,2452.0829765418057,0.15434879971715468,0.08934624829756561,0.04214607229653351,43.0385453859818,True,OK,2
1.3373324725995162,0.0038570642610955093,0.5000000049999993,0.08340550154630116,-100000.0,-99981.75435697792,0.3342547293876023,0.9645937035317568,0.06805688771734374,32.05252090023072,False,lambda2 edge (-99981.75),2
1.4533137526847821,0.0009737513593435624,0.10771326015491874,0.02771215068674409,461.37227015921513,5326.29862885057,0.039910503225254884,0.06009868516564226,0.016716768841785464,35.258801753888896,True,OK,2
1.3033117713910356,0.0031749514869040332,0.5000000049999993,0.08340550154630116,-100000.0,-99962.62693182992,0.3334846570857316,0.9645937035317568,0.06805688771734374,32.05252090023072,False,lambda2 edge (-99962.63),2
1.3192346488385396,0.004210988857053536,0.22999672143523772,0.015925132704588466,494.9249913021357,507.226575607692,0.07889865854831579,0.20471732535260898,0.027096155105770584,50.3226134395244,True,OK,2
1.3520669347848149,0.001147423698370142,0.1588375906170751,0.012435439671914683,483.385064214333,1068.540520156881,0.05312471416383885,0.1377029513689611,0.018889116387281274,48.28813026089855,True,OK,2
1.47419409449749,0.0012448927523087518,0.5000000049999993,0.08340550154630116,-100000.0,-99902.0743326373,0.37045958159861714,0.9645937035317568,0.06805688771734374,32.05252090023072,False,lambda2 edge (-99902.07),2
1.3469440164675872,0.001191260278364264,0.30774122101031126,0.056310064180287375,493.60793026569144,601.2241334502412,0.15099639835683157,0.1837332964202303,0.04405604643836467,50.03632324354276,True,OK,2
1.313098012733071,0.0005951660735139802,0.5000000049999993,0.08340550154630116,-100000.0,-99653.51018904005,0.3333960926772461,0.9645937035317568,0.06805688771734374,32.05252090023072,False,lambda2 edge (-99653.51),2
1.3010790818328521,0.0012858866192113371,0.24443042244011942,0.016473061998738506,496.9194768737888,447.48704626873666,0.09206823597548847,0.2200218203151435,0.028743125509923778,49.27291484750852,True,OK,2
1.3006763865254352,0.003160147172499371,0.5000000049999993,0.08340550154630116,-100000.0,-99962.62693182992,0.33356914301034424,0.9645937035317568,0.06805688771734374,32.05252090023072,False,lambda2 edge (-99962.63),2
1.4261429053599013,0.002271337055744127,0.11832399494148758,0.017160430997387916,471.4911719439525,2479.262415182012,0.03142934596860206,0.08934624829756561,0.015888106354529873,42.86429252398144,True,OK,2
1.35359821939041,0.002770368066600036,0.27953117599058186,0.04719564488559311,492.9266159457151,618.3232795579183,0.1252889541370002,0.1837332964202303,0.03935062079886045,52.20646067496051,True,OK,2
1.4650009884469217,0.004330092320699927,0.5000000049999993,0.08340550154630116,-100000.0,-99981.75435697792,0.3664985529127541,0.9645937035317568,0.06805688771734374,32.05252090023072,False,lambda2 edge (-99981.75),2
1.2986950124025585,0.0013167428431843584,0.5000000049999993,0.08340550154630116,-100000.0,-99222.13936503678,0.3336762150922153,0.9645937035317568,0.06805688771734374,32.05252090023072,False,lambda2 edge (-99222.14),2
1.3373489742208793,0.0016222440912449533,0.24129147366404832,0.023770972339164052,494.6277469500369,529.0142779106648,0.08427298619347481,0.19746904303898868,0.030372437918116765,52.27056846633557,True,OK,2
1.4042465303485545,0.0023731809156643654,0.14204204162067854,0.01573219970303232,478.4730384889176,1513.0559699782075,0.03591972721833471,0.11499140015101728,0.018008436173518026,47.942428794318424,True,OK,2
1.2998508239855189,0.002181263623068072,0.5000000049999993,0.08340550154630116,-100000.0,-99435.79606767179,0.3336157653084077,0.9645937035317568,0.06805688771734374,32.05252090023072,False,lambda2 edge (-99435.80),2
1.3947505897435275,0.000957523563066722,0.10908043836954408,0.00914018371960994,472.45447325659234,2237.050508525382,0.03407948135481818,0.09602569863053698,0.013080716785148987,37.51970652206541,True,OK,2
1.456691710757712,0.0007338283990929691,0.0782867520049536,0.008126780035412253,462.53501592597,4557.267652705482,0.015098712584353762,0.06459161229229521,0.009806410271540776,29.341841756465904,True,OK,2
1.4749683738036123,0.0009460091371094397,0.062348308606766295,0.0072074484920270285,456.0342271291569,7375.256008719338,0.011404214701630977,0.052028662477231744,0.008024151782499966,24.53869558669964,True,OK,2
1.4587149903195504,0.0045619391476742766,0.08555930583937697,0.013477217272701434,462.1851836927338,4807.911930402946,0.02216025464361385,0.06459161229229521,0.01176147328075242,33.004186741999845,True,OK,2
1.4859141361173185,0.004109116461231172,0.05323063157536909,0.005991467136928361,452.10660134228357,9872.88883288198,0.008787754000337687,0.0434474983053278,0.006835774025583128,21.35078709547954,True,OK,2
1.4458955081542657,0.0033911747419799647,0.15759503556618668,0.04603832671283489,466.5693482136472,3758.5047850060164,0.07516539204939424,0.07196856730011514,0.024910526635507756,40.61791556837893,True,OK,2
1.4457992709156258,0.001105484937859162,0.08998996475712992,0.011172964575369124,465.2746984754801,3790.4965012209504,0.01955679681472005,0.07196856730011514,0.011692155878145505,34.093994700264325,True,OK,2
1.3972136071895274,0.0028140029158568655,0.15697538531352564,0.024378931235377224,478.50304314828367,1548.2716761916931,0.049012633473523685,0.11499140015101728,0.02142350188992,51.0910123076755,True,OK,2
1.4615144288245114,0.002582597145170822,0.06760255378958512,0.004618259364276013,460.1063642585767,5296.92886714194,0.00928087057002552,0.06009868516564226,0.007847106305780099,22.600582102574826,True,OK,2
1.3670178992200708,0.0033780347205669956,0.2033545461917553,0.03907116693517754,482.47941904978325,1215.8905350195803,0.08180158607727302,0.1281244735501072,0.029176495599175487,54.3336952198958,True,OK,2
1.3432926635001692,0.001128957849292806,0.5000000049999993,0.08340550154630116,-100000.0,-99902.0743326373,0.334791829518199,0.9645937035317568,0.06805688771734374,32.05252090023072,False,lambda2 edge (-99902.07),2
1.3855754548047492,0.0023760021586769825,0.1919211302676888,0.03682788163642807,481.0303671018969,1336.2313170550947,0.07363765633085004,0.12358806045475453,0.02751228928158722,53.70716092917311,True,OK,2
1.3365139881057748,0.002153803145518076,0.1634787403683446,0.012183243280127792,484.4119023991092,996.0952945702683,0.06353528927445547,0.14275746447937215,0.019286527591588207,48.46378217686692,True,OK,2
1.3632784899652495,0.001973730039856455,0.5000000049999993,0.08340550154630116,-100000.0,-99799.72888545672,0.3371949291070824,0.9645937035317568,0.06805688771734374,32.05252090023072,False,lambda2 edge (-99799.73),2
1.3658928159453858,0.003585845054551755,0.5000000049999993,0.08340550154630116,-100000.0,-99925.35274635708,0.3375713447413876,0.9645937035317568,0.06805688771734374,32.05252090023072,False,lambda2 edge (-99925.35),2
1.349375294914257,0.004769860670219032,0.28752683303310145,0.05726412900267196,489.9313062610542,763.9020954078056,0.13997782864693822,0.16490018202073972,0.0417254998610958,51.89590668808362,True,OK,2
1.4732696039076356,0.002664096927350354,0.05802473641366513,0.004419129546742628,455.7986929823065,7314.058497640534,0.007749455287802242,0.052028662477231744,0.006878524873063093,20.473386616396493,True,OK,2
1.3556722410009379,0.0029094565542350146,0.0915954039852051,0.02830059469467009,453.2294052328087,9890.02415296716,0.12039162388475397,0.0434474983053278,0.01506656627108349,28.33570378018452,True,OK,2
1.4597120977547249,0.0034366430325204595,0.06750549729730516,0.003406262668346657,460.6899684499232,4990.094589319511,0.008066550088745936,0.06230466251811238,0.007482916068693945,19.711065581993715,True,OK,2
1.4508783655894155,0.002897250242295831,0.07189640257639947,0.0031555843120486243,462.5820902354836,4318.951864407939,0.008378329206265186,0.06696250665518527,0.007819003068235535,19.507571938256245,True,OK,2
1.4165835258535242,0.0017967002638210779,0.13211280392497246,0.026404258274717023,470.8209027305021,2666.7384275133745,0.04394136438703504,0.0861828285420169,0.019128218973351548,44.526463099674665,True,OK,2
1.4369786324620581,0.0014108206690657326,0.10987205469667113,0.02436424745193891,464.5642143704493,4173.859228169976,0.03645594287679119,0.06942042686989255,0.016385499441450926,37.99973763849653,True,OK,2
1.4289596257636996,0.004373235807466524,0.5000000049999993,0.08340550154630116,-100000.0,-99968.6117744269,0.3530414229910066,0.9645937035317568,0.06805688771734374,32.05252090023072,False,lambda2 edge (-99968.61),2
1.3164205674603089,0.0032647088324386396,0.5000000049999993,0.08340550154630116,-100000.0,-99962.62693182992,0.33337351741008686,0.9645937035317568,0.06805688771734374,32.05252090023072,False,lambda2 edge (-99962.63),2
1.3090191496459869,0.0037657203272214216,0.23830006335682874,0.016279525998082703,496.07544610391477,471.85787564360896,0.08624066242962196,0.21223166251558342,0.028055379058479487,49.773639850773655,True,OK,2
1.306898643764704,0.004711729202152818,0.2837217086290022,0.03704585453221078,497.0866283755718,465.38021750518254,0.12421786472356877,0.21223166251558342,0.038045535799488606,50.18125987710951,True,OK,2
1.3174815860075604,0.004814961106590862,0.5000000049999993,0.08340550154630116,-100000.0,-99953.77532375239,0.3333619056746157,0.9645937035317568,0.06805688771734374,32.05252090023072,False,lambda2 edge (-99953.78),2
1.4501768352170195,0.0031715690200985937,0.0760847557528376,0.0049012233927145975,463.4086024819074,4159.076277659289,0.010652109685782165,0.06942042686989255,0.008736371688677337,24.695983108861682,True,OK,2
1.4465248209259094,0.004078016775423887,0.09498487029238019,0.01874561192072154,462.52987354880827,4775.029612004073,0.027718528093701515,0.06459161229229521,0.013792135070813063,35.083403868685245,True,OK,2
1.479205412563466,0.0016402250922763425,0.5000000049999993,0.08340550154630116,-100000.0,-99838.60797041976,0.37266627818562403,0.9645937035317568,0.06805688771734374,32.05252090023072,False,lambda2 edge (-99838.61),2
1.4080151790716617,0.0009277213890398056,0.5000000049999993,0.08340550154630116,-100000.0,-99430.02924535614,0.34676007043023754,0.9645937035317568,0.06805688771734374,32.05252090023072,False,lambda2 edge (-99430.03),2
1.4132331400048244,0.0012708108684175497,0.5000000049999993,0.08340550154630116,-100000.0,-99777.4190377429,0.34822579612608273,0.9645937035317568,0.06805688771734374,32.05252090023072,False,lambda2 edge (-99777.42),2
1.4029901222944883,0.003075937313152324,0.1454214947301566,0.06752131921918865,431.8930175994643,59647.950645166115,0.12993101228425932,0.01764311815044419,0.025606871244479808,16.129567117203177,True,OK,2
1.3831970305962455,0.0028518429898090527,0.5000000049999993,0.08340550154630116,-100000.0,-99873.45814454778,0.34074077873555053,0.9645937035317568,0.06805688771734374,32.05252090023072,False,lambda2 edge (-99873.46),2
1.4427846780013176,0.004096601224304301,0.08492161012833943,0.006647376372396877,465.82875653643566,3540.036001902311,0.013817179176466018,0.07461023956159979,0.010067983063026885,29.369198985562015,True,OK,2
1.388430643115086,0.0031981704868517557,0.5000000049999993,0.08340550154630116,-100000.0,-99956.84642952774,0.34185709523988206,0.9645937035317568,0.06805688771734374,32.05252090023072,False,lambda2 edge (-99956.85),2
1.4762472471380204,0.0010388011482550528,0.06422022623193314,0.009135997750320413,455.5477428039776,7753.330253187443,0.013596480296156836,0.05018652022871682,0.008668247226135496,25.889077255869374,True,OK,2
1.3134207131800222,0.0008946905535984579,0.2371974495702885,0.017541426410532066,495.6153443047381,487.9540736538266,0.0851228669218466,0.20471732535260898,0.028303689268065212,50.46609717133875,True,OK,2
1.4215726570081055,0.0023837373535567077,0.12407132857088501,0.024310868720002973,469.4849406978227,2919.7812717649226,0.039774335172660456,0.0831314137641865,0.017889914519296404,42.88607683533406,True,OK,2
1.4448642832283687,0.003520541359888667,0.08054861229691121,0.005610395407123639,464.7458694802816,3797.1307784478654,0.012054722294438878,0.07196856730011514,0.009363185851657125,26.865369132157902,True,OK,2
1.3567275516656476,0.004542649463126911,0.40123839865805416,0.10478621390690482,427.41114567692756,100000.0,0.2659548671754137,0.9645937035317568,0.05783746519977146,14.129752748085913,False,lambda2 edge (100000.00),2
1.4425064294141305,0.001717407234095791,0.0990332520169571,0.004419280866870696,471.331193052011,2331.420059205781,0.02208630009909192,0.09262578427625402,0.010773070777937132,27.151671088810556,True,OK,2
1.3628384035544108,0.0019149799109191832,0.5000000049999993,0.08340550154630116,-100000.0,-99957.65534011151,0.33713008778794257,0.9645937035317568,0.06805688771734374,32.05252090023072,False,lambda2 edge (-99957.66),2
1.321522329725,0.0011650251764398624,0.23951239626818913,0.021878246642044262,494.86739917164095,518.4014464858321,0.08672507120520276,0.19746904303898868,0.029710617987633223,51.872010471581426,True,OK,2
1.477225492675149,0.00247056816739439,0.05075502716651994,0.0015872838699478595,453.70252426903613,8130.421544272491,0.004851341078885414,0.04840960141478949,0.005333036156748024,11.350960709410755,True,OK,2
1.366663964555482,0.003783585689048201,0.17450037421377879,0.012804736036618275,486.38515952811946,875.3541247569876,0.04557985159792292,0.15342989238563604,0.02056178285890363,49.639426513756874,True,OK,2
1.40059861305058,0.00471262994077308,0.15293042351148237,0.023643213464742956,477.841418523583,1617.6995710654603,0.0469588075856735,0.11091998054597198,0.02084431981734301,50.441111183838935,True,OK,2
1.4460602987818785,0.002657163038560432,0.0725829626342508,0.002886274427494483,462.957953774883,4181.021444714476,0.009473525519596028,0.06942042686989255,0.007798345947231016,18.64778793071789,True,OK,2
1.3652718946961653,0.004939841952159449,0.18780490421829638,0.022882854560527688,485.72120530206365,945.2540784596406,0.05995457487946827,0.14799750812873955,0.02441464544653719,54.26501556959071,True,OK,2
1.4335520472007288,0.004780375970017285,0.0811131327766944,0.0033529159002550603,465.9265241007261,3390.191902156868,0.01289720478035259,0.07734887682598612,0.008747736667262548,21.322571036536406,True,OK,2
1.3136957154434084,0.004327401556358522,0.5000000049999993,0.08340550154630116,-100000.0,-99969.10147745625,0.33333654911857635,0.9645937035317568,0.06805688771734374,32.05252090023072,False,lambda2 edge (-99969.10),2
1.4174147767982415,0.0010486475525080066,0.11616532568372961,0.01083916626717148,473.755604781675,2059.48037772675,0.02431661934336679,0.09955040995908344,0.014215293655836552,40.486749816783785,True,OK,2
1.4076515999938441,0.00358743364297452,0.14582846948138098,0.01911581155046248,478.0295218642349,1577.2509001635065,0.040657987087358544,0.11499140015101728,0.019159205411577437,49.247853384271316,True,OK,2
1.2924605371777207,0.0025444308282878596,0.5000000049999993,0.08340550154630116,-100000.0,-99873.45814454778,0.333975165906136,0.9645937035317568,0.06805688771734374,32.05252090023072,False,lambda2 edge (-99873.46),2
1.4550799022392642,0.0018291156140484047,0.06882759151456241,0.0056667936513856414,460.03865928243647,5382.074247888375,0.01148645378675312,0.06009868516564226,0.008253672527648373,24.561231172121687,True,OK,2
1.3817096163597102,0.0024904135718055195,0.1445116911356648,0.010423761549782275,480.9479897208583,1248.661250770178,0.034726866237851324,0.1281244735501072,0.01691641165306592,44.873888187058945,True,OK,2
1.4603854782884982,4.600365288026216e-05,0.06533860678916699,0.0028403714405528645,460.0351331970665,5189.8926504004985,0.007114885679020092,0.06230466251811238,0.007104216772415909,17.65692705383242,True,OK,3
1.5562588070863033,6.418832138809415e-06,0.023853805611827112,0.002136730862287429,433.2607909251814,42807.63841423892,0.007292156225249068,0.020379693664579288,0.0029849804052347897,10.887955571129037,True,OK,3
1.5994069315675148,4.4080801191079516e-05,0.01148916038692118,2.4763407171000766e-06,313.88399300242133,100000.0,0.00013375819418901918,0.011447441026802778,0.001140186598753078,2661310.51400895,False,lambda2 edge (100000.00),3
1.4567816875728077,4.200793240338597e-05,0.0854116785367386,0.012465160380439705,462.7652039035319,4585.936520177478,0.02105823933169539,0.06459161229229521,0.011526779138378159,32.95064273687599,True,OK,3
1.4212839063742766,4.9956131793237694e-05,0.09304790046764203,0.01591979100678162,463.60227499994517,4370.455391547416,0.03454143342753117,0.06696250665518527,0.013033395847467292,35.200923487411195,True,OK,3
1.5331369472213074,3.285612576238105e-05,0.5000000049999993,0.08340550154630116,-100000.0,-85180.94369860878,0.39971338988930777,0.9645937035317568,0.06805688771734374,32.05252090023072,False,Mode at edge,3
1.4180881453968264,4.495463654593464e-05,0.14021410752525096,0.021880219410806534,475.396164683459,1908.8167241589294,0.04256945294910051,0.10320449904927852,0.019142193036797633,47.993075992403,True,OK,3
1.4057999006408939,1.2800574844016207e-05,0.13769548686237149,0.015637900069200166,477.4464727067659,1623.7510586366527,0.034601762899335774,0.11091998054597198,0.017541499145486816,47.13732429552882,True,OK,3
1.428604375033327,3.906162909391871e-05,0.1008377776396287,0.009557354250035038,469.7804114970849,2712.7944204678015,0.01973976883619917,0.0861828285420169,0.01237686155456703,36.059214636120025,True,OK,3
1.4396408454425795,4.562127312941338e-05,0.0868245230824627,0.0071632226865636466,466.2515277100202,3446.39306585751,0.014729894295371032,0.07461023956159979,0.010389919511645645,30.454082303804153,True,OK,3
1.531253807865498,2.771972814240115e-06,0.027417529182637224,0.0008564840929410907,438.24494885933797,26883.75269702055,0.0016572569333568252,0.026229299537389037,0.0029085806568314213,6.777756378029466,True,OK,3
1.40108596682574,3.5312379337055476e-06,0.1382032013574952,0.015034644281265924,477.8128346204107,1579.6543867442533,0.034298119947972064,0.11499140015101728,0.017451883121643665,47.04006228083186,True,OK,3
1.5211850355295455,4.027260873211135e-05,0.5000000049999993,0.08340550154630116,-100000.0,100000.0,0.39324702172211246,0.9645937035317568,0.06805688771734374,32.05252090023072,False,lambda2 edge (100000.00),3
1.4477105641254777,4.262103330323058e-05,0.07003194849187488,0.007185355279901966,459.6424006832625,5615.010623191254,0.01789955846082481,0.05797081330131604,0.008765621532936927,26.498322861561768,True,OK,3
1.411446388030652,4.024722882844214e-05,0.1912410999092409,0.05044779111092538,473.6713728403397,2276.3816445461975,0.08790700011801332,0.09262578427625402,0.029374713877952176,47.430665425173665,True,OK,3
1.5855590860344562,3.8833311556114646e-05,0.021586101159067964,0.004058078720166804,427.00160680338143,75794.21072976135,0.014382721523864559,0.01527400868696812,0.0032946002713503657,12.609190300576676,True,OK,3
1.5396241567957274,4.206103071411377e-05,0.5000000049999993,0.08340550154630116,-100000.0,100000.0,0.4033278965847875,0.9645937035317568,0.06805688771734374,32.05252090023072,False,lambda2 edge (100000.00),3
1.4080302599094132,1.0887323425233716e-05,0.5000000049999993,0.08340550154630116,-100000.0,-85180.94369860878,0.3467785947447641,0.9645937035317568,0.06805688771734374,32.05252090023072,False,Mode at edge,3
1.4249847358611285,2.5722018519456343e-05,0.11248455715627938,0.01218838345590367,472.11756458571216,2326.9058557900453,0.02505672680846585,0.09262578427625402,0.014178515025691089,40.445414679557935,True,OK,3
1.549037625665769,3.187058038424354e-05,0.02698844830645653,0.0015983622631758516,437.1787418415653,30373.14741554886,0.013799138524191512,0.024404816029045106,0.0031156964203849337,9.793684610972958,True,OK,3
1.570226219952387,8.605436629613455e-06,0.02615352221581174,0.0082801862578503,424.29878314066616,100000.0,0.013076580614948609,0.013223022108691375,0.004720391605657226,13.797040001821417,False,lambda2 edge (100000.00),3
1.5469242183870324,1.0459033052576302e-05,0.02397980252756501,0.0029742803213656356,432.1261549855999,47986.447121297475,0.007580601827450501,0.019658124188759216,0.003236274684899308,12.241819074285116,True,OK,3
1.45415175026356,3.578533016678389e-05,0.12492869413254798,0.033178532126293736,464.1738379438257,4378.59727785703,0.05235206549846967,0.06696250665518527,0.019450523179416916,38.25854801870679,True,OK,3
1.5960409569797365,3.096563669287641e-05,0.01195878423257635,2.47816042109626e-06,340.5834684664555,100000.0,0.00014498563468025167,0.011867629847560866,0.0011697198173196237,2450379.1968073966,False,lambda2 edge (100000.00),3
1.410900062998259,3.119913952644911e-05,0.14679794005710337,0.02117355568120192,477.3996317664907,1657.2059870520536,0.04336760948089027,0.11091998054597198,0.019694464654316166,49.46168003026374,True,OK,3
1.4084701103160333,4.432313985697405e-05,0.15114194003893738,0.023836002562453298,477.3143789117786,1678.632919147538,0.047041006963849046,0.11091998054597198,0.020692719362629886,50.062781896130744,True,OK,3
1.5419156570201242,9.48326447470266e-06,0.03454060021547789,0.01026461704468835,431.79772446657563,52913.88671077001,0.015098010470044323,0.018290724981767724,0.005969226730948477,16.023987699324728,True,OK,3
1.4183442011648395,9.99312821513563e-06,0.13235782111411573,0.020376905229446556,473.9732906179586,2100.4561742475676,0.038216971566674994,0.09602569863053698,0.018013624988142428,46.29509794452845,True,OK,3
1.5960054359108387,2.3469471480466006e-05,0.5000000049999993,0.08340550154630116,-100000.0,100000.0,0.43754539338735093,0.9645937035317568,0.06805688771734374,32.05252090023072,False,lambda2 edge (100000.00),3
1.5568161896682817,3.2184008763281064e-05,0.02408892717184168,0.006738997222301186,424.75678162542096,94914.77498848965,0.02332065350931998,0.013708385261355807,0.0041790983003716165,13.514075380197044,False,lambda2 edge (94914.77),3
1.5144826299917276,8.111382478587436e-06,0.09770113229154567,0.045353594884475434,433.4318857228328,50615.76238956882,0.05500124814246723,0.018962102815722463,0.017958143135302314,17.282151585651327,True,OK,3
1.5892048907116192,1.576578899322118e-05,0.018247976511961483,0.003025280347874474,424.1487296876754,95662.94219223886,0.00743513634477235,0.013708385261355807,0.0027029849218456075,11.272009662683109,False,lambda2 edge (95662.94),3
1.5156034431615084,3.528902128486424e-05,0.048114177941854484,0.018079507980782894,433.0779134451541,49081.63012856512,0.03343713160371185,0.019658124188759216,0.008806911021130405,17.18403928730293,True,OK,3
1.5298466310490617,4.7089126075080405e-05,0.5000000049999993,0.08340550154630116,-100000.0,-85180.94369860878,0.3979077284061071,0.9645937035317568,0.06805688771734374,32.05252090023072,False,Mode at edge,3
1.4296877979840115,2.5909284183900166e-05,0.09746293193933941,0.007808373852388001,469.5082378105076,2736.5150150779896,0.01733181022563962,0.0861828285420169,0.011594304511806368,33.56881674953038,True,OK,3
1.4808068781481531,2.423426774464829e-05,0.06765363790032529,0.009935406277224435,456.65846147085256,7157.415264154006,0.01847969011210508,0.052028662477231744,0.009190584588070266,27.096409839139138,True,OK,3
1.4238435052395488,7.570635883765502e-06,0.11735198038574221,0.01949969207264874,469.9944458724504,2778.923546654478,0.03329736247746909,0.0831314137641865,0.016266721694876453,42.298761449349655,True,OK,3
1.4556151091562515,1.5930525584280736e-05,0.07768712937932143,0.0077177897697820325,462.53090874457445,4546.016665309964,0.014270175194865939,0.06459161229229521,0.009645192915647985,28.86558806675894,True,OK,3
1.4855806427362699,3.093838980479479e-05,0.04723788095841409,0.0019707808533784284,451.60082243341867,9673.514935005922,0.004397498234534658,0.0450422785741285,0.005131783159103502,12.712067745889188,True,OK,3
1.5269258234836527,2.1178733932692943e-05,0.031118465867148136,0.009075120611857727,429.7904842130799,62368.16392002011,0.03411450974906738,0.01701844067858532,0.005381596227608455,15.240438667001948,True,OK,3
1.4817566218857394,1.1663797808151138e-05,0.09230265836243613,0.03402418460671426,447.35295879838446,15854.461887706904,0.04262636069995851,0.03499703977938398,0.01596946035062724,24.333810477963734,True,OK,3
1.5176612496818016,1.653500465454466e-05,0.043234359791411374,0.003817129069215417,447.81428585388693,13478.749229866415,0.0188921552090272,0.03761338902136763,0.005302469817265766,16.778496171875055,True,OK,3
1.4072119668554726,2.1501602163686162e-05,0.3274439757275403,0.10802899629082968,426.9386566105876,100000.0,0.21526419855544116,0.013223022108691375,0.0495307998638398,13.095776402261338,False,lambda2 edge (100000.00),3
1.494826535018034,1.205405054200634e-05,0.061329225143747626,0.015924337897855453,447.6597552274783,14768.43254661628,0.01968832623133498,0.0362816382185018,0.009785816830440146,23.587530929382417,True,OK,3
1.514491586624423,2.8722823121164128e-05,0.04571564172759904,0.016746986191924502,432.82257153072175,49923.12920574631,0.03494379463775709,0.018962102815722463,0.008328045859062692,17.028335851074257,True,OK,3
1.5404004362220742,3.274947562785929e-05,0.03552871481189948,0.006438066061091751,438.97958234385584,28263.592139691504,0.013940442668288497,0.025300617181813888,0.005228173348826017,16.911842678635992,True,OK,3
1.5304866113042064,1.6494493439378114e-05,0.5000000049999993,0.08340550154630116,-100000.0,-85180.94369860878,0.3982578288915321,0.9645937035317568,0.06805688771734374,32.05252090023072,False,Mode at edge,3
1.5574864443971908,2.7908074796384294e-05,0.5000000049999993,0.08340550154630116,-100000.0,6867.760954053749,0.41364351098825974,0.9645937035317568,0.06805688771734374,32.05252090023072,False,Mode at edge,3
1.486283639035978,3.16746115661118e-05,0.05345495446499576,0.0069406543011534955,451.4513889473541,10471.122855663694,0.009826835476480871,0.0434474983053278,0.007093534699288775,22.018132153722746,True,OK,3
1.472131466890051,2.6124222985731157e-05,0.09111501900690114,0.03045423317474697,450.7388206608163,12057.092242286255,0.03900612735116721,0.04042533433088099,0.015336296234370175,26.56787327903647,True,OK,3
1.547341137696444,4.443374144946168e-05,0.0219055952570319,0.0010150988982856018,432.5413367455433,43660.675403218775,0.004163627927054327,0.020379693664579288,0.002448774408947917,7.388207199809201,True,OK,3
1.5842114394590383,2.5678013333971863e-05,0.015250477785317136,0.0012784343945261398,423.09588120069384,100000.0,0.0023401500074195798,0.013223022108691375,0.0019099348509317793,8.050345642253005,False,lambda2 edge (100000.00),3
1.5040550229481138,4.0193650127427987e-05,0.03655233178139343,0.002151483301467888,444.62222048578934,16842.512429861956,0.007024948791383127,0.033757924213444215,0.004186656162493548,12.31319553244073,True,OK,3
1.4628901383488402,4.2031735754908365e-05,0.5000000049999993,0.08340550154630116,-100000.0,-85180.94369860878,0.3656899229165772,0.9645937035317568,0.06805688771734374,32.05252090023072,False,Mode at edge,3
1.4988283293034848,6.676979492428152e-06,0.042215696658133,0.006345355585989086,444.6221769682943,17862.318714479195,0.01358342408707921,0.03256268114059059,0.005856407901405642,18.730068198729445,True,OK,3
1.4144118294145887,4.225766734093369e-05,0.1132886723973422,0.007377654111147276,474.32793081767164,1938.1122293706903,0.020313385179774008,0.10320449904927852,0.013013167350487052,36.02843752721632,True,OK,3
1.4111135833813755,1.4749960370549142e-05,0.13292107759678404,0.015696816056464183,476.2123855946889,1769.4331506151282,0.033448040456050196,0.10699271483050952,0.01706572216574173,46.219829660927886,True,OK,3
1.466826008100309,9.476727814388097e-06,0.05685888034091984,0.004162925126831869,455.3803276808592,7527.089008730898,0.0109909476168781,0.05018652022871682,0.0066957217645949195,19.805860292186658,True,OK,3
1.4627786739603978,3.73919357695292e-05,0.062487919067589374,0.0026389272879990635,458.88610761600717,5634.434942323239,0.006603487388380919,0.05797081330131604,0.006773150014580447,16.635643407856417,True,OK,3
1.402936568712014,4.153149780151364e-05,0.17283893323007715,0.037671340144522655,476.1205450490505,1877.1524244602058,0.0676240834519627,0.10320449904927852,0.02548801248076196,50.20985800500081,True,OK,3
1.5713096047149118,1.924081708638586e-05,0.01797435054256848,0.0006239944700904368,428.15703679271036,61783.878687902856,0.005153577364111225,0.01701844067858532,0.001944673423922496,5.469382884231374,True,OK,3
1.4307225798121268,3.0441179989308965e-05,0.12439023637308846,0.0270687346150217,467.98033035922214,3275.267024758644,0.04266294787746685,0.07734887682598612,0.018411143811287046,41.733197794329946,True,OK,3
1.4239345111729789,1.8881048692834376e-05,0.1366952750917952,0.026446737968180322,472.16230628799025,2424.2142726753327,0.04583875388355359,0.08934624829756561,0.01963028114667788,45.861707968220635,True,OK,3
1.5916858361801947,4.977775915659822e-05,0.012596061683614185,2.4803124293232336e-06,378.52383604057303,100000.0,0.00016032921269649653,0.012754843867704915,0.0012087264694415213,2202320.0233361,False,lambda2 edge (100000.00),3
1.554420978270917,1.6237113986117546e-05,0.021507936272937452,0.0009167008976340731,432.1963230891296,44701.38831858861,0.002525679333942185,0.020379693664579288,0.0023780296546233085,6.945992433989425,True,OK,3
1.5375330098332185,3.556491190871662e-05,0.033049410110608725,0.006220139577512606,436.9151208537045,33455.616459520876,0.007476067125278842,0.02354073187746785,0.004935152488736713,16.178186714300352,True,OK,3
1.4775683390327299,3.240354309472181e-05,0.061481992763744824,0.007811034903352564,455.15219370106416,7923.139565162796,0.011897717610246224,0.05018652022871682,0.008086897507251813,24.63742818468252,True,OK,3
1.4021455289951352,1.1243825271509834e-05,0.1480816241080125,0.022772553538564697,477.02034817412164,1708.6139553321905,0.044734339408518946,0.10699271483050952,0.020155846531329586,49.58746792666,True,OK,3
1.5050176605934522,9.023813908656499e-06,0.04083465456472994,0.005490135554801035,444.51206986023595,17877.988682631847,0.008922056417788038,0.03256268114059059,0.005512056324857178,17.960992159112113,True,OK,3
1.4331813735753067,4.197891023696166e-05,0.11856799282757308,0.02421060651096022,467.74153709542804,3309.90545515373,0.038437873858227056,0.07734887682598612,0.01728566356465027,41.12451941139705,True,OK,3
1.5978266005367212,2.8242501973393975e-05,0.011707222042797335,2.4772128455260317e-06,326.1485110421472,100000.0,0.00013907562876454505,0.011867629847560866,0.001153985144523613,2560082.3769739107,False,lambda2 edge (100000.00),3
1.5678139461763427,4.9525761551987356e-05,0.027615198228406586,0.009201725713623644,424.3686452885012,100000.0,0.014918091234285807,0.013223022108691375,0.005059314481750556,13.974961561226024,False,lambda2 edge (100000.00),3
1.428319177713755,2.2964035049463205e-05,0.1249071431520588,0.025005678877420688,469.35784193939156,2951.537355635245,0.04078158193723013,0.0831314137641865,0.018104939896663112,42.86562270578757,True,OK,3
1.478514543168384,4.922414898663066e-06,0.5000000049999993,0.08340550154630116,-100000.0,-85180.94369860878,0.37238191201041637,0.9645937035317568,0.06805688771734374,32.05252090023072,False,Mode at edge,3
1.5510660345589489,2.225517233880706e-05,0.0212717327237251,0.0005543193947825694,432.24051364979823,43316.18594291639,0.0010295508846827168,0.020379693664579288,0.002226677533603224,5.056439468294825,True,OK,3
1.4938653868380802,8.38297571684877e-06,0.04801519589502298,0.0072271425679681055,447.7995373279034,13971.309481143504,0.010765501674900231,0.0362816382185018,0.0066323858055497295,20.62912818916965,True,OK,3
1.4361853304461736,4.544807748565454e-05,0.10765690076397422,0.013179686928628517,470.19003293988095,2680.7506743181375,0.02640807998824928,0.0861828285420169,0.013925099980119508,39.5738758233028,True,OK,3
1.4089298177948557,1.2409761962241608e-05,0.5000000049999993,0.08340550154630116,-100000.0,-85180.94369860878,0.3470270537681094,0.9645937035317568,0.06805688771734374,32.05252090023072,False,Mode at edge,3
1.4584118660629057,2.5019679577677737e-05,0.06527329604932394,0.0034596552489757583,459.7128948808004,5372.24217609089,0.008205120798772446,0.06009868516564226,0.0072884392345414425,19.54980998231863,True,OK,3
1.5172890346029593,2.5171208816682665e-05,0.0350357462850948,0.0031305036628230575,442.5439761669844,20315.027370375377,0.004358182160232573,0.030297654022966563,0.004331260701980615,14.284855422234541,True,OK,3
1.4168230669113764,1.2939705248729966e-05,0.11729292946262598,0.01318514767152405,473.060086608486,2186.1245572944085,0.02700366616514137,0.09602569863053698,0.014897801953358259,41.998040103379594,True,OK,3
1.5687176769525082,3.22418463234445e-05,0.021588574697507735,0.005361073580750431,424.0508765942084,99678.41313982195,0.0147084294614764,0.013223022108691375,0.003615810014850251,12.883903201999692,False,lambda2 edge (99678.41),3
1.5298298100268548,3.383995951221639e-05,0.04012178672809866,0.015010675755155505,429.3240646815778,66865.21632517259,0.032077901517483055,0.01641588072249212,0.0074436194622366425,15.822013207958461,True,OK,3
1.5525806038079057,3.84731560435092e-06,0.02489355208046241,0.004200553072676394,431.1498185848227,53150.305433312096,0.006484560648965245,0.018290724981767724,0.003649418809915757,13.439173104447626,True,OK,3
1.4733216769865225,2.7436844327822257e-05,0.06391376269319674,0.007844542130104444,456.3515458413466,7232.441810607046,0.012140454651428522,0.052028662477231744,0.008332741805113748,25.32613912771172,True,OK,3
1.4676912966594653,4.237946479107214e-05,0.05746331846269396,0.004633206077471614,455.3761941949165,7572.634696122946,0.010737463522030987,0.05018652022871682,0.006884014477780609,20.717743867608217,True,OK,3
1.4965145017174588,3.866275188350958e-05,0.057205365001635505,0.013770942763402013,447.2086306185923,15178.179308800572,0.01709094200647055,0.03499703977938398,0.00895241528609225,22.94517722245033,True,OK,3
1.5704031033762338,2.573478266227141e-05,0.022960086922189336,0.00625229913321352,424.11442644672843,100000.0,0.013057415394198675,0.013223022108691375,0.003957832105174892,13.237658835473463,False,lambda2 edge (100000.00),3
1.5819104487742701,2.9769073086312053e-05,0.014448743328319953,0.00021866255798258126,423.3133389768434,88841.48174517846,0.00043870279018670124,0.01421156411364079,0.0014599527652005213,3.1386264858185635,True,OK,3
1.5700548597667443,1.768894898398469e-05,0.026505143514234716,0.008502254783574791,424.3162696014598,100000.0,0.013222196739537818,0.013223022108691375,0.004802448870121337,13.843293517303527,False,lambda2 edge (100000.00),3
1.4997633917062971,2.703914100922431e-05,0.049066638576578316,0.010262835795225217,445.33786138134514,17324.61284066736,0.013991414255971134,0.03256268114059059,0.007417646052745358,21.055608419158087,True,OK,3
1.420995943179214,2.0529072828375495e-05,0.5000000049999993,0.08340550154630116,-100000.0,-85180.94369860878,0.35056609498495017,0.9645937035317568,0.06805688771734374,32.05252090023072,False,Mode at edge,3
1.5834675345103353,3.191077977787238e-05,0.5000000049999993,0.08340550154630116,-100000.0,100000.0,0.4295321405866047,0.9645937035317568,0.06805688771734374,32.05252090023072,False,lambda2 edge (100000.00),3
1.4355013164873935,1.7603926144870644e-05,0.14906153164846622,0.04880498318425418,461.2499273818613,5584.959101697958,0.07105402259326152,0.06009868516564226,0.02425981631081725,35.20888707814214,True,OK,3
1.4383206019325399,2.2163334581300546e-06,0.147927109209826,0.05021518394972542,459.5213392426741,6369.8691602287345,0.07210634804578021,0.05591828149906458,0.024289283792271885,33.53359711235903,True,OK,3
1.5854920917008055,2.2962159084586705e-05,0.014623765504405112,0.00046026588971235003,423.47186100545963,91354.08246818776,0.002638827102021027,0.01421156411364079,0.0015712926652122663,4.60159791064742,False,lambda2 edge (91354.08),3
1.461507014484157,3.0325382386329098e-05,0.08594629115861246,0.015764428563457437,460.8237115960144,5367.193591247603,0.024328461932519134,0.06009868516564226,0.012274988559663982,32.78548827005536,True,OK,3
1.4014628912586031,1.4623083223439879e-05,0.30768126066636653,0.07691300308559229,481.7693707509238,1360.5361974138225,0.17668207911902095,0.12358806045475453,0.0461181753619472,47.4449390624114,True,OK,3
1.5406066931397786,3.205471888039389e-05,0.5000000049999993,0.08340550154630116,-100000.0,-85180.94369860878,0.4038817594425212,0.9645937035317568,0.06805688771734374,32.05252090023072,False,Mode at edge,3
1.5963611895085073,3.139752777324416e-05,0.011913260771835767,2.477993373592555e-06,337.94854688812984,100000.0,0.0001438916854544906,0.011867629847560866,0.0011668868319723233,2469697.427639496,False,lambda2 edge (100000.00),3
1.759376468406933,0.00785289306865607,0.007012035142501197,7.89111737155644e-05,-7.602713647563569,1461.6733222158764,3.7308913870180064e-08,0.011447441026802778,0.0013008023845672162,634926.3690348783,True,OK,4
1.8658319679910131,0.007486263520465165,0.0056783514139277305,8.985347828825546e-05,-9.611340933557301,889.6679767283082,2.586608055730945e-06,0.01065116862401253,0.001138339097308693,723876.96514748,True,OK,4
1.8808028058873447,0.008038046536643596,0.00570644853920604,9.853601127069147e-05,-9.84715249987977,762.5395051421083,7.550371649500119e-08,0.01104212953600507,0.001157538208018204,617542.6362551094,True,OK,4
1.8567003595654814,0.002026936640652735,0.0032890914438164207,2.2240987548177494e-05,-8.625133306722367,4440.849754574975,3.5646985768946856e-10,0.005771018229807499,0.0006315781153462579,9709062.990224797,True,OK,4
1.8231033757484467,0.004960798295746318,0.0051267319670269,5.462625537287534e-05,-8.65308675357188,1796.9985779951078,4.771991883633657e-08,0.008894455646328717,0.0009859042721851066,1658032.328196821,True,OK,4
1.7782759506028187,0.006886921685341212,0.006400539410811861,7.135800049799694e-05,-7.958327775599847,1539.250976076897,9.401541409020074e-09,0.01065116862401253,0.0012008717105080505,842393.1546363715,True,OK,4
1.8824537791763922,0.009861202732884624,0.006219062857786818,0.00012215877522151825,-9.960764531826564,595.3808298955379,2.3182136494088887e-07,0.012303242084318801,0.0012692822333927854,408435.55459637655,True,OK,4
1.712057061371976,0.0076037814769412465,0.0076219458795607035,6.592276601099625e-05,-5.794440789842227,2105.531082546301,1.3205612371973599e-09,0.01104212953600507,0.0013490764559982809,591081.2697680778,True,OK,4
1.8274958844838172,0.00411843575181744,0.004696821915861969,4.511108989564114e-05,-8.595695263932884,2198.9732852383363,1.5331205070696172e-10,0.008275766320702958,0.0009011819270837486,2392124.990609077,True,OK,4
1.670967443716055,0.0013685226425714779,0.005029200015786014,2.3784064769794015e-06,54.9606285473005,100000.0,5.350808428520365e-06,0.005179474679231202,0.0006446467859463966,15897862.3916952,False,lambda2 edge (100000.00),4
1.8343357818822945,0.005407297676352153,0.00521411236283138,6.100551014528516e-05,-8.924351481066125,1528.4795067530654,3.6497006096188863e-07,0.009220934797482712,0.0010135928987307344,1402501.0670427727,True,OK,4
1.8863850423737314,0.0051847611057428775,0.004672428145214965,6.273146159099616e-05,-9.709325541791227,1244.540885448409,1.4006613199787984e-06,0.008894455646328717,0.000940824173696135,1479765.938908771,True,OK,4
1.88447924476846,0.00470418401974654,0.004494758341172216,5.6521865271330534e-05,-9.632956883371948,1408.8892090068887,7.165109183464e-08,0.00857953591279118,0.0009016046001923769,1802140.6829675334,True,OK,4
1.8384205376399931,0.0017633734508064886,0.003207424518858836,1.847273211227433e-05,-8.097269476101255,5829.941846838885,3.757173089348442e-09,0.0053695920471667075,0.0006043544620070783,12609946.15270685,True,OK,4
1.7788654275344409,0.00821853808287152,0.006892632472962624,8.653481834004408e-05,-8.14076529351135,1235.0310314683747,9.549323479434446e-09,0.011447441026802778,0.001301241553206349,599244.3305059957,True,OK,4
1.8711754168049721,0.008403247815556885,0.005915281069582026,0.00010206548659061064,-9.742056790047602,757.0537541223547,9.503188507192986e-08,0.011447441026802778,0.0011936018480548953,571209.2560357692,True,OK,4
1.6492426818002934,0.004354321071760608,0.007429209165933831,1.5825339649622546e-05,11.044050105501272,13455.187336385474,5.825808870352225e-11,0.00857953591279118,0.00110314799816487,1400120.3424217992,True,OK,4
1.6521746180784627,0.001983540620031022,0.006205042955223755,2.4194150692502563e-06,87.08357126162952,100000.0,8.570648048083013e-06,0.0064301214836161615,0.0007504769250155053,9862760.240123674,False,lambda2 edge (100000.00),4
1.808826407166871,0.0074193237668052844,0.0062500040992389625,8.194577239113785e-05,-8.682005395891634,1191.0494143591407,6.007203800732162e-07,0.01104212953600507,0.0012034690216595947,748836.4430571736,True,OK,4
1.8334301706879064,0.008789108932500966,0.006438460523999283,0.0001018959864089438,-9.220892029803638,859.4895272382483,2.658500032854351e-07,0.011867629847560866,0.0012678289821275795,536542.1062692957,True,OK,4
1.8248578671191273,0.008207844328959688,0.006345292485463977,9.360634928612004e-05,-9.038856847423238,972.6922285687294,2.983133056672835e-07,0.011447441026802778,0.0012396578606136202,615440.3194163165,True,OK,4
1.6522409274558196,0.0031108163539716877,0.006595592666798587,7.235214006777429e-06,26.69035214343647,31554.393024686324,1.0535559406590713e-08,0.007164500378894349,0.0009132662723396767,3339704.5739071104,True,OK,4
1.7954744433438115,0.00872312774162341,0.006860794233390226,9.52027684918345e-05,-8.546076223665088,1050.2640967821894,6.203019034895559e-08,0.011867629847560866,0.0013143113002468216,541738.5128506557,True,OK,4
1.6411250312349146,0.005631664079047149,0.008361995769335571,2.1928832924364203e-05,9.167458774776293,9560.592339933686,8.903742689695773e-11,0.009559397665277353,0.0012557573417089315,823264.8859541598,True,OK,4
1.8093218498410992,0.001266465602157519,0.0029564904963637266,1.1915076251596937e-05,-6.826393358038504,10601.9241188151,2.940567591393616e-10,0.004483977297545732,0.0005363767282288692,22651543.31175251,True,OK,4
1.740338889388347,0.009060713932453272,0.007727324287743613,8.80675398340209e-05,-7.209926087419368,1374.615470559309,1.4533731603475163e-07,0.012303242084318801,0.0014169818574657855,464496.1870438682,True,OK,4
1.8079032022139645,0.0031389252702453763,0.00433865592908643,3.237147845216025e-05,-7.910782480094873,3417.7382975679257,1.4574595517536109e-06,0.007164500378894349,0.0008125990335249705,3990099.9130232036,True,OK,4
1.853195282407978,0.004132282810685629,0.004491546177023308,4.721971468371711e-05,-9.072244227159224,1917.4158280520876,3.2122285071176593e-06,0.007982752084850246,0.0008783717377068495,2381504.8379437565,True,OK,4
1.8533361677860147,0.00369049286007015,0.004277437477861525,4.189506324615504e-05,-8.9997330642788,2193.8794810031854,1.9770403872122292e-07,0.007700112397901567,0.000833909433602845,2978507.1133779124,True,OK,4
1.7875800627207872,0.004572460609730507,0.005287377481328187,4.661996152669978e-05,-7.775456256064399,2418.0700554785753,2.5346370664521203e-08,0.00857953591279118,0.0009860709005309345,1878276.601554584,True,OK,4
1.7087062626887666,0.008979018059546824,0.008219049941909038,7.889236399693458e-05,-5.965982505581483,1734.8792203598093,5.970968585796797e-07,0.012303242084318801,0.001460356936504545,429674.36939771957,True,OK,4
1.6868984204848727,0.001763304321121868,0.004720382559504669,6.4772753345169005e-06,10.74571448734443,32798.47402961918,2.3018746414390846e-08,0.0053695920471667075,0.0007021365585316298,8513590.376953295,True,OK,4
1.725481734636415,0.0074587523287741085,0.007344962227773647,6.77029771385256e-05,-6.377344785929021,1949.7391422456276,3.1221372130781602e-09,0.01104212953600507,0.001317702713473492,641895.7740578569,True,OK,4
1.8418579014940704,0.009988690330600885,0.006706283102550183,0.00011794020178647556,-9.422409898907553,709.07198900538,7.019277976407648e-08,0.012754843867704915,0.0013327710786435539,414458.2044819998,True,OK,4
1.7140905142527911,0.00467147756018154,0.006229307403802322,3.7386862295229406e-05,-4.727209796292537,4003.8632735348383,1.4966346475224464e-07,0.00857953591279118,0.0010789628219270175,1454144.614617982,True,OK,4
1.6742053195074065,0.006173847366607303,0.5000000049999993,0.08340550154630116,-100000.0,100000.0,0.4917419295231039,0.9645937035317568,0.06805688771734374,32.05252090023072,False,lambda2 edge (100000.00),4
1.8893950093157292,0.007307929091085927,0.005394228990456792,9.009383394988798e-05,-9.913382783901968,819.2388747512796,1.1027405520569532e-07,0.01065116862401253,0.001097825252603954,739593.5244970962,True,OK,4
1.7888032101033429,0.0045313218362961465,0.005254972761968915,4.6290571954895947e-05,-7.79811688770144,2427.705631603683,2.0239183376557112e-07,0.00857953591279118,0.0009807327607505689,1914796.5661032123,True,OK,4
1.8688246900713885,0.005472249365173145,0.0049321818608119685,6.49243311752258e-05,-9.487709011369388,1270.3915097735585,6.736927726715352e-07,0.009220934797482712,0.0009826953684709744,1350828.395100214,True,OK,4
1.6735917283282653,0.004288406168792202,0.5000000049999993,0.08340550154630116,-100000.0,100000.0,0.49131183038969534,0.9645937035317568,0.06805688771734374,32.05252090023072,False,lambda2 edge (100000.00),4
1.6567916672119416,0.0028178113391990342,0.0062630196707180105,6.732768402143864e-06,25.542829950251953,33805.55120016247,1.0449780636721656e-08,0.006666144989411547,0.0008708005314186835,4007894.8716496076,True,OK,4
1.644417195249978,0.005079519248501471,0.007973039760008484,1.9276999481788128e-05,9.852722300819751,10941.033107651941,1.6669531219042646e-08,0.009220934797482712,0.001192288753947072,1017704.2739984783,True,OK,4
1.798635066237949,0.00408963216141017,0.0049389170535963835,4.2307889268879576e-05,-7.944637224244438,2602.0107505572073,3.024577307897231e-07,0.008275766320702958,0.0009261095946531098,2365824.328561814,True,OK,4
1.7450954428763192,0.009632883455601184,0.007855626053632473,9.540045702497336e-05,-7.431294729544179,1235.625018617131,1.3325564335340024e-07,0.012303242084318801,0.0014498126994553547,418015.94371474895,True,OK,4
1.8279907803937288,0.005867709732504562,0.005461676740598826,6.587180012276482e-05,-8.867515882340108,1431.2290495248237,2.052828549237697e-07,0.009559397665277353,0.0010593131776180241,1193379.5019939116,True,OK,4
1.7111352187779563,0.009072971188956957,0.008210765729458823,8.056240532427228e-05,-6.100028498237767,1679.6826229376686,9.608209653415621e-09,0.012303242084318801,0.0014633751266671954,425145.20812986826,True,OK,4
1.6987742792201648,0.003928084574650094,0.006054634250742781,2.740791735001035e-05,-2.7213386251768443,6052.347042512577,5.298687216764496e-08,0.007982752084850246,0.0010146989013460521,1857451.634406171,True,OK,4
1.867266203605737,0.005765878497565652,0.005058744749534672,6.84499571306237e-05,-9.493403412589599,1203.126927008442,1.0830489100753693e-07,0.009559397665277353,0.0010082255561132977,1218407.810477695,True,OK,4
1.8255794873544942,0.006316703147473896,0.005661680351269851,7.097010855252411e-05,-8.87561824394963,1326.1740885658019,3.1506766555535215e-07,0.00991028412302158,0.0010985062740893105,1031777.7308652138,True,OK,4
1.8033598022523738,0.0036944496236334303,0.004688795753613665,3.827125838743138e-05,-7.960949258828441,2869.84017547827,1.7773796849718362e-09,0.007700112397901567,0.0008796586379734926,2896172.2361667794,True,OK,4
1.7003430154066657,0.0039024311245179875,0.006013182047027059,2.748996848650268e-05,-2.868605442607018,5996.690540896546,7.882548973742412e-08,0.007982752084850246,0.001009925328737348,1893228.7986675391,True,OK,4
1.6788603910208555,0.008868829287617268,0.5000000049999993,0.08340550154630116,-100000.0,-57481.107958330154,0.49514500253110666,0.9645937035317568,0.06805688771734374,32.05252090023072,False,Mode at edge,4
1.7108117333125283,0.0060534045497294625,0.006967362526869092,5.0186351038118363e-05,-5.206425246832672,2889.8772677158972,4.888522653617247e-07,0.00991028412302158,0.0012180600429329874,893884.1780859613,True,OK,4
1.8379936062853435,0.008054416984381422,0.006151189173199377,9.352960935121981e-05,-9.240380830928867,932.5379183398558,2.7206059878615083e-07,0.011447441026802778,0.0012122336210807097,637001.386564126,True,OK,4
1.749596564646048,0.005286315777280531,0.006056016584991692,4.9543898966987015e-05,-6.773249610800952,2563.3180316345974,2.2106232796174386e-09,0.009220934797482712,0.0010973286366617895,1313618.2528941284,True,OK,4
1.8886754372337562,0.007071377292811217,0.005324333276725445,8.698490194783371e-05,-9.889103040206278,854.3793117503793,1.6826010519545683e-07,0.010274050189977513,0.0010821992663137892,790992.0099717764,True,OK,4
1.8436596107794705,0.009122985722973088,0.0064281335080789296,0.00010747398052987631,-9.398703151875297,782.6480654413906,1.5910729836864453e-07,0.011867629847560866,0.0012760075387548105,495936.2149019972,True,OK,4
1.8368974590573348,0.0026666141045821085,0.003834727497060287,2.878717757076188e-05,-8.436390646968846,3543.5226214489576,3.3670635808553066e-07,0.006666144989411547,0.0007313005570549693,5626602.830019905,True,OK,4
1.780542683434393,0.0019170474158309038,0.0037291679900364957,1.735998901322387e-05,-6.351908106145931,7622.373158679413,2.834407671114913e-07,0.00556668784743931,0.0006685548584110612,9606143.513411513,True,OK,4
1.8032305316409996,0.009598144853690298,0.007050267467506544,0.00010683846201318111,-8.765966778649592,899.1284282500943,3.5449353198741526e-07,0.012303242084318801,0.001362196051579573,450954.6739732643,True,OK,4
1.7681830160750278,0.0048967524358099045,0.0056503277769988786,4.7939326627043496e-05,-7.2985518370379205,2499.3376382629167,6.7735443629443355e-09,0.008894455646328717,0.0010386725322929057,1589393.2429234916,True,OK,4
1.6489606878545406,0.009637970700962985,0.009844302613396517,6.028825459645251e-05,-0.9431045324582181,2933.2192228835515,5.3152475163592935e-09,0.012754843867704915,0.0016114721271966307,291525.12573098484,True,OK,4
1.6657506710325396,0.0013697118397436225,0.005327382531162328,2.3912977341728344e-06,62.478308769712434,100000.0,8.432455847737162e-06,0.00556668784743931,0.0006723649892587785,13914275.959854245,False,lambda2 edge (100000.00),4
1.7015166528762344,0.0015897739052654419,0.004302583227905427,7.416812832097767e-06,4.785790543085542,26897.023329869575,4.025995474862643e-10,0.005179474679231202,0.0006663121627583624,10123962.084833931,True,OK,4
1.7537794606029404,0.0056447902113140125,0.006171254483920658,5.3981566865677794e-05,-7.017525732596168,2292.16299008673,2.959821515899081e-08,0.009559397665277353,0.0011255347837584844,1173962.1764704122,True,OK,4
1.7181424872571458,0.0014586443431739745,0.003936905963345252,8.291097023081598e-06,0.76269624341641,22339.40022320955,5.519387245162462e-10,0.004819195666798119,0.000632248310450358,12318376.585639933,True,OK,4
1.6679000920623066,0.004460539401909353,0.006980661069443131,2.4021268801631682e-05,1.791873523726296,7888.766645954435,1.0531392224908181e-10,0.00857953591279118,0.0011095691992890077,1301558.3451422963,True,OK,4
1.6551321127066339,0.0072837075304892215,0.008703066691496127,4.305316530956295e-05,0.047873634304615505,4225.503165938036,1.004160503848221e-09,0.01104212953600507,0.0014084349490550163,499768.7703935668,True,OK,4
1.6917551353812028,0.003718644119052747,0.00605033738714202,2.404408568533274e-05,-1.5004343527480464,7223.489324673479,3.304035334185062e-10,0.007700112397901567,0.0009972905993419377,1987719.4344859945,True,OK,4
1.7385314442945243,0.004749486697622332,0.005930395272551934,4.229382454802244e-05,-6.137853732636138,3189.090324793176,1.22048666237452e-07,0.008894455646328717,0.001057854541763019,1550422.493225351,True,OK,4
1.6404151769187,0.002008633338988278,0.0070992303373107555,2.4382564436794556e-06,115.9692795778736,100000.0,2.0076743295992707e-05,0.007164500378894349,0.0008253225151605961,7341347.280921335,False,lambda2 edge (100000.00),4
1.8556911409352195,0.0010110975626071732,0.002452612130642977,1.0475581824250204e-05,-7.975396524805106,10471.285051108604,4.121380575833582e-09,0.004024358605372213,0.0004601794703876999,37738457.25202354,True,OK,4
1.7670418389532188,0.005405518058564873,0.00590306390733624,5.331735879840649e-05,-7.386532996920892,2223.435183923972,4.145431705075453e-07,0.009220934797482712,0.0010879284870130273,1313876.9273461152,True,OK,4
1.7232735402526593,0.004881943181318047,0.006204920799604218,4.1122786410449764e-05,-5.418331929701251,3473.884296303399,5.086716457861597e-08,0.008894455646328717,0.0010894617693932751,1393498.679035709,True,OK,4
1.835145284381646,0.008570833355934608,0.0063499293280053,9.946775651486445e-05,-9.232797779807107,878.2156724858147,1.2152809836878987e-07,0.011447441026802778,0.001251032420529608,563667.94679091,True,OK,4
1.7050871358538124,0.0039024139687095687,0.005936213513074209,2.840860185533549e-05,-3.367153504273439,5673.777929989421,1.0258918168785125e-06,0.007982752084850246,0.0010045768835947426,1935231.1767579485,True,OK,4
1.700620713257083,0.005318770604959586,0.0067821649644751,4.075145549570512e-05,-4.114687134265396,3807.508746136846,5.885012263607624e-07,0.009220934797482712,0.0011618919586080358,1082390.4639559176,True,OK,4
1.8108145894147032,0.003054275879170785,0.5000000049999993,0.08340550154630116,-100000.0,18793.84612454869,0.5994065055702833,0.9645937035317568,0.06805688771734374,32.05252090023072,False,Mode at edge,4
1.7226839355137167,0.009373461558302355,0.008121428955547422,8.69224235705349e-05,-6.641554292098255,1480.562554786795,3.3246892160490825e-08,0.012303242084318801,0.0014666411853981713,415516.27550408815,True,OK,4
1.6521423224617395,0.0051469264471560965,0.007768250599327405,2.3600078289352456e-05,5.174222936745062,8498.778198688746,1.9747498691940168e-09,0.009220934797482712,0.0011993770384877828,966218.011799536,True,OK,4
1.8178895103991943,0.002354086104017267,0.5000000049999993,0.08340550154630116,-100000.0,-57466.74289222602,0.6053054559663635,0.9645937035317568,0.06805688771734374,32.05252090023072,False,Mode at edge,4
1.6518435050013704,0.002243848344746777,0.006228426640146199,2.4200107243455658e-06,87.78984032976592,100000.0,4.616396887961633e-06,0.0064301214836161615,0.000752492069631686,9780771.468497407,False,lambda2 edge (100000.00),4
1.8697057983826706,0.0010833380363901109,0.0024587143363553627,1.1623847768617477e-05,-8.378431780523837,8869.00777598011,3.930430742372296e-09,0.0041720763785181815,0.00046773325703691683,33325111.46488697,True,OK,4
1.6870804937028379,0.001281551616114801,0.004269773988185689,2.6708169436762915e-06,31.687246796123993,86456.67200486721,4.578970575724391e-07,0.004648565796280992,0.0005814017028141454,21036003.23174821,True,OK,4
1.6676573668905508,0.006581343579654667,0.008062260902008367,4.234092226129829e-05,-1.417097995601079,4113.493552193922,1.888565238077715e-09,0.010274050189977513,0.0013275150240685209,633121.7231080474,True,OK,4
1.7004097271847713,0.006122908453876092,0.007175894472251527,4.837055986401071e-05,-4.54687100288962,3129.1028030427005,3.297715421616953e-08,0.00991028412302158,0.001238789397034948,837577.0632750362,True,OK,4
1.7875488456915314,0.008644917997808012,0.006932472714333917,9.293720706996469e-05,-8.376344392366688,1107.451400823484,1.412933417347459e-06,0.011867629847560866,0.001319727293260607,548082.0277650323,True,OK,4
1.6411853482279684,0.0086803251340813,0.009713254135901801,4.722943117071699e-05,1.5921362483433934,3995.541170870378,2.478107574187602e-08,0.011867629847560866,0.0015469052588025375,344355.3858939251,True,OK,4
1.7947797716067435,0.0024646913749446185,0.004019746770308848,2.4040454855083706e-05,-7.258525597114902,5008.44473374773,4.392662913841945e-08,0.0064301214836161615,0.000738011879027973,6203083.997056552,True,OK,4
1.8332343470338208,0.008699423876115272,0.006412171119830963,0.00010077070505002915,-9.211635960061828,870.8714499470751,1.6977816013080925e-09,0.011867629847560866,0.0012621291785487921,547605.2968693459,True,OK,4
1.7035658709385393,0.00926914312812413,0.008421735067885948,8.025274566451741e-05,-5.776729605680721,1732.0092617683276,5.199712908172299e-08,0.012303242084318801,0.0014900659526992754,397569.33833804063,True,OK,4
1.7536143575746643,0.006430820088999894,0.006519391322585544,6.238321191998073e-05,-7.188139285245556,1945.6003970303505,1.7314514142906834e-07,0.010274050189977513,0.0011946965636882286,917197.9064448414,True,OK,4
1.8861623834044108,0.0042538247077527945,0.004290561533001111,5.097061012043152e-05,-9.604207343720095,1574.1405012280536,4.118181867969819e-07,0.007982752084850246,0.000859373854382794,2200901.924803447,True,OK,4
1.843289836455028,0.0038655920604561372,0.00444266903228517,4.33089596818696e-05,-8.851261883701552,2185.1159930230874,4.196228852508898e-06,0.007982752084850246,0.0008609204798457417,2719613.238820106,True,OK,4
1.8398033805603726,0.0064066052697637835,0.005555061803284795,7.363217919360486e-05,-9.129140652374845,1213.984076396695,4.1103557813726847e-07,0.00991028412302158,0.0010892926434344773,1002341.7331602873,True,OK,4
1.6940889238063503,0.004726234844103128,0.006587728495870859,3.368619336227923e-05,-3.0481550847943986,4855.381410607344,4.471622761032373e-08,0.008894455646328717,0.0011093870958495467,1300721.7360922724,True,OK,4
1.7194089085908904,0.001702975537723275,0.004151384701712548,1.0541359119054392e-05,-0.7636044239669966,16867.577271816783,8.722764889430383e-08,0.005179474679231202,0.0006781041297287346,9296640.742306111,True,OK,4
1.6474586925249244,0.004118307898664629,0.0073535513302280895,1.3094256206208566e-05,15.051038711085193,16687.09957224231,1.3511295370245008e-07,0.008275766320702958,0.0010687876612502042,1635641.7936260765,True,OK,4
1.6447585369543716,0.0024893898182359753,0.5000000049999993,0.08340550154630116,-100000.0,100000.0,0.470557501862884,0.9645937035317568,0.06805688771734374,32.05252090023072,False,lambda2 edge (100000.00),4
1.8212958302127171,0.007372821121152292,0.00609686272798701,8.307825374145557e-05,-8.906138551653221,1125.8738797584276,1.562939875184853e-08,0.01104212953600507,0.0011845065866358054,760525.5912541357,True,OK,4
1.7160154502394598,0.03268612684519915,0.013921731956697145,0.0003392926313289053,-7.968632675659287,323.01654444566145,1.1305033887183635e-07,0.0227072417455348,0.0026137078523282412,38340.88782407435,True,OK,5
1.7357025294253003,0.0437532219211379,0.015235325037699582,0.0004814950200910773,-8.62295588484786,204.5304645258221,4.790958941866688e-09,0.026229299537389037,0.002928805992316649,22335.35117842768,True,OK,5
1.6363834244270616,0.025748746458221367,0.01489272049436671,0.0001981654287437186,-4.177979836228177,780.2601520675256,2.483298329620364e-07,0.020379693664579288,0.0025541690000920898,46425.43697008366,True,OK,5
1.7101024055008613,0.02691775745768312,0.012960243431341726,0.00027105799596533104,-7.620597553466559,424.3836375582224,7.897483794727567e-09,0.02112774900972417,0.002406009018188253,54969.03326899297,True,OK,5
1.6859480512056657,0.05967097903714842,0.01900292765646013,0.0006121157200378517,-7.8302565615134245,182.60190069571328,2.5276648823215076e-10,0.03140975719832603,0.003551751749754416,11479.88349847648,True,OK,5
1.6205209886153342,0.020663192075902278,0.014283148496000075,0.00013300562072865075,-1.425771617037195,1309.1088659430693,1.4032586898960729e-07,0.018290724981767724,0.002352092289497824,64250.43869044938,True,OK,5
1.7491009956509658,0.04338555336536662,0.014835431754837832,0.0004874967615162637,-8.853917241522515,193.3957263720887,3.450101355118184e-06,0.026229299537389037,0.0028783642250568833,22900.790775028458,True,OK,5
1.6364982968174069,0.055892087990163736,0.020372705471414253,0.000496546518832128,-6.103777614934964,272.42048699115105,4.0727842273902816e-08,0.030297654022966563,0.003631468020271686,11296.161985600782,True,OK,5
1.7344494390166,0.04144801652445501,0.014916676924982377,0.00045350587910514674,-8.559386910248564,219.65606806499474,1.6954857967507725e-07,0.026229299537389037,0.0028604794044259497,24791.752659638543,True,OK,5
1.7008329638818984,0.03092748766003505,0.01398672920251585,0.00030879551472033715,-7.521000182546604,377.3510868361687,1.7098136948126035e-07,0.0227072417455348,0.002588688394633381,41384.19537343172,True,OK,5
1.6265675605283607,0.04378270435563457,0.01885777473461311,0.0003584755122844036,-5.036700450558907,409.297713632624,1.0989162412873666e-07,0.027192070030473203,0.0032857876167624303,16962.932736442337,True,OK,5
1.6583181751163594,0.04654484186641407,0.01804544464667386,0.0004335030882819826,-6.690813885794567,295.37715490086407,1.1246097042764808e-10,0.027192070030473203,0.0032632139188650375,17101.560789803883,True,OK,5
1.728711872989538,0.020726421756574562,0.011204759625420177,0.00021249898585692172,-7.829580301177559,526.223765667684,2.0341999561427533e-08,0.018290724981767724,0.0020938508480787756,93826.80908850329,True,OK,5
1.6974427907091445,0.02925122158747409,0.013749977199990316,0.0002880215603879927,-7.358321947480708,412.86705471213173,2.9013551736751018e-08,0.021903262412316327,0.002532513694200296,45637.262630324454,True,OK,5
1.7336055047274943,0.03014658026247314,0.013030349353450751,0.00032189715236150365,-8.288957675560386,324.07383236902217,6.050306673747015e-08,0.021903262412316327,0.0024736165426264664,45941.60801467435,True,OK,5
1.6994001173206044,0.04214163360358446,0.0159903018598499,0.0004316357066683936,-7.814445390137702,259.5549284117269,1.2669229754065766e-07,0.026229299537389037,0.0029869961703636577,22887.58956293386,True,OK,5
1.6715016450077025,0.047104830543991755,0.01766726872169075,0.00045614241369121115,-7.159549276849021,266.8853380170007,1.4014255506899093e-08,0.0281901798974141,0.0032355530395514562,17385.24645356788,True,OK,5
1.7143500525130064,0.04267751181277547,0.015647935174053648,0.00045120764164687226,-8.174943514665946,235.39468026982198,6.29985952461935e-08,0.026229299537389037,0.0029587636171692876,22896.260626848045,True,OK,5
1.718594890834018,0.059336683039717494,0.01789185831398446,0.0006476567614729495,-8.529362395282389,154.58557788762013,3.142672997139014e-08,0.03140975719832603,0.003427427018191908,12161.38608111351,True,OK,5
1.6745054104271047,0.04058332207542123,0.016498450543051782,0.00038971056525242194,-7.06016992477712,315.92653850464797,9.612657916824192e-10,0.025300617181813888,0.0030130718858975163,23195.743056060786,True,OK,5
1.6216210841323577,0.05184114225241514,0.02042329645517231,0.0004284103103294245,-5.161533210161002,339.58944796815695,1.2418130967610715e-07,0.02922492630233715,0.0035673659590517745,12209.184987447283,True,OK,5
1.6876299087159792,0.0363184572144226,0.015349657568578593,0.00035673799469644336,-7.328807345035969,334.5221934081771,7.919427150525884e-09,0.024404816029045106,0.00282476142713564,29595.729258643427,True,OK,5
1.6322293552016216,0.05558625686701589,0.020515471850894546,0.00048572704855813346,-5.893065575886065,283.4785591547232,1.300525449843259e-06,0.030297654022966563,0.0036393582827838004,11226.277446625742,True,OK,5
1.6713509412052725,0.04730326392836881,0.01770370250174974,0.00045809011905843485,-7.1602150351292675,265.7301051912046,1.3007180270889861e-08,0.0281901798974141,0.0032422874965756074,17241.280292951058,True,OK,5
1.6394186403278597,0.05846198518164129,0.020626052769251477,0.0005280749972110527,-6.312415541224912,251.44838329304127,1.1037796476800672e-07,0.03140975719832603,0.003694843343285636,10508.220415389655,True,OK,5
1.643197429036838,0.027981679715979615,0.015140714059240662,0.00022713394124319091,-4.919929107597808,650.9840814428468,5.014590180687655e-07,0.02112774900972417,0.002632139786329323,41170.933252168456,True,OK,5
1.7316677718725029,0.056503309765677245,0.01712991262313997,0.0006281296802918268,-8.73266761960146,153.59738682143137,7.519170229721945e-07,0.030297654022966563,0.003307562042373283,13522.779532863095,True,OK,5
1.6475791629780292,0.03879203552699312,0.017118006557733823,0.00033966721297486494,-5.919690498481279,404.4909392314317,7.335885179660308e-08,0.025300617181813888,0.0030384583270460118,23072.336796372685,True,OK,5
1.715354337593168,0.05513462935243206,0.017433214838726247,0.0005953226874000149,-8.409572751495846,171.698695832561,1.1747772839662009e-08,0.030297654022966563,0.003324507937280361,13976.015905131482,True,OK,5
1.6692768503548499,0.04068077947397716,0.016686946312433892,0.0003850452607205308,-6.886770120544012,325.8635424295045,9.787790810734158e-08,0.025300617181813888,0.003033129405754728,22746.1530666525,True,OK,5
1.7164231333675655,0.04924543906611181,0.01657721542224497,0.0005284008752340215,-8.339861661196348,195.72680106699076,9.110219080656146e-06,0.0281901798974141,0.0031530996179545603,17413.102332687708,True,OK,5
1.7217848169033911,0.04279735274566105,0.01546180443021411,0.00045895834442957403,-8.33480607599468,225.5482108258725,5.977313886401232e-08,0.026229299537389037,0.0029403028258601707,22993.960316792476,True,OK,5
1.633599962584621,0.05615893163512159,0.020540516788461992,0.0004940329788103467,-5.978850034614383,276.7359806046702,2.445809578148559e-09,0.030297654022966563,0.0036508726351144405,11075.44672494466,True,OK,5
1.7325244301117337,0.05192389743273332,0.016492248553582937,0.0005748817292758784,-8.688489472934245,169.23107919529025,1.0081398855856488e-06,0.02922492630233715,0.003178761764591823,15957.465407536603,True,OK,5
1.6329821220308949,0.028175894683257166,0.015566560156122027,0.0002172278706851433,-4.203036102945446,710.7961835983684,3.7007696873785714e-08,0.02112774900972417,0.0026708993169204066,38830.4505632004,True,OK,5
1.7166680474639948,0.020925603783277857,0.011507748848799695,0.00020888345235121875,-7.519472007810948,558.0011756445098,1.4331602572652686e-05,0.018290724981767724,0.0021296769157094723,89980.09258852189,True,OK,5
1.7472992023819462,0.035085787214227226,0.013578530503626302,0.0003878688390465401,-8.67537184227615,251.52764945557445,3.506937884256901e-08,0.02354073187746785,0.002615473471157199,34651.37912495204,True,OK,5
1.713510629379807,0.05550284353952173,0.017539494264340674,0.0005976113646860217,-8.378037253893266,171.95104106568564,1.5070825917533058e-09,0.030297654022966563,0.0033408900409834593,13767.699669491209,True,OK,5
1.6713018854595107,0.03276529954398664,0.015184717715845591,0.000303822821420533,-6.637657751983122,423.7121409550174,1.1140556161905444e-08,0.0227072417455348,0.0027421071565585185,34281.97516543524,True,OK,5
1.6991363467567722,0.043239574949922026,0.01617402052080696,0.00044363368924886233,-7.833769947637409,251.84991675250401,8.311424353876113e-09,0.026229299537389037,0.003023221061397047,21779.02115541425,True,OK,5
1.6731881970912237,0.044070990234708333,0.017123527571167294,0.0004255777132355203,-7.126670187986052,287.13419227032443,2.5864113861704005e-10,0.027192070030473203,0.0031330537979975715,19794.64413582881,True,OK,5
1.7415995780436444,0.03870561026506386,0.01430534164704464,0.00042664144995710766,-8.64213728112582,230.04726575880113,2.044550975630836e-09,0.025300617181813888,0.002751976432557882,28493.411492065345,True,OK,5
1.6455764834975821,0.03508823931532015,0.016502758224934105,0.00029994271422429666,-5.609327845770999,469.51091779690256,7.502080768388198e-07,0.02354073187746785,0.0029093505313590165,27519.070658592125,True,OK,5
1.6712339077371055,0.025244347721048794,0.01363211815528358,0.0002258978622561278,-6.196103847823708,593.9983170767454,1.9151248282414116e-08,0.020379693664579288,0.0024351559823567056,55607.60603418214,True,OK,5
1.6411732950720923,0.04738248293574709,0.018843781132799463,0.00041771693025165614,-6.006205600478632,326.54348732810126,9.680505186902922e-07,0.0281901798974141,0.003351373329364529,15583.447733633262,True,OK,5
1.6641321080471574,0.0581959356742323,0.0195882997553137,0.0005654725874175929,-7.19936621498217,214.28965231701795,3.1380492994063824e-07,0.030297654022966563,0.0035914812029860755,11449.229748368485,True,OK,5
1.6516675768966191,0.023956980204192894,0.013941222529761401,0.00019637800817533902,-5.052733911797893,746.3433463371563,1.1356058309611437e-06,0.019658124188759216,0.0024298758524361488,56657.21117262847,True,OK,5
1.7179555931900337,0.0552414420767148,0.01736891334466013,0.0005993025685405316,-8.462279688897103,169.03030692521367,1.145330817370194e-09,0.030297654022966563,0.0033187601090269806,13963.39811033139,True,OK,5
1.6561547363932936,0.02808352406581912,0.014717471569571285,0.00024143490834135635,-5.683622414263877,579.951644012713,9.694140124605962e-08,0.02112774900972417,0.0025987580100348888,43174.444204291634,True,OK,5
1.6441495975332414,0.04088049205466049,0.017621648216483748,0.00035623044690338455,-5.857793891812357,387.645675551154,2.6086003747302576e-07,0.026229299537389037,0.0031235222857052907,20677.235147337688,True,OK,5
1.6808941633620802,0.03037759359418137,0.014430224531200412,0.0002872240923318518,-6.874878689440562,437.4074833000436,3.537782261587034e-08,0.021903262412316327,0.002622053088996341,40666.22749756691,True,OK,5
1.6258725052086256,0.039259653613051226,0.01807976715554624,0.0003134460051556201,-4.692555010056639,478.60213089710413,4.848912175729966e-07,0.025300617181813888,0.0031295826842374303,20613.95325631975,True,OK,5
1.744713205192629,0.04610076803010653,0.015344046222913103,0.0005164599408242428,-8.819871118704059,183.75485967420883,3.155637168788147e-07,0.027192070030473203,0.002972969799955457,20288.045149350586,True,OK,5
1.6844158523617205,0.024427682961184645,0.0130828202449036,0.0002272526156369912,-6.67836631059445,564.1854358400622,2.636206788137419e-08,0.019658124188759216,0.002364973404530143,61773.20422307911,True,OK,5
1.6528167177714463,0.031790957982981705,0.015597468956845667,0.0002752259317322132,-5.774081474500193,505.1325965080055,1.2214768991377775e-08,0.0227072417455348,0.0027595934324909474,33939.991391221905,True,OK,5
1.7194244618389405,0.055068431890584774,0.017301336945043603,0.000598823690239833,-8.488334328639299,168.40516200724383,2.0573472655529562e-10,0.030297654022966563,0.0033090865068729136,14070.128595146323,True,OK,5
1.737213440963637,0.05938274433003016,0.017337883507217693,0.0006679175852299775,-8.861462082381424,140.8959659134831,2.027424475219695e-07,0.03140975719832603,0.003365333288632392,12310.903772975316,True,OK,5
1.7477076688035893,0.05811996531071925,0.016876684023334348,0.0006631073279338735,-9.01848259957523,137.4762752323997,2.093092501157518e-07,0.030297654022966563,0.0032974841989470626,12893.789417143666,True,OK,5
1.629336878265375,0.025511741437112205,0.015110477475978231,0.00018776345189787258,-3.5295131059576854,851.7793833495261,4.34613143528603e-07,0.020379693664579288,0.002563705795783542,45685.591861062916,True,OK,5
1.6595806484418842,0.04211593016257846,0.01726544037452556,0.00038881116640305597,-6.583058695130042,332.8808379258736,2.846901890373716e-08,0.026229299537389037,0.0031135581458216536,20684.103631189028,True,OK,5
1.6326071255317125,0.05383187831208569,0.020230832512574553,0.00046871613766133203,-5.847086957006332,294.8712791461977,5.477329459100037e-07,0.02922492630233715,0.0035851763033783895,11924.65042002369,True,OK,5
1.7001783032800502,0.041694576092088195,0.015895217122018877,0.0004273759605579473,-7.823069116760839,261.8265444601689,1.0214903082333139e-08,0.026229299537389037,0.0029700595776708063,23393.068675426708,True,OK,5
1.641490472037748,0.030130218976007893,0.015661411920571137,0.0002461407088002515,-5.006510788754366,597.297786346211,1.2401584535108641e-08,0.021903262412316327,0.002727233415146611,35721.000547153024,True,OK,5
1.6408405632476937,0.054077326311791934,0.019912298446087023,0.00048549553637785507,-6.236104424824343,275.39527190811566,5.955855712366457e-10,0.02922492630233715,0.003560462106035845,12198.741224306941,True,OK,5
1.6959496218079584,0.04940517710078533,0.01721827190402457,0.0005093246165449646,-7.887830551730828,217.68194391339847,2.0659352083215075e-07,0.0281901798974141,0.0032241715922685225,16779.52141353565,True,OK,5
1.6584842721783035,0.03485010548353108,0.015999645138237224,0.00031241286549219845,-6.218089688764182,428.6634384993993,4.739039291704552e-08,0.02354073187746785,0.0028595915754275987,29272.719235110646,True,OK,5
1.6726311453754494,0.05040059886976139,0.018137683274379715,0.0004930526595743091,-7.27982065366977,243.45130556478156,5.1147943074826125e-09,0.0281901798974141,0.0033331750416849206,15351.506845543308,True,OK,5
1.7204058883976938,0.028272541100561266,0.012983193795373982,0.00029255915319335054,-7.933699751974152,376.54819205949656,9.007826734648277e-08,0.02112774900972417,0.0024346086733503386,51015.18251953372,True,OK,5
1.7424000513759528,0.024826213497747454,0.01180461758654082,0.000265563963145971,-8.31063416252756,391.48197557435907,3.831265611531059e-08,0.020379693664579288,0.0022425699604420204,67592.91061955347,True,OK,5
1.736495870715072,0.024015825825992373,0.011761966137051327,0.00025335158970987817,-8.154111095817,420.71325670097525,2.1107692275086365e-09,0.019658124188759216,0.0022221044269627615,71544.51003164306,True,OK,5
1.6543901754496706,0.05385914144271828,0.01933068606552778,0.0005047612282779406,-6.766366200688865,251.72839355794136,6.527255846576913e-09,0.02922492630233715,0.003502530445909795,12867.006396380053,True,OK,5
1.6433339694049915,0.03654271725239879,0.016862875365699678,0.0003116510185089727,-5.578911933514686,452.921762893422,2.4668826563927492e-08,0.024404816029045106,0.002970908943166496,25316.27432280111,True,OK,5
1.6784817089927364,0.029810358920928384,0.01438686984022047,0.00027922158940129504,-6.760878849923801,455.3356018268489,1.3368825526956518e-09,0.021903262412316327,0.002606306578386501,41820.8348090444,True,OK,5
1.7123318761736783,0.05405338597608815,0.017377201461185342,0.0005796375602839068,-8.33263933330309,178.62892774105413,3.856414141397695e-09,0.02922492630233715,0.0033044644491260333,14470.338963531496,True,OK,5
1.7336947681812243,0.03357288582946244,0.013643482213929746,0.00036142556603217064,-8.379923386876456,284.31903154335447,8.434290002521863e-08,0.02354073187746785,0.0025986421834367454,37300.78847695444,True,OK,5
1.6890105512574158,0.029936256154626056,0.014113346318998287,0.00028907072668892534,-7.127336903003827,422.71391868648715,6.871332992098355e-08,0.021903262412316327,0.0025822610891039497,42762.712322485524,True,OK,5
1.651823545201519,0.026450162514076964,0.014504907795823634,0.00022100712907774253,-5.30930471255806,651.4905966593983,2.157743466473784e-07,0.02112774900972417,0.002541143576827596,47333.011261259264,True,OK,5
1.7422024714049769,0.05551955314422319,0.016699312866009192,0.0006266516774416918,-8.900528491688982,149.025349171866,2.1963606658009702e-07,0.030297654022966563,0.0032465533437955325,14078.269601951222,True,OK,5
1.7210566327326,0.040706460851509155,0.015152892880404865,0.00043432146069720114,-8.277958631161034,240.57384759583866,5.0630559794205e-07,0.025300617181813888,0.0028756159048190524,25309.31109716231,True,OK,5
1.6837790290165433,0.04118982664729992,0.016306178386871532,0.0004059100023489859,-7.366722351467081,292.64120541678034,8.230104185918664e-10,0.026229299537389037,0.003004163638402961,23109.883573153817,True,OK,5
1.6897538417650217,0.03738252338790761,0.015474869346864116,0.00037023320483230707,-7.425578121909876,318.5279693242894,1.0738206994489961e-08,0.024404816029045106,0.002855959125618081,28166.153250283023,True,OK,5
1.6371281282759689,0.025026554114741438,0.014698255230968234,0.00019214158599497195,-4.143447538654218,806.2635056660707,6.429557868800806e-10,0.020379693664579288,0.0025193106611081286,49045.31574393389,True,OK,5
1.7437924630599388,0.03928123038345402,0.014342313888350172,0.0004349705063268555,-8.6927210260545,223.54753540859983,2.466082416975444e-09,0.025300617181813888,0.0027645856871059272,27727.850392000208,True,OK,5
1.7439167182376745,0.0265430751084044,0.012115118442605604,0.0002861390089894236,-8.397174917477846,358.14705169895393,1.3845386612695727e-08,0.020379693664579288,0.002308857109170635,59472.958160598755,True,OK,5
1.6920741517651914,0.02830869013406157,0.013703528582884194,0.00027392469684694055,-7.152326698392893,444.81731070539587,2.3914294665887933e-08,0.02112774900972417,0.0025090302867418527,47896.974719351,True,OK,5
1.6529139987964583,0.02120218315044715,0.013233835311874253,0.0001706708813439739,-4.805789237890184,872.7447581224259,8.409138237616626e-08,0.018290724981767724,0.002295625411666209,71138.33696962781,True,OK,5
1.6354639303962275,0.05667393630516783,0.020535066270073503,0.0005026566162959697,-6.082729597019737,269.59830109024534,2.8830657176023543e-08,0.030297654022966563,0.003658622357450048,10968.180322208174,True,OK,5
1.6617992888927031,0.04432516847658366,0.01755737221378919,0.0004146774512097866,-6.74533301865221,307.080195069672,3.1613972290108293e-07,0.027192070030473203,0.0031794441516702007,18939.867804668564,True,OK,5
1.6804518371586055,0.03601804980981113,0.015510596458231888,0.00034687177223966155,-7.094990656534606,353.56201506567396,4.615363923872564e-09,0.024404816029045106,0.002835382565205392,29506.911425476534,True,OK,5
1.689145191874989,0.02748955778461366,0.013614012520559993,0.0002630102754655107,-7.017528917058763,470.3610650410341,6.853395103178512e-09,0.02112774900972417,0.002483303491011959,50217.00090399956,True,OK,5
1.748518506807545,0.05273231474815451,0.016158106221942855,0.0005989720657572223,-8.97075837465015,153.72305589788766,6.075694292538289e-07,0.02922492630233715,0.0031505434794953263,15613.511057639696,True,OK,5
1.716409902255097,0.0387503718805581,0.014959960227346747,0.00040821348862580056,-8.134862396671776,261.8268937430911,1.562846273768127e-07,0.025300617181813888,0.002824671341993407,27658.05831541319,True,OK,5
1.6398740258764237,0.056826634330942705,0.02036595361047733,0.0005120612248257939,-6.2822249864855655,260.0252018504938,2.162396212776662e-08,0.030297654022966563,0.003645598994146176,11092.160249944935,True,OK,5
1.6643803187596247,0.022004267587877352,0.013080720667566636,0.0001877818418249719,-5.58779726115996,751.1835519473477,3.85640375208121e-08,0.018962102815722463,0.0023049844007874635,69768.3580647688,True,OK,5
1.6645124779853817,0.05177828121983537,0.018635902149495065,0.0004972012553473421,-7.059206121061127,247.64644600640855,2.5316114106317534e-09,0.02922492630233715,0.0034033938756817855,14275.797906237369,True,OK,5
1.700952136848467,0.05003354338979438,0.017155194234581627,0.0005217409215932974,-8.018085427090208,208.4960967652164,2.5730349234767776e-09,0.0281901798974141,0.0032263698681345133,16520.67080637445,True,OK,5
1.723172599902109,0.028478184443221703,0.012957829149451946,0.0002965708765259433,-8.006323908408298,367.5211050790006,3.242779057257457e-07,0.02112774900972417,0.002435761094631035,50536.50304937326,True,OK,5
1.7400918310921134,0.0375195841168149,0.014151789263359749,0.0004116671609709215,-8.591226561351004,240.6284180631937,5.715799110548667e-08,0.024404816029045106,0.002717041113743779,30239.38252780463,True,OK,5
1.7030717744043415,0.02009235090346968,0.011614053880297173,0.00019281778079779395,-7.054696890347255,638.9706624238671,5.154747484803315e-09,0.018290724981767724,0.0021206154676131207,94038.74647656213,True,OK,5
1.7491379047934532,0.031235855438566204,0.01287456153363403,0.0003436992352816387,-8.624566769127012,286.53191979126177,2.572642165955381e-08,0.0227072417455348,0.0024748671713550547,43529.15442784781,True,OK,5
1.3742046115506605,0.005124358373828626,0.21668592753218177,0.04643047224390878,481.86427704283824,1283.6744515216872,0.09349446581316637,0.1281244735501072,0.0318269313340097,53.5544894684301,True,OK,6
1.4003217223009963,0.0023709403914181815,0.5000000049999993,0.08340550154630116,-100000.0,-99435.79606767179,0.34470096483521634,0.9645937035317568,0.06805688771734374,32.05252090023072,False,lambda2 edge (-99435.80),6
1.596590297081782,0.0045363465241321,0.011880802795863501,2.4778730977356267e-06,336.07599556832355,100000.0,6.964404517829906e-05,0.011867629847560866,0.0011648630600489623,2483612.378055409,False,lambda2 edge (100000.00),6
1.709522455560448,0.003872408451472631,0.005849544306186854,2.8941430293869105e-05,-3.75563417414834,5464.066683836536,3.150318285745599e-07,0.007982752084850246,0.0009960910119801427,2002804.0296117929,True,OK,6
1.6332102500697214,0.005149894871394169,0.008414746328890898,1.3186254254305468e-05,22.731360594922098,17116.282467094992,3.201987169967661e-09,0.009220934797482712,0.0011824642297457986,1155287.4727730006,True,OK,6
1.6073810074404187,0.006397258210443914,0.010451530130830593,2.471417923284179e-06,258.6809696944099,100000.0,7.367336634493072e-06,0.01065116862401253,0.00107240720854384,3237420.8568524118,False,lambda2 edge (100000.00),6
1.5343857493760094,0.009550549851619936,0.5000000049999993,0.08340550154630116,-100000.0,-99975.24889953125,0.4002743329815523,0.9645937035317568,0.06805688771734374,32.05252090023072,False,lambda2 edge (-99975.25),6
1.483658320674433,0.0025951195112434533,0.042330290919230004,0.008340344337020201,442.40472093208325,21682.43166537759,0.034220735265057256,0.02922492630233715,0.006331259811865411,19.06305139238452,True,OK,6
1.6144566837431331,0.00861406805177118,0.010758563890275125,2.4747728301706783e-05,18.44909080185842,8975.623004528527,1.3978063124949023e-08,0.011867629847560866,0.001539008424347195,390142.29616074695,True,OK,6
1.3656989585765704,0.0050466941958041255,0.08129241877599461,0.038784219061087456,428.9900642754192,73147.01198949717,0.17841402124327124,0.015834655182844277,0.01534834768503519,15.872361218515094,True,OK,6
1.6980701989780573,0.007746567570305809,0.007929686457912092,6.346484445304711e-05,-5.04631801079238,2310.392608678349,1.6024646340227638e-07,0.01104212953600507,0.001381906963337061,540360.4707552184,True,OK,6
1.736805009434075,0.005782724304375195,0.006455370914753284,5.2644635849820705e-05,-6.414657916861533,2498.7709973625,7.246136625289435e-07,0.009559397665277353,0.0011591467394293613,1069135.3183958663,True,OK,6
1.607398330332449,0.0037223225302413536,0.010449384647921008,2.4714062064117796e-06,258.5722320645316,100000.0,5.0950382838195334e-05,0.01065116862401253,0.0010722632894460446,3238801.7332152496,False,lambda2 edge (100000.00),6
1.719538883869737,0.004297019397008828,0.005945578793625653,3.473399599391347e-05,-4.863970396887833,4272.412299954042,1.7535811181435336e-07,0.008275766320702958,0.0010324814187195328,1733096.8613578354,True,OK,6
1.6380191779477853,0.004628261837071738,0.00796202714819219,1.2092885144765405e-05,21.94398407117128,18615.043431222854,4.1734759338917164e-07,0.00857953591279118,0.001122339771426307,1415330.7573222842,True,OK,6
1.5691093827245697,0.0074780428151939166,0.03916562972389849,0.016335272664513546,424.7571755509376,100000.0,0.01804499735021868,0.013223022108691375,0.0075792094747208156,14.653272574923026,False,lambda2 edge (100000.00),6
1.5484843191830282,0.009163776942185578,0.021888080231523877,0.0017787103185199949,431.51048629256275,49141.74629127333,0.007415204609974295,0.018962102815722463,0.002691682335136036,9.875382642663551,True,OK,6
1.513527385291846,0.0068236461832899276,0.05226279069262339,0.013832771782288545,443.51995316088954,20390.590346179775,0.016864219450931313,0.030297654022966563,0.008462853101807215,21.075990826077327,True,OK,6
1.4835213489870211,0.0046734100140791174,0.06444509833792078,0.007984945522000658,456.51177671004575,7151.772242832234,0.017738914848970118,0.052028662477231744,0.008418623348350791,25.543060181356335,True,OK,6
1.5216195422110854,0.0021322631648105677,0.5000000049999993,0.08340550154630116,-100000.0,-99957.65534011151,0.3934486917990357,0.9645937035317568,0.06805688771734374,32.05252090023072,False,lambda2 edge (-99957.66),6
1.3857722348330126,0.007007409308320822,0.20382504234379212,0.03569044041797401,484.029763027006,1088.393102900511,0.07735446294424637,0.1377029513689611,0.028666080780964397,54.96143689447241,True,OK,6
1.6056519179537905,0.006966187427890858,0.5000000049999993,0.08340550154630116,-100000.0,50451.57705977425,0.44376816707119165,0.9645937035317568,0.06805688771734374,32.05252090023072,False,Mode at edge,6
1.3577089136836498,0.00393892158404602,0.5000000049999993,0.08340550154630116,-100000.0,-99981.75726818608,0.3363720817471064,0.9645937035317568,0.06805688771734374,32.05252090023072,False,lambda2 edge (-99981.76),6
1.4271458404310868,0.008003362802896112,0.09765433966834468,0.0075630912845871985,469.67750662025895,2698.924043757162,0.017235077291563563,0.0861828285420169,0.01154690305021413,33.303739911561856,True,OK,6
1.6856458565444907,0.003220123395035326,0.005846209794646392,1.834167424926133e-05,0.7240349047191695,10088.88584089982,6.703215775421299e-09,0.007164500378894349,0.0009392523461165104,2529026.7613614216,True,OK,6
1.6104611719507147,0.00216426523112447,0.010077361137294343,2.469260419923493e-06,240.05446766393644,100000.0,6.872354494166186e-05,0.010274050189977513,0.0010470616327120125,3492473.2686072495,False,lambda2 edge (100000.00),6
1.4573094849846682,0.002247890466100776,0.0716334011634389,0.004712699306184319,461.74158059867545,4694.733573286291,0.010117914760288508,0.06459161229229521,0.008258281878429566,23.51425890170678,True,OK,6
1.4605730989736994,0.007072628926143502,0.06948929787751043,0.006239378104421731,459.9859765580289,5431.168564964635,0.010964621224803515,0.06009868516564226,0.00846963261963751,25.43270608993033,True,OK,6
1.7050274949722484,0.0028227016713176737,0.005241790650747093,1.856165711235046e-05,-1.7780478356092237,9267.53592400064,1.1780095345068973e-07,0.006666144989411547,0.0008671231023650729,3478542.7494493956,True,OK,6
1.5614108236307804,0.007312519911190892,0.028248489099832474,0.0093664531460602,424.98104704613195,94857.00131006674,0.018201756680138306,0.013708385261355807,0.00515652877650045,14.134909652562357,False,lambda2 edge (94857.00),6
1.7216397627093707,0.006490544345984566,0.006994278997315256,5.6939971896848054e-05,-5.946708432681499,2407.618408146853,6.639761647618688e-08,0.010274050189977513,0.0012421848130477605,819846.8087962222,True,OK,6
1.4494917031006784,0.006629303412225427,0.07671445768419516,0.00580645216593729,463.1945919019898,4263.3174831454335,0.011603885410480116,0.06696250665518527,0.009049181666566819,26.418697978425406,True,OK,6
1.4749915530544264,0.009785155516225372,0.056698282768608124,0.003947639129100488,455.4376002188049,7473.07090339223,0.0070058197792165515,0.05018652022871682,0.006619522097174792,19.365423357815096,True,OK,6
1.5058736927138185,0.007168849486849128,0.5000000049999993,0.08340550154630116,-100000.0,-99966.78567063085,0.385245920516668,0.9645937035317568,0.06805688771734374,32.05252090023072,False,lambda2 edge (-99966.79),6
1.359058757115236,0.004600553015212798,0.21786980264418623,0.03133784108161559,488.3743232741044,808.0933783137084,0.07953519946332187,0.15906167728844647,0.029447752143425612,55.2762938371797,True,OK,6
1.6912919691957795,0.006492046999899213,0.5000000049999993,0.08340550154630116,-100000.0,62104.422383566285,0.5044342950088788,0.9645937035317568,0.06805688771734374,32.05252090023072,False,Mode at edge,6
1.5231377256944307,0.009423437494921534,0.04361588265587741,0.007442827740433936,444.46133853326484,18254.242208088413,0.01615857108694384,0.03256268114059059,0.006253081982608965,19.406304683578902,True,OK,6
1.6830539066974193,0.0038999410644064447,0.006325038280013144,2.3602254621441555e-05,-0.3709441337103979,7620.055868434757,6.931357608678847e-07,0.007982752084850246,0.0010284326037340195,1757433.603207369,True,OK,6
1.5623738767961224,0.005408418304832165,0.05073883188162791,0.01984252110333424,432.7391186038984,50797.67571763172,0.030251231368505997,0.018962102815722463,0.009376081128540022,17.134438626694475,True,OK,6
1.5965589750447964,0.004007001402628801,0.0118852343066688,2.4778895770624274e-06,336.3313553975256,100000.0,7.838294053159096e-05,0.011867629847560866,0.0011651395573327801,2481705.5726083545,False,lambda2 edge (100000.00),6
1.4452399502986966,0.009214046517299825,0.09436913438563178,0.013502466208847132,465.55098081104774,3753.6142138442983,0.022718638974607297,0.07196856730011514,0.012656188530312256,35.8064232081514,True,OK,6
1.7103110548044174,0.008589905971857811,0.008042849088981341,7.541251108121336e-05,-5.95561988875762,1816.505125239128,5.003653544972658e-08,0.011867629847560866,0.001428712284920284,469013.10922385124,True,OK,6
1.731499727998179,0.0077049237320171975,0.007351408371226214,7.162349987234316e-05,-6.671938794108974,1791.3983606539732,6.799328028575628e-09,0.01104212953600507,0.0013285991872679951,615506.4372490774,True,OK,6
1.64822021913918,0.007863310827663767,0.009153675959881757,4.44594581458462e-05,0.8615271958373251,4175.760660496171,7.087304393054745e-07,0.011447441026802778,0.001468529677457743,423309.88938803936,True,OK,6
1.5374369760674995,0.0051080697506284455,0.08455065534743045,0.03693325503499096,436.7040152585771,37894.110034921905,0.049281731221601593,0.021903262412316327,0.015487807827227472,18.740976617251853,True,OK,6
1.4436882476981112,0.006803372749233615,0.07532978243456702,0.0031969776156121265,463.8838144632887,3926.6500311543364,0.009827450862103047,0.07196856730011514,0.008154856292259005,20.0708865873604,True,OK,6
1.4628348530799105,0.00332027568732119,0.11710379948437503,0.03847518354460629,456.56437499899516,7813.738872350192,0.052904753876937,0.05018652022871682,0.01932826399085282,31.16866106720728,True,OK,6
1.5785249358974613,0.0046898414940253885,0.5000000049999993,0.08340550154630116,-100000.0,-73644.63676102174,0.4263737914609773,0.9645937035317568,0.06805688771734374,32.05252090023072,False,Mode at edge,6
1.4353540774299067,0.008344504150775481,0.5000000049999993,0.08340550154630116,-100000.0,-99975.24889953125,0.3551385035708937,0.9645937035317568,0.06805688771734374,32.05252090023072,False,lambda2 edge (-99975.25),6
1.6856222685248066,0.0025092956771000288,0.005347557783828475,1.2329921160165775e-05,3.658050044544166,15904.067859287357,2.4055719059356486e-08,0.0064301214836161615,0.0008358051976066882,4068527.3656463623,True,OK,6
1.3529277427920001,0.0040251697167643635,0.5000000049999993,0.08340550154630116,-100000.0,-99981.75435697792,0.3357637357515595,0.9645937035317568,0.06805688771734374,32.05252090023072,False,lambda2 edge (-99981.75),6
1.6610292259154935,0.00855256479610892,0.009078427248916256,5.707353097523416e-05,-2.0165944561120632,2988.1296713245456,1.1366204780114564e-09,0.011867629847560866,0.001506563215718469,381913.9512019656,True,OK,6
1.4039483373452593,0.007969023110647462,0.5000000049999993,0.08340550154630116,-100000.0,-99989.85582418123,0.34555303665770026,0.9645937035317568,0.06805688771734374,32.05252090023072,False,lambda2 edge (-99989.86),6
1.3951246252506775,0.004510563311408764,0.15540792035747975,0.019315147873853248,480.2124824497158,1358.236170453287,0.043409377478808846,0.12358806045475453,0.020203895159838645,50.83365257784281,True,OK,6
1.7394577108546472,0.0027333174090781887,0.00472738224714083,2.2232112178753205e-05,-4.949328714929379,6637.970633196562,4.1378293860847396e-07,0.006666144989411547,0.0008222752050169234,4301551.928606921,True,OK,6
1.4100457972052745,0.004805202992921143,0.5000000049999993,0.08340550154630116,-100000.0,-99953.77532375239,0.3472632756199483,0.9645937035317568,0.06805688771734374,32.05252090023072,False,lambda2 edge (-99953.78),6
1.591670725128246,0.009396107041719282,0.012598332901007224,2.48031952106159e-06,378.66257310463544,100000.0,7.948859145252107e-06,0.012754843867704915,0.0012088633512048316,2201505.043655811,False,lambda2 edge (100000.00),6
1.7325202467578833,0.0016267657293225516,0.00392504506119704,1.1126192471681176e-05,-2.409207253526241,15099.725307194582,2.659186765340396e-08,0.005179474679231202,0.0006548781949592474,10697940.72691905,True,OK,6
1.4038190317656831,0.008116641765063945,0.138781229687982,0.01793479615346254,476.76979553219445,1714.8891464102635,0.03715254975402996,0.10699271483050952,0.01816982457753468,47.78313725622809,True,OK,6
1.4555465393856357,0.008963641535557246,0.07105239249974625,0.005154050766251339,461.26917264356916,4885.526409408207,0.01008063449547144,0.06230466251811238,0.008326615206947717,24.223924714474915,True,OK,6
1.6087467703193439,0.0020066032214260945,0.010283856884942029,2.4704800850522873e-06,250.25016367278062,100000.0,7.550071898045855e-05,0.010274050189977513,0.0010611109050736943,3348095.0758693884,False,lambda2 edge (100000.00),6
1.674686421120363,0.0025872074200726826,0.5000000049999993,0.08340550154630116,-100000.0,-99930.90985927796,0.49213538720164346,0.9645937035317568,0.06805688771734374,32.05252090023072,False,lambda2 edge (-99930.91),6
1.515163203925065,0.0059696643570339705,0.044084384632190735,0.009177025488752207,442.79632402692386,21118.952340203152,0.011034509219943417,0.030297654022966563,0.006689152722344109,19.558976520716126,True,OK,6
1.5452987981413087,0.007175466240536355,0.03270850056008839,0.007483946055247045,434.59633062429407,41023.95439760373,0.00863135929134268,0.02112774900972417,0.005193102841140302,16.10620567041031,True,OK,6
1.6045478265990096,0.009928378049752495,0.011772822987469268,2.333137575292641e-05,26.247095746283446,9773.886850323739,4.116104419356593e-09,0.012754843867704915,0.0016327145757455833,325921.7100701753,True,OK,6
1.7397745445974333,0.0056481346237207694,0.0063529480929991064,5.176161681518447e-05,-6.497142783278917,2521.6430744177856,1.0512170529153737e-06,0.009559397665277353,0.0011430751413427376,1127534.176903141,True,OK,6
1.387127643914737,0.007550589690718466,0.5000000049999993,0.08340550154630116,-100000.0,-99989.85582418123,0.34150136100764095,0.9645937035317568,0.06805688771734374,32.05252090023072,False,lambda2 edge (-99989.86),6
1.7308989905044698,0.0038649374886611833,0.005546374240860713,3.2274471793241617e-05,-5.303281920973661,4463.185228894044,1.7339786070403269e-07,0.007982752084850246,0.0009715297100596433,2204158.3442991828,True,OK,6
1.5298714654766539,0.004822992323339104,0.029357692066792413,0.0013040523918926568,439.6231989972277,24564.977567766797,0.0037992929865317986,0.027192070030473203,0.0032425382276804206,8.889411730175755,True,OK,6
1.3700534702772025,0.0070503798810110044,0.21776099212730418,0.030096908159039905,488.7911102917309,784.1877643023121,0.07740244284927461,0.16490018202073972,0.02919093698226601,55.1772225715217,True,OK,6
1.4878017010767024,0.008087174871683521,0.11143079066036951,0.04758730930593675,442.0057387387096,24945.033691530814,0.059900972995902586,0.027192070030473203,0.01977695312388492,21.051424178306632,True,OK,6
1.6745268293599747,0.00839107707938061,0.5000000049999993,0.08340550154630116,-100000.0,-830.1683712594665,0.49195386665760177,0.9645937035317568,0.06805688771734374,32.05252090023072,False,Mode at edge,6
1.5124997392355533,0.003893911140168096,0.5000000049999993,0.08340550154630116,-100000.0,-99925.35274635708,0.38865726814457446,0.9645937035317568,0.06805688771734374,32.05252090023072,False,lambda2 edge (-99925.35),6
1.6420401040701513,0.008212504904584507,0.5000000049999993,0.08340550154630116,-100000.0,37875.16839379581,0.4685764916736351,0.9645937035317568,0.06805688771734374,32.05252090023072,False,Mode at edge,6
1.541590404092633,0.009037279175826727,0.5000000049999993,0.08340550154630116,-100000.0,100000.0,0.4043167114954652,0.9645937035317568,0.06805688771734374,32.05252090023072,False,lambda2 edge (100000.00),6
1.4061243914706378,0.008911619016930643,0.5000000049999993,0.08340550154630116,-100000.0,-99975.24889953125,0.3461194939898009,0.9645937035317568,0.06805688771734374,32.05252090023072,False,lambda2 edge (-99975.25),6
1.3874771408590338,0.002381729698491525,0.2109851305579663,0.046090370947267575,480.8115382241921,1378.1940803597108,0.09067287361008185,0.12358806045475453,0.031112762055292877,53.0926206212255,True,OK,6
1.5581976051768445,0.0016076663216867352,0.0312149115486669,0.01145327163509571,424.5148927020104,100000.0,0.02242011554270379,0.013223022108691375,0.0058718956856200705,14.289932543073613,False,lambda2 edge (100000.00),6
1.3705947695460432,0.0010046686974913496,0.22717915235104344,0.045949632837117116,484.23084258068,1093.3091343418018,0.09762367898156551,0.1377029513689611,0.0329845627395091,54.35490901277025,True,OK,6
1.5201634972807627,0.00797161493163007,0.5000000049999993,0.08340550154630116,447.01869802608604,23348.077957238456,0.39259646104634377,0.9645937035317568,0.06805688771734374,32.05252090023072,False,Mode at edge,6
1.3635869566091672,0.006870318458192699,0.5000000049999993,0.08340550154630116,-100000.0,-99989.85582418123,0.337162430122806,0.9645937035317568,0.06805688771734374,32.05252090023072,False,lambda2 edge (-99989.86),6
1.6710196537923128,0.00251200763720084,0.005664652452734133,8.882275943007235e-06,11.82626372920401,24110.807808895777,1.9500467690563002e-08,0.0064301214836161615,0.0008374010985825526,4239907.339732403,True,OK,6
1.4072768565803477,0.008747208762584825,0.12898983913450474,0.007624031971907006,478.25933870165545,1476.7763376200642,0.024226741210948182,0.11499140015101728,0.014605076676334318,38.93649195439336,True,OK,6
1.671018597880537,0.005850475896377683,0.5000000049999993,0.08340550154630116,-100000.0,100000.0,0.48940727535419504,0.9645937035317568,0.06805688771734374,32.05252090023072,False,lambda2 edge (100000.00),6
1.6694879529246522,0.0018348046968204531,0.0051820103620822105,3.0721274288579154e-06,43.40780549641978,76542.84081884145,8.963407803825514e-08,0.00556668784743931,0.0006825027833121684,11904800.099467427,True,OK,6
1.5038477919961142,0.007640178004957357,0.04820316557337504,0.008945793305591237,446.1646357232131,16094.58414831904,0.011148131375761929,0.033757924213444215,0.007045351576264446,20.904913498742765,True,OK,6
1.4504062641363458,0.007770960229901975,0.08201286631937428,0.009238740003617954,463.36230133331,4316.968457121045,0.015917958914283607,0.06696250665518527,0.010444855299470217,31.04120862329684,True,OK,6
1.5466296557124175,0.007752393891534098,0.5000000049999993,0.08340550154630116,-100000.0,-99989.85873538938,0.4072084026579582,0.9645937035317568,0.06805688771734374,32.05252090023072,False,lambda2 edge (-99989.86),6
1.5312250587643585,0.004311139061996359,0.027785668794044763,0.0011794476760709173,438.3322646146747,27161.082133202868,0.0018905840884758463,0.026229299537389037,0.003054054041416858,8.30236100578462,True,OK,6
1.4354837944266667,0.0028754140729151355,0.5000000049999993,0.08340550154630116,-100000.0,-99873.45814454778,0.3552670390318553,0.9645937035317568,0.06805688771734374,32.05252090023072,False,lambda2 edge (-99873.46),6
1.6430814161228444,0.0020701931323056444,0.006884591490675213,2.4343820330067825e-06,108.68359279147715,100000.0,1.606736441255093e-05,0.007164500378894349,0.0008077574221078951,7847950.309379466,False,lambda2 edge (100000.00),6
1.3835331165432687,0.002586622285199172,0.5000000049999993,0.08340550154630116,-100000.0,-99873.45814454778,0.340814746025201,0.9645937035317568,0.06805688771734374,32.05252090023072,False,lambda2 edge (-99873.46),6
1.4183851394670297,0.0084079686052621,0.11340900783908901,0.01018533124811116,473.25594784018864,2126.15714123676,0.02291696926223899,0.09602569863053698,0.013775952000934287,39.395514543018905,True,OK,6
1.505417583154943,0.009913496116244341,0.03767388275493676,0.0019855304351055402,445.56049300965714,15559.14762224543,0.0035764519287106084,0.03499703977938398,0.004240544813686602,11.920293385403946,True,OK,6
1.4035123905383389,0.006881858431242791,0.13727844759185964,0.006648413169995187,480.47849000460354,1258.9798646602273,0.025820955143208542,0.1281244735501072,0.015112354828926946,38.08508421944145,True,OK,6
1.5250045078084877,0.0045362635902736655,0.03165814154322871,0.002211655765596544,440.72754883935835,23100.85703841363,0.0035113969337154517,0.0281901798974141,0.003744139447331089,11.949229890071873,True,OK,6
1.6912828376310922,0.009780360812455598,0.008851388215874681,8.116951731862302e-05,-5.219891650389504,1785.1044331182788,1.961045341961858e-08,0.012754843867704915,0.001547863322485319,343189.6442311953,True,OK,6
1.6904149939219297,0.002730706111316198,0.0054200157909005614,1.5160723399517538e-05,1.2047962722229097,12342.420600927066,1.5858298006374465e-07,0.006666144989411547,0.0008664974240821336,3494644.7043576078,True,OK,6
1.4361111892714844,0.006904664911855571,0.5000000049999993,0.08340550154630116,-100000.0,-99966.78567063085,0.3554228127324495,0.9645937035317568,0.06805688771734374,32.05252090023072,False,lambda2 edge (-99966.79),6
1.4627425968388947,0.00761252617702522,0.5000000049999993,0.08340550154630116,-100000.0,-99989.85582418123,0.365516745920881,0.9645937035317568,0.06805688771734374,32.05252090023072,False,lambda2 edge (-99989.86),6
1.7492988911133502,0.2844362088753934,0.033679857786523715,0.0035047556917502942,-9.8370162056512,21.233357599792843,1.5356330811717808e-06,0.06696250665518527,0.006850706373347153,553.7952451886674,True,OK,7
1.78599656947743,0.36105573043648537,0.035327083382149384,0.0046408027795947744,-10.2969599336422,13.87797525492022,3.097127546534481e-07,0.07461023956159979,0.007379378183723013,330.7749481162381,True,OK,7
1.6737208870996207,0.04374038583008753,0.017051718299588344,0.00042263969208299095,-7.133857845359225,288.8934718975992,2.9245713502350723e-10,0.026229299537389037,0.0031205436501643797,20106.068262017994,True,OK,7
1.7542181833438422,0.25337219629869223,0.031764323944232106,0.003123497692681004,-9.843962838484536,23.786035004211463,2.5071411735878e-07,0.06230466251811238,0.006462914211890259,695.1471155978471,True,OK,7
1.7064258517480189,0.22095492191110477,0.03227834197828394,0.0025618148911408464,-9.180067635568582,34.305533413373766,4.374875932103218e-08,0.06009868516564226,0.006355382912999648,923.0739427382455,True,OK,7
1.7761074446226004,0.4167735126358064,0.03822338316408811,0.005336449125277593,-10.251782673586774,12.246747360618496,5.85847071164146e-07,0.08018803828262751,0.007963734180145173,251.06066240936923,True,OK,7
1.748571229504606,0.20497735081140941,0.02920134379312676,0.002490433585267859,-9.688805469575236,31.160170347146476,1.1704010030427839e-07,0.05591828149906458,0.00589219501604074,1064.2815833614072,True,OK,7
1.707897546609315,0.2705208659692417,0.03517610643718786,0.0031748167224146966,-9.309421731222402,26.868185714880866,2.2008801937210067e-07,0.06459161229229521,0.0069678693808141986,619.751994462474,True,OK,7
1.7140649465990132,0.290765665782667,0.03594876793809456,0.003449952100607421,-9.427264953624267,24.035425640084284,1.0770496373473398e-06,0.06696250665518527,0.007161172515329924,537.4660711130032,True,OK,7
1.7647313335513493,0.05171802124130952,0.015593611059907662,0.0006003545197452215,-9.209565073934778,145.75186516940076,1.0784851300338585e-07,0.02922492630233715,0.003072255902358928,16263.083053746466,True,OK,7
1.6701494451031846,0.12189302664355661,0.02652257938134627,0.001284614429920858,-8.132878530457827,83.1857277002387,5.098574728961978e-10,0.0450422785741285,0.005008565737807521,2842.6045354055673,True,OK,7
1.7952316096806293,0.3302195663497084,0.03347376891035821,0.004265388950565649,-10.353579001369924,14.814048984852576,1.157012333297036e-06,0.06942042686989255,0.0070158941111043574,390.8947045514024,True,OK,7
1.6940744492711832,0.447326701675337,0.044803673068645196,0.005288567966504487,-9.383413793150536,15.835601982451728,2.3520418193716923e-06,0.0831314137641865,0.008908205577775719,229.6922020203501,True,OK,7
1.7357938316402275,0.2485240432057571,0.03242525410880308,0.003002095988846774,-9.62298765380934,26.29295146296169,3.835589012545274e-06,0.06230466251811238,0.006521563560000266,729.7642729774321,True,OK,7
1.8009758721379718,0.04855361224800321,0.014288194578893743,0.0005877527017553869,-9.670956105890019,133.17662523985183,2.27804579069536e-08,0.027192070030473203,0.002877369393740176,18193.2317859713,True,OK,7
1.7001249584480205,0.30117023607426674,0.037325253872232796,0.0035188729209178,-9.260307963353782,24.514903754649765,2.0635344402184915e-07,0.06942042686989255,0.007377071359207589,501.1446246125353,True,OK,7
1.6973681113414805,0.34617296442029977,0.03984172580746572,0.004058679185768787,-9.296209737939558,21.074077228719954,1.3257681574797573e-08,0.07461023956159979,0.00788807555105238,380.7842619732547,True,OK,7
1.6999729205071408,0.06759534588743088,0.019546034786560144,0.0007204250414203893,-8.262466780604822,145.3586318779668,1.3103335304038444e-09,0.03256268114059059,0.003707663031601679,9246.206373792795,True,OK,7
1.6989779223497175,0.22291233645058986,0.03279613588959805,0.002560088944775117,-9.076732017136212,35.11295792385889,2.4062487026832805e-09,0.06009868516564226,0.006427675335718001,905.066454100795,True,OK,7
1.6946593618842312,0.08465217196320671,0.02172909214094919,0.000908513975319091,-8.33886537574244,113.82057359070544,2.6812422930609763e-09,0.03761338902136763,0.0041333714826057915,5946.221805109084,True,OK,7
1.7904394640706518,0.17379065772670774,0.0254146056626732,0.0021886039288862647,-10.084310354597168,31.640449535127523,6.018651812152042e-10,0.052028662477231744,0.005238546187116157,1430.3768517708527,True,OK,7
1.7205062161125555,0.04652979656058927,0.016062855510711196,0.0005009048271888247,-8.37692010898726,205.2092042513784,3.214716894122084e-07,0.027192070030473203,0.003059367351990748,19527.48169479396,True,OK,7
1.7200317472902875,0.14710744511435822,0.026445873049264587,0.0016999225563557496,-9.147861433456091,52.09785393512905,7.0829357358451975e-09,0.04840960141478949,0.005198581485116771,2061.420239199886,True,OK,7
1.7554679094278505,0.11858734288275521,0.022728425248936982,0.001417566884372755,-9.519321425498767,57.279200911633595,1.3395778481157996e-07,0.0434474983053278,0.0045456008325946255,3149.4029094921284,True,OK,7
1.7943711634287978,0.46623997804138645,0.03904204643002356,0.006080090594388336,-10.45355123869773,10.00997462096314,6.540061493694118e-07,0.0831314137641865,0.008237878347228946,195.3900422410807,True,OK,7
1.6839763480047505,0.07155341901851706,0.020605741799552563,0.0007424319148526262,-7.959478767128508,147.77524014195555,6.081077639784125e-09,0.033757924213444215,0.0038678917779695725,8082.5029552395,True,OK,7
1.6861457013355383,0.3173932430289498,0.03905596805258173,0.003651216580526275,-9.091544647629188,24.5310337945787,2.043195355870406e-06,0.07196856730011514,0.007660559125173942,450.23075725389134,True,OK,7
1.687075654989347,0.42914351260652783,0.04448627728834329,0.005020183837515149,-9.269896396546347,17.136922262701653,4.850205445663188e-07,0.0831314137641865,0.008797654868082034,249.05457817210458,True,OK,7
1.7755980120913049,0.41350825195425156,0.0381204943931344,0.005290853727272543,-10.244329168764622,12.38366786422434,6.063114911686968e-07,0.08018803828262751,0.007938660676385016,255.23375848920972,True,OK,7
1.743648473764043,0.49840506152919367,0.043496189083183756,0.006237003616368864,-9.99689797951194,11.361983062037215,1.1780497613621652e-07,0.08934624829756561,0.008929707011268835,181.52516179165724,True,OK,7
1.6761845144121825,0.21260718280933438,0.03335754540246018,0.0023549729469576138,-8.681800712095502,41.31546669009779,5.434199287255707e-06,0.05797081330131604,0.0064303509002441505,977.7377255891272,True,OK,7
1.715351133651269,0.4753498393820677,0.044507461376476674,0.0057720662311540345,-9.670992882190104,13.481710595755633,2.4911145797632684e-06,0.0861828285420169,0.008977299847196734,202.94365808647365,True,OK,7
1.750760534189663,0.40697166341346813,0.039342325352856936,0.005089767843580129,-9.993674940291557,13.94633152888499,7.566646177820456e-07,0.08018803828262751,0.008074130240768255,270.4798761732598,True,OK,7
1.6938477671121925,0.4897443890722107,0.046633531617505705,0.005812935959522213,-9.42516312155616,14.259318457096432,3.124805385798503e-07,0.08934624829756561,0.009291115939824079,192.11912088488492,True,OK,7
1.7398095365626842,0.25696259660991,0.03269502696404032,0.003122066357806418,-9.68566880507085,24.862995557662018,3.846111391106458e-11,0.06459161229229521,0.0065970899440090745,681.7433593156794,True,OK,7
1.8059238619964033,0.2027515333842296,0.02653919426638027,0.002602539757817625,-10.293492850736216,24.845819739334623,4.756738702592308e-07,0.05591828149906458,0.005538857150552928,1028.7972937906254,True,OK,7
1.725653503437699,0.3006812973463696,0.03581845045896724,0.0036211305611216936,-9.587798215498005,21.99001641089623,1.77891284540223e-06,0.06942042686989255,0.007192064758932145,501.7576846965262,True,OK,7
1.6879273654766902,0.17412110067769032,0.03000135312466039,0.001939912253004935,-8.746979715653307,49.5495835941621,2.1172138535721702e-07,0.053938422246314024,0.005798216551397988,1457.0926566674952,True,OK,7
1.6970491651423183,0.06957606997138381,0.019891673930343877,0.0007390992451012474,-8.225354226412943,142.5302237173394,3.243981957484023e-10,0.033757924213444215,0.0037682526577728624,8709.781788819095,True,OK,7
1.7912602448863428,0.3028789597411885,0.03242301985611138,0.0038891144421553834,-10.288246796405348,16.623435480579385,3.432084763933964e-06,0.06696250665518527,0.0067678270231619035,467.6948641703358,True,OK,7
1.7202141908139075,0.21616130113602214,0.03126955027346396,0.0025477433871602135,-9.358474701961935,33.10828549827527,3.686283448372365e-07,0.05797081330131604,0.0062076700668328485,965.2911114913117,True,OK,7
1.7304126605162296,0.3239116074294605,0.03673077989730069,0.003933586244676234,-9.677709903421118,19.76479570186542,1.1592825946652042e-06,0.07196856730011514,0.007409497043546049,432.1021601021046,True,OK,7
1.799747714808459,0.4677342174353516,0.038770838468323326,0.006125511222026902,-10.501366673546146,9.762290747698174,1.805471799484051e-07,0.0831314137641865,0.008205847011816057,192.53218822499213,True,OK,7
1.7248088771342929,0.1780459806069294,0.028518517751508203,0.0020905973402954585,-9.319647257677325,40.73250478193097,6.307543114066707e-08,0.053938422246314024,0.005650661984296042,1415.8430159144705,True,OK,7
1.7331465100259358,0.29260843060567643,0.03497784747056535,0.003548802312601915,-9.664824317353988,21.98891895797981,2.872313606769111e-06,0.06696250665518527,0.007050740623244627,528.1893319416496,True,OK,7
1.7346545076029647,0.33620163671201647,0.03708969909679403,0.004107761997581377,-9.742727439085668,18.593059482700518,2.1254033990087786e-08,0.07196856730011514,0.007507472057545891,400.4088266572533,True,OK,7
1.7476158632731669,0.1739434624131565,0.02721584165752134,0.0020963047592722365,-9.602813921293777,37.88401671878307,7.306805657976808e-08,0.052028662477231744,0.0054669911982552005,1475.8512031502835,True,OK,7
1.7184023128067685,0.20172453802867082,0.030428383650363586,0.0023642338487099377,-9.297992467398904,36.19308835984209,8.189316498302693e-07,0.05591828149906458,0.0060233661615040875,1106.3512990993256,True,OK,7
1.6832495675549144,0.0997100635587071,0.023780393068649475,0.0010607543512241276,-8.23950495001209,99.0690130443228,1.721491530075028e-08,0.04042533433088099,0.004507512577449564,4268.451407947773,True,OK,7
1.7712359323003541,0.2067664215305984,0.028280079693353954,0.0025725743302128594,-9.948083539924031,28.03666916400524,4.682201342519606e-10,0.05591828149906458,0.005785756866297888,1029.408192803232,True,OK,7
1.70003545615842,0.2900827570759315,0.036724169364251255,0.0033825528609116914,-9.23902510921405,25.62887811335013,2.210227044811105e-09,0.06696250665518527,0.007251033416705298,539.5387384319123,True,OK,7
1.77577553594628,0.14356273392577826,0.023920110642650264,0.0017693206262420556,-9.850067328861861,41.990962602883386,1.598155358264991e-08,0.04669559671518797,0.004866275454965004,2127.1371077865824,True,OK,7
1.7857505834693244,0.4652023326200238,0.039530027906645046,0.006024764560183005,-10.376238371074052,10.386311416726024,4.704975882271142e-07,0.0831314137641865,0.008300177232378005,198.7511642293098,True,OK,7
1.7536352340703376,0.3410948763159582,0.03623546159214493,0.004250159784714825,-9.956156693900626,16.90131044177349,1.641742006097735e-07,0.07196856730011514,0.007419808937409966,384.03774377474804,True,OK,7
1.6773606386452278,0.4738495476905151,0.04717764281481584,0.00550268131794621,-9.189742138310516,15.92064896305403,8.300842495981237e-07,0.0861828285420169,0.009295905556943202,204.4732332546616,True,OK,7
1.724947862797092,0.46347219226180636,0.04336317620398196,0.00567880999264462,-9.768926542821527,13.34085192155587,3.355825278644962e-08,0.0861828285420169,0.008791391459208186,212.49539671454448,True,OK,7
1.751056853465034,0.022217023444797254,0.01108441651796885,0.00023949305803788964,-8.398185929324038,427.8844387658332,2.233152248366661e-07,0.018962102815722463,0.0021124046385875843,84611.34739055968,True,OK,7
1.6753958799052808,0.34660102672156257,0.0412941043951741,0.003947838699844797,-8.982931488880562,23.214731646036032,3.0519737943533455e-06,0.07461023956159979,0.00806144545582833,376.9028837000523,True,OK,7
1.7487735219364706,0.03273556985891569,0.01314544308500638,0.0003611109752201543,-8.652172709707088,271.33705584681707,6.842263627423931e-08,0.0227072417455348,0.0025296942128128818,39713.223684689176,True,OK,7
1.774084394571134,0.42902976179320723,0.038837927093493096,0.005489045249107451,-10.242419550070156,11.94217493200335,3.7920838270101715e-08,0.08018803828262751,0.008087440823711595,237.45377545194347,True,OK,7
1.7394984475415032,0.24356357137148238,0.03195161453173412,0.0029515922620811097,-9.658192759204555,26.49642887178979,6.757765677186284e-08,0.06230466251811238,0.006437759466291649,758.4587789809857,True,OK,7
1.6707662352368478,0.39759186199692764,0.0441661555509624,0.0045340343971433696,-8.994753843077277,20.160733395393727,1.2823126540297507e-06,0.08018803828262751,0.008626921908374286,287.4397057915025,True,OK,7
1.7163002493444548,0.441806537495619,0.043035112254730286,0.005353775623775945,-9.649928047928855,14.61975380770905,4.4790847689008734e-07,0.0831314137641865,0.008670506977606027,234.5757060950145,True,OK,7
1.7222284822581273,0.29123739710273866,0.03551218889010906,0.003488875412672419,-9.531041550175848,23.1603191909893,8.670664463128263e-07,0.06696250665518527,0.007110232244100858,535.0464950852416,True,OK,7
1.7078478503479058,0.09708239004076097,0.022534811280927054,0.0010755852633672451,-8.690602571600644,90.36636956690923,2.392999286610896e-09,0.03899402295873397,0.004344623570561839,4622.223591880478,True,OK,7
1.778487106473386,0.2583634298462152,0.030838948957277526,0.0032628501936809986,-10.108165437234762,21.03181059030358,9.348020883139759e-08,0.06230466251811238,0.006367832804087561,653.9776545606807,True,OK,7
1.745108309325315,0.48339965767123305,0.04281700254943843,0.006050883356503582,-10.000364342281875,11.70033288052076,1.994208797469301e-07,0.0861828285420169,0.00879178704672206,192.7091086419709,True,OK,7
1.8049011877111016,0.4307082184171537,0.03708079064800842,0.005649880242670353,-10.521527671601952,10.510565112331337,8.4631818237648e-07,0.08018803828262751,0.007857672302421197,225.43121102682437,True,OK,7
1.6962653009871047,0.30525089326475835,0.03777773803650533,0.0035514125608226187,-9.214199105334416,24.546572217241984,4.650522298314556e-08,0.06942042686989255,0.00745073486159673,487.6753509815685,True,OK,7
1.7929406394517753,0.1997426894954901,0.026913260410415602,0.0025334597081924123,-10.160762297600272,26.665524389976415,3.672386357571798e-08,0.05591828149906458,0.005572758426033914,1078.3823700265818,True,OK,7
1.6841548632309817,0.4092621930751625,0.04377672988611493,0.004758556013921131,-9.204613069201937,18.352137549261467,3.787616313205282e-06,0.08018803828262751,0.00863114663397406,273.1954910146812,True,OK,7
1.737446897190704,0.2909084865724057,0.034653761390933686,0.0035438275293716423,-9.712474747393683,21.739034486277873,2.242592757301492e-07,0.06696250665518527,0.0070026227602786,533.2379330808399,True,OK,7
1.8075002014844983,0.3114614866371546,0.03199661151162809,0.004056134927526293,-10.446676764848256,15.077256246122603,9.770530529213537e-08,0.06696250665518527,0.006745011157854884,431.8021542033347,True,OK,7
1.7294971139932542,0.19759249656665492,0.029622371230569006,0.002345231899579572,-9.435279982646241,35.31319761018568,8.318440829387114e-08,0.05591828149906458,0.005901990879315235,1151.9570164896693,True,OK,7
1.7284667009715664,0.076831559925761,0.019670548206812376,0.0008661822200636026,-8.884383032162766,108.12266038031491,3.607703795888004e-07,0.03499703977938398,0.0038220994818899076,7400.549046333274,True,OK,7
1.78126507817846,0.4221040919297797,0.03813156183798755,0.005430429136978723,-10.304170600922868,11.821886699357988,1.192411966564265e-06,0.08018803828262751,0.0079700773704684,243.11822058458654,True,OK,7
1.7098155988402772,0.16582237683677314,0.028329207829161197,0.0019019447934872106,-9.065627100839643,47.39292866706933,2.014846890000873e-06,0.052028662477231744,0.005548865740042131,1624.2497178355738,True,OK,7
1.792406795886874,0.03150577065341862,0.012005402137761089,0.00036973761873613684,-9.33597113830961,230.18064996152305,7.474894583739272e-06,0.0227072417455348,0.002378264738853698,43190.36512021365,True,OK,7
1.742864042127412,0.2425643430471205,0.03172492358844599,0.0029497445565250567,-9.696064357271817,26.245652147073372,1.7547061129336313e-07,0.06230466251811238,0.006404534831850968,763.4672078309267,True,OK,7
1.7666177477409843,0.09842801607173815,0.02057670840957563,0.0011819489791872289,-9.57161343389029,67.82395350511268,1.4150962702261536e-10,0.03899402295873397,0.004125377679096045,4540.438397544599,True,OK,7
1.7635663037113216,0.20083232377994067,0.028261274611179363,0.002476853124091107,-9.852233209199587,29.946181743674895,2.6097046475643663e-09,0.05591828149906458,0.005751672746702838,1098.029128666818,True,OK,7
1.75662006894375,0.039245604738932446,0.014025698800479817,0.00044336921171484215,-8.914248629273196,210.1404968294182,1.41365537181949e-07,0.025300617181813888,0.0027279482605000183,27963.576346172846,True,OK,7
1.7346418076058312,0.2706804291115386,0.033723378664221655,0.0032774803212136635,-9.647795642217217,23.92182223445465,6.640129143870693e-07,0.06459161229229521,0.006791595523283012,616.1976717500629,True,OK,7
1.7000056963996981,0.08701935400597793,0.021785691855781896,0.0009446602405082736,-8.466055842938081,107.1328384262854,8.272745867456178e-08,0.03761338902136763,0.0041637567266019455,5673.800937085035,True,OK,7
1.6963864024217221,0.18518771747040705,0.0303848225248304,0.0020971281583688204,-8.92534170357419,44.25058691265523,8.130863929122541e-06,0.053938422246314024,0.005915924985630741,1299.814146291326,True,OK,7
1.6835534209026959,0.4747135019502101,0.046753491281990495,0.0055565091279754794,-9.275263086639018,15.461386121773794,1.1824427032641717e-06,0.0861828285420169,0.00924872664743632,204.08410118574741,True,OK,7
1.7266991686094144,0.40830540920323954,0.04090110084934699,0.004986505988202906,-9.735205616484592,15.340733491133307,1.5861169439051678e-07,0.08018803828262751,0.008276768077587827,273.1489253979316,True,OK,7
1.8064183972352386,0.058752934401314766,0.015391507916314955,0.000721353676928664,-9.823792120228218,104.059366705529,6.437906640784165e-08,0.030297654022966563,0.003124488791691829,12375.386113882585,True,OK,7
1.7612337255108992,0.4382763616357827,0.03999457293868254,0.005548631094172576,-10.126098536428188,12.271725582073076,4.842164925629781e-07,0.0831314137641865,0.008271151118753987,230.86629709173476,True,OK,7
1.758792820755342,0.22593253825155807,0.029987914941843975,0.0027858794858994515,-9.847630697694514,26.649851548384213,2.2807984190314999e-07,0.06009868516564226,0.006102135396250864,870.8955339094802,True,OK,7
1.7303506900693113,0.03723146528353227,0.014346748789628095,0.0004014073344938107,-8.395832396732567,255.30027269384985,2.0240831347514736e-07,0.024404816029045106,0.0027342625415912292,30413.187088974046,True,OK,7
1.7448441051804986,0.4969006384576868,0.043358086643137804,0.0062244593244288726,-10.007957044821383,11.346554007270958,1.4611099248080385e-07,0.0861828285420169,0.008906909135459584,182.43883525114668,True,OK,7
1.804219053636071,0.03939162984423833,0.012972871915800615,0.0004741786254307968,-9.612657676309592,167.68849551332534,2.741933997611911e-08,0.024404816029045106,0.0026044775343553317,27549.66582621751,True,OK,7
1.7688115805081284,0.16484713601452677,0.02569980248140997,0.0020281664468224762,-9.829055265089217,36.83476077492835,7.571418462572448e-08,0.05018652022871682,0.005223058942749203,1622.4579127284633,True,OK,7
1.7964184814768591,0.0416550779404537,0.013465471216632111,0.000498068891918088,-9.537798536159746,162.67319061206013,2.2119361792913667e-07,0.025300617181813888,0.0026935849506698993,24760.743126535046,True,OK,7
1.8010223742815512,0.4219883570181329,0.03697016585837147,0.005515789784138862,-10.481760511828355,10.927339781714435,1.440518886493182e-08,0.07734887682598612,0.00781393624096259,236.3881458099532,True,OK,7
1.686450613515364,0.04871568191230361,0.017417677979290103,0.0004911719121579799,-7.632349354807468,233.80383388455553,8.219095741512012e-09,0.0281901798974141,0.0032349285761083934,16914.465760503976,True,OK,7
1.786859073005771,0.0947636820677981,0.019586373101022403,0.001161960035497709,-9.800988819957514,64.91144882290965,6.083214621854547e-08,0.03899402295873397,0.003972915177276713,4836.29313565905,True,OK,7
1.744885741416622,0.45955753178178055,0.04188706141594964,0.0057407819958359176,-9.97904151508156,12.414740220911824,2.85269483467087e-07,0.0831314137641865,0.008590159533798462,213.22825313358535,True,OK,7
1.7494427358969054,0.21067198470695556,0.029513629041669157,0.002564984252722821,-9.71115886993447,30.070514582592683,3.0725510747632475e-08,0.05797081330131604,0.0059622022937902705,1007.3117816801596,True,OK,7
1.457852087131019,0.001568054536334839,0.07535524851212143,0.0072379282476115,461.86557758292616,4759.26298021438,0.013458111774876352,0.06459161229229521,0.009296243282716136,27.861819749577116,True,OK,8
1.5259378017770078,0.003795887665729745,0.5000000049999993,0.08340550154630116,-100000.0,-99962.62693182992,0.3957362115881399,0.9645937035317568,0.06805688771734374,32.05252090023072,False,lambda2 edge (-99962.63),8
1.4246172539174708,0.003574425716563558,0.1535257010464648,0.048050720805273464,463.59608507756906,4687.883709731119,0.07162088678504012,0.06459161229229521,0.024687183277991527,37.5290671332833,True,OK,8
1.5253685153358922,0.0018485744813920631,0.03386436375269423,0.004336853402541355,440.20388650900435,25012.12939384601,0.005455390671118902,0.027192070030473203,0.004546488502545285,15.526530267285793,True,OK,8
1.5127493952651536,0.007370595049613031,0.048522654896444424,0.011171393418464483,443.8717396484421,19580.118242804823,0.013665312313554138,0.03140975719832603,0.007554129207180937,20.662708362961723,True,OK,8
1.5079024932906737,0.00978307786331107,0.06684108628807946,0.024493358700409466,440.97304067180346,25941.839883256132,0.029001600727304986,0.027192070030473203,0.01182113352794632,20.6691058430235,True,OK,8
1.5094801052171933,0.009490441161500676,0.09046331941007249,0.04019096833980918,436.43812636785833,38973.843012599435,0.048366042249831556,0.021903262412316327,0.016548135777266517,18.580083664503405,True,OK,8
1.4165015833828194,0.008162097086502732,0.1120637283607237,0.007432762540038813,473.9724930553947,1987.8966848331809,0.01988190417525685,0.09955040995908344,0.01290956203867568,35.904131391959304,True,OK,8
1.4709378402305362,0.005891460355718746,0.05636291496980871,0.0008316259354054101,456.61964025018807,6285.123436341963,0.00421509493976761,0.05591828149906458,0.005579172299513368,7.227071212899248,True,OK,8
1.5168598049216668,0.009746234367820402,0.5000000049999993,0.08340550154630116,-100000.0,100000.0,0.390835670022051,0.9645937035317568,0.06805688771734374,32.05252090023072,False,lambda2 edge (100000.00),8
1.4916289819956134,0.005346445505246056,0.5000000049999993,0.08340550154630116,-100000.0,-99953.77532375239,0.3783285342857062,0.9645937035317568,0.06805688771734374,32.05252090023072,False,lambda2 edge (-99953.78),8
1.4593325015272398,0.004477073115008636,0.0745739361707398,0.0075221531269981925,461.3773361758862,4945.2132055109905,0.013584940236019088,0.06230466251811238,0.009292672699051284,27.919496030944103,True,OK,8
1.447007873844446,0.004523561575159883,0.0871812049126248,0.01107390738686653,464.2859573358944,4073.2779678476795,0.01867065568022825,0.06942042686989255,0.011389611076553494,33.25123300945864,True,OK,8
1.4116679205826552,0.001696924767343944,0.13740945589601508,0.02420190552534375,473.5201889125757,2190.5143777166077,0.043079164092678,0.09602569863053698,0.01929370564404093,46.809156686604474,True,OK,8
1.5013830797034005,0.005014656036282036,0.0407743850420153,0.0058537442139813154,444.0730255509817,18584.404026157878,0.0127244081744578,0.03140975719832603,0.005596643165108549,18.141215191007987,True,OK,8
1.5209889835108006,0.0065099890773455725,0.032057140489396896,0.006377374429969657,435.6670165153403,37170.72689783289,0.020590384530978247,0.021903262412316327,0.0048754994205749,15.916725831225387,True,OK,8
1.4045728776839745,0.0024177100718573152,0.14543386841847483,0.03314193331129971,471.04568607016347,2661.866001198549,0.055401631449196444,0.0861828285420169,0.021711463090623537,45.30482055457984,True,OK,8
1.426756573091691,0.009781624219506947,0.10795235259032535,0.012642694336783916,470.5423589418364,2608.130472892592,0.024143927379664365,0.0861828285420169,0.013830289426042081,39.495972245811394,True,OK,8
1.4284315493997124,0.0056418010865924625,0.5000000049999993,0.08340550154630116,-100000.0,-99953.77532375239,0.3528482642780572,0.9645937035317568,0.06805688771734374,32.05252090023072,False,lambda2 edge (-99953.78),8
1.5217030011132255,0.009794734569229219,0.5000000049999993,0.08340550154630116,-100000.0,100000.0,0.3933871503302087,0.9645937035317568,0.06805688771734374,32.05252090023072,False,lambda2 edge (100000.00),8
1.4307268565998608,0.0014420587937503612,0.09721155548277276,0.010926188148391382,467.9355450642314,3120.278016792282,0.02069179500552148,0.08018803828262751,0.012353184999371339,35.99362987022406,True,OK,8
1.4199682382299086,0.0015699563083230229,0.14054015968901992,0.02605713527246282,473.463184819767,2209.110724199997,0.04639815669319619,0.09602569863053698,0.019974014696813657,47.06340440622344,True,OK,8
1.4253661513420037,0.006117127432333619,0.08856084158349814,0.004111805668526189,468.1747349809256,2911.6376757273156,0.015326170948549083,0.0831314137641865,0.009687077064831658,24.75104253474989,True,OK,8
1.5186183435184335,0.005834969953249061,0.5000000049999993,0.08340550154630116,-100000.0,100000.0,0.391811607435474,0.9645937035317568,0.06805688771734374,32.05252090023072,False,lambda2 edge (100000.00),8
1.4813786423708806,0.00281680526448587,0.5000000049999993,0.08340550154630116,-100000.0,-99873.45814454778,0.37362545977146544,0.9645937035317568,0.06805688771734374,32.05252090023072,False,lambda2 edge (-99873.46),8
1.5040758706876005,0.006560100176550249,0.0358786504803292,0.0015397330115376686,444.60851994608123,16559.42796782434,0.006397139411470808,0.033757924213444215,0.0039297675087592975,10.204436190248634,True,OK,8
1.5123377877950541,0.009539587963052057,0.037070186702233394,0.004742722266063322,442.4138937375669,21000.469719180066,0.007956289430857267,0.030297654022966563,0.004959469082748785,16.56152693052774,True,OK,8
1.445227100848357,0.0018152115268189543,0.08688443653134927,0.009114169745310003,465.268809793605,3750.487397802831,0.016776266171822513,0.07196856730011514,0.01089358578387511,32.26457555965239,True,OK,8
1.4293707645291818,0.004940574091082535,0.11608396371717769,0.018254314369352126,470.2523142207652,2717.8269539360444,0.03195898324133086,0.0861828285420169,0.015883888624438743,42.13596574098327,True,OK,8
1.5229401747371816,0.004404788401360738,0.02915354667707451,0.0012725859413301225,439.4720546309287,24837.740464513085,0.004716169213810944,0.027192070030473203,0.003213014922527495,8.751926900428485,True,OK,8
1.500200517776498,0.005864290229536795,0.046182824104482205,0.008992030328566944,444.6412289274867,18183.04128263465,0.013860498964293881,0.03256268114059059,0.006856082350733474,20.256694621161472,True,OK,8
1.423765140156027,0.0038866070705810647,0.1045435935590714,0.009721923918015149,470.8547243970784,2514.6051623288954,0.020724318638003596,0.08934624829756561,0.012783466647936113,37.05501504330085,True,OK,8
1.4849149450529664,0.007055680552164042,0.11242006006747467,0.047602803179474296,442.7544439817536,23474.463619020542,0.060177866535607576,0.0281901798974141,0.019892702788995964,21.447312642671573,True,OK,8
1.456518767085176,0.003057810423959032,0.07841202168778161,0.009604886790127422,461.7024716930427,4891.331664678075,0.015938872882557884,0.06230466251811238,0.010177526398389541,30.209747513403105,True,OK,8
1.4938478813366478,0.002519857374514433,0.5000000049999993,0.08340550154630116,-100000.0,100000.0,0.37942375402149703,0.9645937035317568,0.06805688771734374,32.05252090023072,False,lambda2 edge (100000.00),8
1.5217670599424664,0.0026911322113282905,0.03948663573246898,0.007334659103153539,441.2978166824874,23551.57887856629,0.008936906147283886,0.0281901798974141,0.005823860862178197,18.171840670967374,True,OK,8
1.4139506071682275,0.00547882932128841,0.13156683204710523,0.015032226603988688,476.1396389047839,1774.1641314091096,0.03260369480693523,0.10699271483050952,0.01677476438327793,45.76440927983114,True,OK,8
1.46754144775426,0.005573736233004204,0.06791890920450203,0.01108914084205394,455.91564210280137,7619.642566572308,0.016044526022671365,0.05018652022871682,0.009474236433228344,27.267946071479074,True,OK,8
1.456766773614049,0.009953334035466475,0.5000000049999993,0.08340550154630116,-100000.0,-99792.25469640184,0.363068824535351,0.9645937035317568,0.06805688771734374,32.05252090023072,False,lambda2 edge (-99792.25),8
1.4632164796471756,0.0053015192266584795,0.07639608427828265,0.023125771673152815,449.64191534027395,12914.877907176424,0.03594828703748768,0.03899402295873397,0.012618943667793136,25.544060946382743,True,OK,8
1.454829588152893,0.0016014317923131662,0.06988546757533853,0.0034281371425088844,461.66076014438505,4644.142868656793,0.008289796660066075,0.06459161229229521,0.00771398853237861,20.101183500269006,True,OK,8
1.47708436204945,0.003051709950008642,0.05418136979122846,0.00317829214798174,454.6367676367458,7853.456756172051,0.006069462262631469,0.05018652022871682,0.0061572814509832765,17.239800231583814,True,OK,8
1.4828891674297764,0.0014575011575362945,0.06762078887536674,0.010441891706516574,456.2627694877631,7396.2137996614265,0.019502205836979297,0.052028662477231744,0.00930123507300544,27.147490299062124,True,OK,8
1.5275803231628902,0.00522104571111405,0.06308469122808381,0.0281703683907224,430.4320315470899,63222.486393286206,0.035623543132277946,0.01701844067858532,0.01196114336497228,16.450392112065703,True,OK,8
1.5165781983067907,0.005280050559096414,0.03193981446910194,0.008037184852883008,432.78186652072685,47996.39507647523,0.03416728800418419,0.019658124188759216,0.0052400874246965115,15.782677465176816,True,OK,8
1.4078430064146488,0.008399921914844264,0.14073846854664832,0.015614377731064152,478.20398986294975,1540.7566280314163,0.03559649206566989,0.11499140015101728,0.01784637957370152,47.6851987053379,True,OK,8
1.4842638848567273,0.008035813428165508,0.10879720371457552,0.044724776481913794,444.43235236150826,20405.25958225673,0.056434019145755084,0.030297654022966563,0.019157147795820312,22.442295086519042,True,OK,8
1.4556620822561535,0.006741430698219805,0.0714281606395694,0.004302111047275963,461.8670178990324,4628.862831607821,0.009371952017785281,0.06459161229229521,0.008120475434314059,22.60497796143886,True,OK,8
1.511309770493559,0.0066795889858469884,0.03588878392169221,0.006296677751268969,439.49764719951145,27052.731748671235,0.017433840764511693,0.026229299537389037,0.005229688520174455,16.98515829816297,True,OK,8
1.4451975725286674,0.006962766349295799,0.08274606801073761,0.014102476666433472,460.59812670636614,5424.175488773654,0.02322039062942302,0.06009868516564226,0.011608485092751062,32.005432510353046,True,OK,8
1.4873410445198287,0.009645282662559627,0.049678321848282435,0.004871024739435306,450.94956341099953,10681.024675427936,0.007417535937799788,0.041909183299525955,0.006203338540392525,19.45417073447976,True,OK,8
1.4482186018004168,0.004825735907627181,0.0884323821886146,0.011808422557805811,464.33240038189484,4073.708590379128,0.019814662211905046,0.06942042686989255,0.011682299166380989,33.79708385232176,True,OK,8
1.5055759849543178,0.005551860832684672,0.04314165916611162,0.006005588866563118,445.66018047672077,16390.143907009835,0.007815364699893374,0.033757924213444215,0.005863309143306754,18.8263226823366,True,OK,8
1.4957545021050453,0.005137385180082329,0.041084429885746336,0.0039509754485528535,446.2365397888571,15301.864273861744,0.010685515513272516,0.03499703977938398,0.005134317975629165,16.572967873187086,True,OK,8
1.428014368435651,0.007706834585029098,0.09794944958021996,0.0063411461080606045,470.28658379821394,2559.82378713233,0.01581907335497629,0.08934624829756561,0.011239303717764958,31.48467381225017,True,OK,8
1.4170501719940123,0.0027872529717817727,0.10955398259716248,0.006817122208150813,473.50558302844445,2044.9434949621143,0.01886956919911154,0.09955040995908344,0.01249253118897942,34.42257673983216,True,OK,8
1.4814872477619472,0.007725428201728629,0.5000000049999993,0.08340550154630116,-100000.0,-99989.85582418123,0.3736030967213281,0.9645937035317568,0.06805688771734374,32.05252090023072,False,lambda2 edge (-99989.86),8
1.516309425292816,0.0034532784767430254,0.050543477007724553,0.00799041455771837,448.71694436876584,13068.289501407335,0.02323424214779964,0.03761338902136763,0.007058653304510536,21.54836009543465,True,OK,8
1.414394153618072,0.009604419935703663,0.12807948824390922,0.017876102753237005,473.9592966068638,2086.861766845942,0.03412381222382908,0.09955040995908344,0.017047264960376035,45.39061365225649,True,OK,8
1.4200750014428785,0.002779002840291756,0.10495250032321966,0.009081810307639642,471.2615141845786,2433.888042136313,0.02067253252330424,0.08934624829756561,0.012660140420540462,36.577909938060436,True,OK,8
1.4378728289626004,0.005764522186236588,0.08630806531885676,0.009553412333289948,464.81747823890885,3886.2586757056633,0.018082007414121852,0.07196856730011514,0.01094396704745447,32.377806533471464,True,OK,8
1.5147673235844301,0.007844914204568804,0.04742452151802688,0.011791965007851379,442.2256288436478,22433.948573545116,0.013921213960611797,0.02922492630233715,0.007570862934078391,20.082540460027936,True,OK,8
1.4920604819995424,0.002576625110704033,0.07009664036318494,0.02264591851250368,445.9858444062745,17226.110317454506,0.027868509850463328,0.03256268114059059,0.011873384133094396,23.26094983632842,True,OK,8
1.4464987420983766,0.005305644334780102,0.5000000049999993,0.08340550154630116,-100000.0,-99953.77532375239,0.35918722161116884,0.9645937035317568,0.06805688771734374,32.05252090023072,False,lambda2 edge (-99953.78),8
1.419165373953126,0.0034608673191400528,0.10390168429801191,0.008272614541847776,471.2935859874642,2416.2805535940834,0.0199470004645648,0.08934624829756561,0.012345322257709844,35.48669066180155,True,OK,8
1.4400833165138698,0.0021454857849613537,0.0882115308387243,0.008579804818899518,466.02923737579744,3536.559595337392,0.016345970731349805,0.07461023956159979,0.010890604076480537,32.20912561592961,True,OK,8
1.4715311599480734,0.0073452537687177365,0.5000000049999993,0.08340550154630116,-100000.0,-99989.85582418123,0.36921637285529557,0.9645937035317568,0.06805688771734374,32.05252090023072,False,lambda2 edge (-99989.86),8
1.4090911120919918,0.005330107915868349,0.12062975367975166,0.009041804986875523,475.669860711602,1783.4977079028424,0.02371246623345652,0.10699271483050952,0.014187772400349845,39.654768492407044,True,OK,8
1.5016874553848134,0.007731911160572023,0.04630309550917683,0.008790813252556814,444.95816311859465,17704.76017640818,0.012335804150322798,0.03256268114059059,0.006823250658295854,20.304852088891458,True,OK,8
1.505959502508438,0.005034165698535464,0.04429869051164048,0.00699123869222944,445.4588326464883,16795.36953590827,0.00890201544839795,0.033757924213444215,0.006213832164150954,19.510604841786552,True,OK,8
1.5066724207431819,0.0031667776409284257,0.05406887674473569,0.013213543369693274,445.6225829684215,17179.36645367003,0.016442984200047153,0.03256268114059059,0.008524869675428884,21.99549585095004,True,OK,8
1.446905372984277,0.002587200187760212,0.07746350415790212,0.004279398305715817,464.2239764390416,3889.132637740792,0.010240845394884523,0.07196856730011514,0.008686819817798126,23.534502868832497,True,OK,8
1.4607729901257143,0.004528540201738989,0.07082455540752816,0.006044977752054176,460.67323534041526,5150.732162806075,0.011342081156149656,0.06230466251811238,0.008546907254919474,25.49691232353272,True,OK,8
1.4313205251338605,0.007766026383077035,0.23838200671771997,0.07384200689869097,469.1737027465876,3249.2523548840177,0.13620543868089272,0.07734887682598612,0.03737568920382412,40.71570087684525,True,OK,8
1.440800080374514,0.003455238971312522,0.08778232013358815,0.007387509823576431,466.4781817426978,3395.6290573444116,0.015068372001929486,0.07734887682598612,0.010541844441853836,30.937592546737868,True,OK,8
1.4170157430105643,0.004949395316217539,0.2927369748748031,0.07873146534622515,477.5568711023712,1818.8928154817913,0.17171164578395187,0.10699271483050952,0.0444057000754201,45.622702152111124,True,OK,8
1.4393854017488492,0.004323455572068717,0.09453799400585468,0.01244119273389425,466.2091158229103,3561.620818880207,0.021309925157345384,0.07461023956159979,0.012437361650712617,35.72903182631282,True,OK,8
1.4306796441406717,0.007868399408379105,0.12695971264369155,0.02888344502928271,467.73270314075876,3347.8145086214768,0.04500100876478043,0.07734887682598612,0.018993692144087373,41.65371652174706,True,OK,8
1.5209004351561133,0.005481386675099989,0.031313810228083605,0.00890462704428052,430.3865615389985,59196.93750865085,0.03790232105707953,0.01764311815044419,0.005365000593171759,15.360246757277556,True,OK,8
1.4835897950343082,0.008804550489460355,0.5000000049999993,0.08340550154630116,-100000.0,-99975.24889953125,0.37454227432225595,0.9645937035317568,0.06805688771734374,32.05252090023072,False,lambda2 edge (-99975.25),8
1.5298478528533757,0.00652164836256849,0.0765332131240255,0.03547762226145036,430.81356934312305,62143.725335803,0.04160390996263821,0.01701844067858532,0.01441189228855771,16.51864759863946,True,OK,8
1.515671330650183,0.009177474219000777,0.041782410906323016,0.00838440320850558,441.9004275981446,22594.026145034488,0.010256352554556949,0.02922492630233715,0.006287159001325132,18.888140015117045,True,OK,8
1.502888693414991,0.005148382519657993,0.5000000049999993,0.08340550154630116,-100000.0,-99953.77532375239,0.38378612060537926,0.9645937035317568,0.06805688771734374,32.05252090023072,False,lambda2 edge (-99953.78),8
1.4105500200551069,0.0011422499989612047,0.06939074822470602,0.01612953278768033,452.4333587082593,10170.047275056417,0.07238642399016408,0.0434474983053278,0.010651398613308908,26.58053768593681,True,OK,8
1.4620360823267802,0.00544883080181156,0.07331811743182344,0.00896436382368327,459.9475359157171,5554.150491472373,0.014487488429234011,0.06009868516564226,0.009523299232203457,28.49019204485409,True,OK,8
1.4529571104221863,0.006113506161622281,0.07521980673184932,0.005847782274719055,462.58536568168086,4461.136520799373,0.011441664244993504,0.06696250665518527,0.00891686659288929,26.17063763330835,True,OK,8
1.4717811514295756,0.008529517369294238,0.0590517929212557,0.004484879817750836,456.2638778181204,7065.239203363207,0.007839572284146227,0.052028662477231744,0.006994610140533457,20.778535110571013,True,OK,8
1.414125423424094,0.0030265989949499095,0.14689821473727233,0.028196450852215706,474.1378415218753,2116.7775843931768,0.049932448647858174,0.09602569863053698,0.021045933414172605,47.97641542377348,True,OK,8
1.503090647264752,0.008630531805012893,0.042866034811547264,0.004529105362242437,446.9242910643419,14596.409201967588,0.006252695905632769,0.0362816382185018,0.00545983787109782,17.62935146789848,True,OK,8
1.5293271477707129,0.008856208147483759,0.060948960116863404,0.026171512691651123,432.10516860548637,54545.18229146804,0.03132823495487175,0.018290724981767724,0.011442966915792772,17.016447189793944,True,OK,8
1.5156868709194031,0.0038291314836691437,0.0315490303742054,0.001481964867833855,441.32048639839223,21540.109336384063,0.005848842924369517,0.02922492630233715,0.003505921524710285,9.704936442530613,True,OK,8
1.452216012421219,0.0034127659433849595,0.07153308604772346,0.0030900831458535883,462.4665083546072,4351.186894866517,0.008157219826253824,0.06696250665518527,0.007764285496866229,19.243443446201013,True,OK,8
1.478818921765053,0.009449248187863347,0.06428135913616474,0.020606706677714668,444.2415226543702,19696.341947417583,0.03474385590490593,0.03140975719832603,0.010922868158185191,22.1740346685086,True,OK,8
1.4448033152465103,0.0060130160369330525,0.08646137594713624,0.00927956472530551,465.02431337068805,3821.849202135523,0.016691191835815796,0.07196856730011514,0.010892225885823488,32.26003203200128,True,OK,8
1.438518951958953,0.0025281997639543677,0.5000000049999993,0.08340550154630116,-100000.0,-99435.79606767179,0.35633307630389743,0.9645937035317568,0.06805688771734374,32.05252090023072,False,lambda2 edge (-99435.80),8
1.425374118876425,0.0015215081008431695,0.10941120475007401,0.012643244739738758,470.98883754968836,2526.37085538273,0.024594604577132865,0.08934624829756561,0.01397766888620216,39.8682918397719,True,OK,8
1.5234081579912035,0.004625916476568667,0.12101354019260734,0.05074807373213656,444.26121122382006,20886.939836335223,0.0783297508756577,0.030297654022966563,0.021220425545023645,22.19784503619693,True,OK,8
1.5084357159602741,0.007131965254207221,0.03667548776840086,0.009077125676408088,436.2315462220624,36175.00136559249,0.030373316959528194,0.0227072417455348,0.005933608709433808,17.125055855920042,True,OK,8
1.424949750983441,0.0025791602192117907,0.09828615789224347,0.005838069606974843,470.59045780513924,2493.9818052154,0.01570280779328322,0.08934624829756561,0.011127798493336925,30.577151660559046,True,OK,8
1.5055584661963708,0.0033824053955758366,0.05444765668305661,0.013087972738217988,446.0382420454675,16609.905249542553,0.016395000434419795,0.033757924213444215,0.008538404661431468,22.180258260951785,True,OK,8
1.6387270738812567,0.04840332428136944,0.019110585865046246,0.00042423801863741796,-5.931904350415074,323.5285062031343,8.663105510612533e-08,0.0281901798974141,0.0033930929599076537,14845.018502155306,True,OK,9
1.608102119879081,0.08886843256185603,0.02621616496309583,0.0007621394900313978,-5.65088552590505,184.18645032523807,1.682973870199526e-08,0.03761338902136763,0.004625964421964566,4314.524375355687,True,OK,9
1.5505833304940337,0.056572441807393965,0.0260193611994375,0.00024568317510612547,6.43473942089641,829.5665125884718,1.9493320158840873e-08,0.030297654022966563,0.003979736480951491,8026.84989053326,True,OK,9
1.645387455198096,0.055875856320769496,0.019992709808750724,0.0005116206872928145,-6.4812987883574165,255.47570176910315,4.417738745849072e-08,0.030297654022966563,0.003596225964246857,11667.309504025714,True,OK,9
1.5758944164870061,0.06595093559454197,0.025274319727239248,0.00043686014390859507,-1.896735559611362,392.0979602369869,2.178551454831196e-09,0.03256268114059059,0.004187561996875183,6399.825082090954,True,OK,9
1.5528945174908588,0.08654746518622544,0.030013802508310806,0.0005107533885532461,0.07668581223455742,356.45359838232497,1.0762990560624183e-07,0.03761338902136763,0.004855649799947221,3539.313433165973,True,OK,9
1.6203404146197902,0.06269908085342714,0.02212575200653859,0.0005330583603990256,-5.537763468048113,265.6241489470172,1.135810792369818e-06,0.03140975719832603,0.003894749384918395,8584.711630507536,True,OK,9
1.6285663528404952,0.052784496063940145,0.020249525053323027,0.0004508658869789057,-5.598848146586402,312.5960883145495,1.8139826905929775e-08,0.02922492630233715,0.003569107834399246,12163.799794300005,True,OK,9
1.5205597508367983,0.07427004172334446,0.03235388386341846,0.00016456135327786348,28.832633044802012,1394.6149478662198,6.980344899306687e-09,0.03499703977938398,0.00444685282097566,6035.7506784805355,True,OK,9
1.6492301104188092,0.042318658589613076,0.017678524040075985,0.0003776823928103105,-6.161870490728652,356.34943768778794,3.557517258434238e-08,0.026229299537389037,0.0031554841629885485,19777.2060849291,True,OK,9
1.5470397495820998,0.07113487854922505,0.028536283126310662,0.0003458828746617605,3.882141005215713,568.9855132160897,8.901840782782775e-09,0.033757924213444215,0.004451735458227377,5061.890291866265,True,OK,9
1.625292295737833,0.0453425203045032,0.019183182961052748,0.0003715369494225088,-5.047245746562844,394.62951616810454,7.676742750757925e-10,0.027192070030473203,0.0033431790081917883,15828.424551208873,True,OK,9
1.5713805049886562,0.08482454803779318,0.02818816821471874,0.0005889061197282076,-2.6433732622219694,282.5941626591027,1.7939056034678835e-09,0.03761338902136763,0.004718764310316355,3974.841141322698,True,OK,9
1.568300617092827,0.05133018522853834,0.023586073922103535,0.000280886571739897,1.481670914168294,670.2413026801806,1.380477968676445e-07,0.02922492630233715,0.003760323874399075,9860.838018786264,True,OK,9
1.5454144575615563,0.06460292721489966,0.027771848955188045,0.0002823909075044775,6.28028530135709,720.400399370615,5.880594910111017e-11,0.03256268114059059,0.004252522579452475,6152.244756623929,True,OK,9
1.5823242197247658,0.09170886506896084,0.02822585694047234,0.0006990645947689643,-4.040484972384966,222.8564060458043,9.423360467495192e-07,0.03899402295873397,0.004829449458036224,3635.1153539638362,True,OK,9
1.6034928144138392,0.0814241172709301,0.025567113360248243,0.0006743393325561958,-5.190279592976535,215.31379368581628,4.0961161905025634e-08,0.0362816382185018,0.004468430417980371,4963.464406863729,True,OK,9
1.6477883322996678,0.06471060641805843,0.021148992889362738,0.0006081428495742506,-6.799597275175728,208.21551512065713,3.52350835247067e-09,0.03256268114059059,0.00383537320380787,8949.544789210251,True,OK,9
1.5724360724223867,0.09540081806354875,0.029415396347706724,0.0006907111551018125,-3.284664618193002,234.26571280064923,1.984712014638009e-09,0.03899402295873397,0.0049715658483606585,3231.0544843905627,True,OK,9
1.5519638263106577,0.083788914778172,0.029748801760701292,0.0004815956186789061,0.5567796748032046,382.68129676922473,3.362427055619004e-08,0.03761338902136763,0.004787864585779997,3746.1262557648433,True,OK,9
1.6180945079683575,0.04586727984672659,0.01960694111151364,0.00036365816805151286,-4.59610017359701,414.97018503553096,1.0383002172762714e-08,0.027192070030473203,0.0033878853232096095,15012.807454396683,True,OK,9
1.5808700827401658,0.052033748279293246,0.022771827766723204,0.00033010847457758206,-1.1827434951020606,531.6733429657586,2.1191798907966176e-10,0.02922492630233715,0.0037385910604372744,10065.953866548207,True,OK,9
1.544098785464323,0.06782968662777257,0.028380938838524716,0.00030081714899061443,5.940402575775936,673.4566415304513,2.5231981478657866e-08,0.033757924213444215,0.004356607474648291,5574.7253172643195,True,OK,9
1.5576258619760484,0.08776362685755226,0.029725830390192904,0.0005477907067474555,-0.906277269007203,323.1879899138434,5.7712606012065814e-08,0.03761338902136763,0.004863836810928884,3514.2440793328915,True,OK,9
1.6379886358807627,0.08816323631730194,0.024543573819354483,0.0008355454956110219,-6.900513472600983,149.93916690007342,3.4222919432680583e-10,0.03761338902136763,0.004463032643674429,4874.239086349111,True,OK,9
1.5545840134408164,0.056448063621316505,0.025607619793861707,0.0002649085691274688,4.65458168185588,751.6373325241249,4.958397170808089e-07,0.030297654022966563,0.003969804205079156,8031.926379996685,True,OK,9
1.5531146855152707,0.048102285763374164,0.024391943392274913,0.00018957549315901318,8.851538839713921,1102.7141197004426,1.562771373410876e-08,0.0281901798974141,0.0036703654083228674,11259.691018714213,True,OK,9
1.6426937878534824,0.06412286788942417,0.0212871882052757,0.0005926923717188735,-6.597089390677026,218.06746102023894,6.4532047708223345e-09,0.03256268114059059,0.003840249798206997,8954.419476594272,True,OK,9
1.5492096316909636,0.09080026303049463,0.03091205152122003,0.0005253886781484078,0.4343427817871796,349.7207454951685,6.836024984254589e-07,0.03899402295873397,0.004981572850522806,3196.2310116342132,True,OK,9
1.5718953893455128,0.042107008666579994,0.02170243936681482,0.00021576224899727542,2.7846471312240517,895.3176958047817,1.3807642988652426e-07,0.026229299537389037,0.0034179193142066006,14501.553094471994,True,OK,9
1.541052404132452,0.07835502042137021,0.0301708920291784,0.000367684687999942,4.656700453706184,541.5544142397333,4.780846490362764e-07,0.0362816382185018,0.0046771436357887,4169.444513172626,True,OK,9
1.621777685642324,0.05265606330932278,0.02054501059441001,0.0004367160470732842,-5.209781080549783,332.01857287165524,4.931858224630091e-08,0.02922492630233715,0.0035920974710447343,11875.3285389827,True,OK,9
1.6392614266045984,0.09105982720312987,0.02481580382112197,0.0008693447820509193,-6.988480771012214,142.74229107779024,2.6529927196196423e-07,0.03899402295873397,0.004523330901765285,4606.125910849218,True,OK,9
1.6302894980279405,0.05365966880795285,0.02030773834527192,0.0004627794753503128,-5.724121946489392,301.60407900277454,2.520653212399255e-07,0.02922492630233715,0.003589065481366861,11885.538711639714,True,OK,9
1.5265696785245075,0.09204541236895503,0.03371080354671048,0.0003648295542306621,8.70368955380826,572.2087832099909,3.2201031365758354e-08,0.03899402295873397,0.005077409988937173,3073.576970694375,True,OK,9
1.5597540297360137,0.07713498287041155,0.0281456506151238,0.0004658851207842955,-0.3359579884242134,386.42101991791674,6.802011548505515e-09,0.03499703977938398,0.004574567939661702,4491.033509465062,True,OK,9
1.6187956948810949,0.04769759551066721,0.019882525722683928,0.0003826276077308371,-4.758012085604546,390.4667474984248,9.359495713601598e-09,0.0281901798974141,0.003445861127944577,14028.892267002057,True,OK,9
1.621508986087476,0.09631068753766395,0.026329315871998223,0.0008775836947554805,-6.420327669208045,149.79891000257763,3.808031729500498e-09,0.03899402295873397,0.004728980708536423,3916.7453158557087,True,OK,9
1.6146887455470331,0.06647336490883349,0.02295046836124207,0.0005574478975471623,-5.3569291453070145,257.4100097518111,1.1381467933665815e-07,0.03256268114059059,0.00402470676382655,7535.372769020014,True,OK,9
1.6339681580377212,0.07164745780435354,0.02269539445758833,0.000653481224550772,-6.432699713013797,200.93822921530716,1.7649176630324704e-08,0.033757924213444215,0.004077501565598532,7075.154542440761,True,OK,9
1.616820220616178,0.08923035663151625,0.025764674726129384,0.0007915147663755282,-6.083942584972289,171.19092158781777,3.4646885812762734e-08,0.03761338902136763,0.004590528360376204,4432.480102689955,True,OK,9
1.6174158720208707,0.05727129256288924,0.021471268665519676,0.0004730702356072381,-5.155411602939155,307.66038613051086,2.5704297469354054e-07,0.030297654022966563,0.003749961916250595,10001.215629307047,True,OK,9
1.535319707117758,0.05430031176172361,0.027418333374792766,0.00013386787925028984,24.247437563481398,1693.9375514231424,1.8672169104623155e-08,0.02922492630233715,0.003830538402456735,10610.840466755519,True,OK,9
1.5853737418074458,0.07031661533758575,0.025229890980283134,0.0005103075292626926,-3.3202549487245983,316.5566970535848,2.2949312339797156e-08,0.033757924213444215,0.004266519572207626,5956.177375144848,True,OK,9
1.59574376541089,0.06370611025287345,0.023621750023766513,0.0004810517330118458,-3.9046489706668854,326.20863174581194,1.0152395758793622e-07,0.03256268114059059,0.004032420856378812,7474.431158090252,True,OK,9
1.6222958795885036,0.09478922502083248,0.026113366390475696,0.0008640933935937865,-6.425708344755765,152.06071065147455,1.3525899117068987e-08,0.03899402295873397,0.004690813379063758,4045.0862578635556,True,OK,9
1.5520742569523311,0.08419139306211329,0.029790223088120803,0.0004856937535671603,0.48911236801593144,378.8191475973301,3.302261391042574e-08,0.03761338902136763,0.004797979570944537,3714.289808083832,True,OK,9
1.6081363408308558,0.0713854299567589,0.023982557299809883,0.0005891157592376789,-5.143079821082227,247.26614012617614,4.028588902891746e-07,0.033757924213444215,0.0041875374857488065,6434.344972863381,True,OK,9
1.5445089304036408,0.08771393551496257,0.03101014496613616,0.00046897533130059357,1.9329368436405574,405.23686844011706,5.129177164821838e-09,0.03761338902136763,0.004922379215335597,3363.2482258594237,True,OK,9
1.644881417131748,0.08331017993401682,0.02364488413255412,0.0007996992075074771,-7.053681102808006,154.0587706954663,5.388428179419876e-10,0.0362816382185018,0.0043176277813245225,5531.433101733976,True,OK,9
1.6393217995613454,0.09905111589687998,0.0257049628561911,0.0009547679614492476,-7.102886623988169,128.32277375830918,2.097392004121335e-08,0.04042533433088099,0.004700292935348956,3935.292289681059,True,OK,9
1.5657665876511009,0.07829341317558022,0.02778673225216308,0.0005048562106667507,-1.4551767000511382,344.5487733659662,4.246214702880468e-07,0.0362816382185018,0.004577516126721237,4480.4255982997975,True,OK,9
1.58161125589295,0.09919772481179381,0.02916935466322458,0.0007670532092467963,-4.24477033675812,200.8252754929931,3.328747305658248e-07,0.04042533433088099,0.005008525974454464,3144.083641279982,True,OK,9
1.5321950171210041,0.06474249485783348,0.029368705586626916,0.00019342086593226483,17.09902997588153,1141.4786895542386,4.443152749761244e-08,0.03256268114059059,0.004226921886104257,6791.798929637747,True,OK,9
1.6338200757885406,0.05704307863159093,0.02066297088600125,0.0005034078569647873,-6.019284200407556,270.65835703392963,1.2784314550083029e-09,0.030297654022966563,0.003676032351843214,10770.77169259517,True,OK,9
1.6224130705830533,0.06296698976681535,0.022061455982239346,0.0005402633612437376,-5.657417045152879,259.69763994147627,1.670879419005219e-06,0.03256268114059059,0.003893376860522564,8590.794225625968,True,OK,9
1.6473972101857206,0.09301179018542247,0.024646534610373798,0.000909560211820304,-7.273485005246529,132.05872072941142,5.96041896573951e-10,0.03899402295873397,0.004528692653468362,4529.128985478432,True,OK,9
1.55917164649614,0.08621158681227131,0.029389200254410035,0.0005423720867820914,-1.0409906239752473,325.0554064226803,2.0712872387516596e-06,0.03761338902136763,0.004816614239528799,3654.1849884870057,True,OK,9
1.563791350698325,0.0763817704129321,0.027694443385609002,0.0004787958640524475,-0.9794138803038395,368.92568625825425,5.290840420470994e-11,0.03499703977938398,0.004535461582013633,4647.623083204649,True,OK,9
1.6056024998911278,0.0897757245451423,0.026472713618245155,0.0007634190644679366,-5.540213876821544,185.4378642895815,3.470742333012942e-08,0.03761338902136763,0.00466019792261057,4191.695418978606,True,OK,9
1.523178609314662,0.053209473469137986,0.02906902264858679,2.2832195260962212e-05,215.08815165074478,10799.667343323561,5.848606191882292e-09,0.02922492630233715,0.003075438156112887,45577.79848399686,True,OK,9
1.6125493153765151,0.07381139421817223,0.024064628635563648,0.0006247454345666071,-5.479147289939035,227.63660315392167,1.3926229089524827e-07,0.03499703977938398,0.004230824798173325,6169.2276708147865,True,OK,9
1.5844286601661486,0.04331259740247883,0.02103344183529533,0.0002640179325202723,-0.4971567830977179,678.7606471447848,4.953133071033968e-11,0.026229299537389037,0.0034249588667005985,14289.238484006411,True,OK,9
1.5652758648499894,0.0919060139146389,0.029573352722412325,0.0006243861748975454,-2.3027248511801055,270.19502082937936,4.0356626735637627e-07,0.03899402295873397,0.004926897446407325,3342.5303695065145,True,OK,9
1.5240160688146842,0.06378617412188872,0.030411073343321493,0.00011550702260114344,38.919638759133264,2023.7944135585526,7.23912840725994e-09,0.03256268114059059,0.004053383733889361,9328.056059144306,True,OK,9
1.6428692773972005,0.04305284407270088,0.018050173580296112,0.00037637843337739644,-5.89926753085528,365.6520217007497,8.119933020931363e-09,0.026229299537389037,0.0032024543145389864,18707.725430918534,True,OK,9
1.6174617476358026,0.055456756970922186,0.021191720962614163,0.0004554010069994421,-5.076499368763295,321.3226907997999,3.7325518125188466e-07,0.030297654022966563,0.0036953514395702525,10606.624492096344,True,OK,9
1.6326591481799773,0.08476407873756191,0.02440339632380717,0.0007869686104634444,-6.650968248126617,163.35645531385023,1.5962945934235068e-07,0.03761338902136763,0.004408527458509659,5156.377155876781,True,OK,9
1.635141672211587,0.05295548742587596,0.01998404907996095,0.0004643358521607766,-5.937300424701468,295.4575051462584,8.420423522728431e-11,0.02922492630233715,0.003548615812190095,12411.656857205071,True,OK,9
1.5890680581264185,0.08675619661448805,0.027148079255365522,0.0006779647660275016,-4.393792621600599,225.28324741209352,1.3671390355539102e-08,0.03761338902136763,0.004673765337099745,4146.840440391036,True,OK,9
1.5519409665893475,0.053844778316033015,0.025451689178268275,0.00023041310483838022,6.78810035433299,888.1891712992707,6.592835377805037e-09,0.02922492630233715,0.003883127116858573,8873.770521783714,True,OK,9
1.5235336773546861,0.09751091763852715,0.034790105527124825,0.00038004128837867165,9.143293041578033,551.5372529613041,2.4021581518917044e-07,0.04042533433088099,0.0052253743497993116,2748.163974244083,True,OK,9
1.612302194407101,0.0781336212406111,0.024642543544892224,0.0006670939630251028,-5.592789845197689,211.37019700879083,5.454177667305997e-08,0.0362816382185018,0.004342865929807424,5554.4297244784775,True,OK,9
1.6167193139503488,0.07189677512172638,0.023586291499168202,0.0006163127863380227,-5.645162313548502,227.86819303721788,6.511726079758037e-08,0.033757924213444215,0.004161385849859136,6585.208524382065,True,OK,9
1.5818973967417533,0.06697193446741126,0.024993201745091318,0.00046764168249509254,-2.7326710309377367,354.5540335360712,4.093483137559029e-08,0.03256268114059059,0.0041893236864524435,6398.568573809595,True,OK,9
1.6032570975734732,0.05209209852354299,0.021403503649097547,0.0003914968790069993,-3.8362322908907327,402.26316647649713,6.871485514703724e-07,0.02922492630233715,0.003649583131159687,11136.31804704262,True,OK,9
1.635447630351933,0.08870514227315592,0.02473129900076017,0.0008351343120470224,-6.820611318274961,151.2869583880288,7.0774338849198725e-09,0.03761338902136763,0.004487583515338115,4780.913776996903,True,OK,9
1.5654432694887643,0.07471655780875147,0.027329071439312465,0.00047174161987376584,-1.101658946484444,373.00968295765705,1.7134180515805381e-07,0.03499703977938398,0.00448230364188223,4872.202788782521,True,OK,9
1.538333548993502,0.09834077487601589,0.033000904165541446,0.0005148673819564728,2.349612993491724,372.16252419501353,4.566487164705826e-09,0.04042533433088099,0.0052179410031107775,2667.235381533721,True,OK,9
1.6373760493919367,0.09531385038995203,0.025389505928505026,0.0009099312221648514,-6.987972763708461,136.38254419204193,2.5189463332622574e-10,0.03899402295873397,0.004627850069763591,4205.242588681556,True,OK,9
1.5631811962014488,0.050148082442971344,0.023811263706828872,0.0002509278575896914,3.275653659003043,776.5221963200954,2.2858608503215462e-08,0.0281901798974141,0.0037338332580796703,10201.195612815265,True,OK,9
1.5475303812506203,0.045400083462705396,0.024516467246346693,0.00013941327565912857,16.18046710065796,1576.6250775737278,3.7912094215317577e-10,0.027192070030473203,0.0035438017411523292,13649.55324555408,True,OK,9
1.53561438191318,0.04427827205109072,0.025803234422071854,5.636674527672225e-05,62.13488766731591,4241.450942090487,2.174653810022925e-09,0.027192070030473203,0.0032588135229547665,25186.459985686124,True,OK,9
1.6486769989966334,0.04444346100214441,0.01806063999619103,0.0003986811614904157,-6.226206158571675,335.6622393290295,1.813353295485538e-08,0.027192070030473203,0.0032285947102543315,18030.51507195741,True,OK,9
1.5372304705236837,0.08963527573544419,0.03206483110159812,0.00043378801846542694,3.9834207029344513,454.40679054076566,1.0139520988269202e-08,0.03761338902136763,0.004997987505283926,3188.1378000786412,True,OK,9
1.5954312281765826,0.08646503227415994,0.02669540507648523,0.0006975904479468914,-4.836105887706725,213.11107666720036,3.196024150275374e-08,0.03761338902136763,0.004633463360872709,4294.832296833133,True,OK,9
1.6020185610104452,0.09293050421973689,0.027065729622382937,0.0007831169687638817,-5.421128981642671,182.37955499922845,2.588566929692981e-07,0.03899402295873397,0.004752701452346683,3876.9581272495657,True,OK,9
1.6030007786094163,0.07132750557418906,0.024267362508055626,0.0005744321697574826,-4.811719457227597,259.20560029912644,1.1227954855510059e-07,0.033757924213444215,0.004210078665053856,6299.234016709905,True,OK,9
1.612657460188969,0.06684356510752656,0.023109836747711707,0.0005561452455450878,-5.2520092064028345,259.94918282761006,1.1835960414476799e-07,0.03256268114059059,0.00404398585132661,7395.134285582409,True,OK,9
1.5649882969776154,0.06805914714701275,0.02643223152438647,0.0004113781574098997,-0.34915969859268925,437.4589153677258,6.042126635489732e-07,0.033757924213444215,0.004296731452801716,5769.819892689032,True,OK,9
1.5420628336628128,0.0877943037881615,0.03128501864310797,0.0004531661127283658,2.636143971932272,425.1226183446449,4.0457379003854996e-07,0.03761338902136763,0.004933680155062345,3339.862606907793,True,OK,9
1.5538914915736728,0.04921189278022285,0.024501721916932583,0.00020230380400159732,7.7743352718885905,1022.4922630369548,2.647752278536726e-08,0.0281901798974141,0.0037129237855219404,10678.953561020036,True,OK,9
1.5520257914318194,0.09052420910633438,0.03059939509606535,0.0005401168705014348,-0.11968630700303173,335.30865399219937,1.3306820652037602e-08,0.03899402295873397,0.004961212964135914,3247.1410250319122,True,OK,9
1.5629261684277052,0.08116299217035403,0.028406533399349048,0.0005168309305604355,-1.2454311095009327,338.90261363808355,2.1057965834762687e-07,0.0362816382185018,0.00466730247548128,4144.945870825074,True,OK,9
1.6313332519852461,0.04466468001550253,0.01880140559483101,0.00037498248077221983,-5.372136959133883,382.24516043619394,1.817688813914519e-07,0.027192070030473203,0.003298125344615321,16694.983784467302,True,OK,9
1.6194531726731456,0.0584599279827418,0.021548813755494316,0.0004891226573173822,-5.326558315840842,294.00867236006434,8.695178859357636e-08,0.03140975719832603,0.0037765456835540815,9718.39028833711,True,OK,9
1.5481609073439255,0.08133408714717834,0.029806113338721896,0.00043813467211759104,1.7860338204769526,432.45911434435897,2.7221070756541657e-07,0.0362816382185018,0.004737918804418677,3916.5544409965282,True,OK,9
1.6382735609553203,0.05770115252274373,0.02056425602884473,0.0005182107423230865,-6.240401482622509,257.9095655856475,1.2406675567715954e-08,0.030297654022966563,0.0036774194909443077,10721.40303978648,True,OK,9
1.5939483946999615,0.057390046830969495,0.02278123407298949,0.0004170407373396389,-3.339832280757898,386.9954504241365,4.6254620542850926e-08,0.030297654022966563,0.0038536119065734737,8948.756132621684,True,OK,9
1.5920571261444356,0.07731172183926044,0.025740510285863192,0.0005983715678219081,-4.257946443305001,257.2465700232901,8.496527939464617e-09,0.03499703977938398,0.004420793675755495,5178.792983427349,True,OK,9
1.6793436005427234,0.028706391089282378,0.01413763144826501,0.0002683254002206106,-6.735780859567642,475.04769974778566,2.525166121616153e-09,0.021903262412316327,0.002559473323100848,44993.19013838967,True,OK,10
1.6175603729882782,0.030806214087601584,0.0167829667556354,0.00022077431987094605,-3.130953913203614,738.1022295412491,3.60881012734483e-07,0.0227072417455348,0.002829839578052129,30751.35072659749,True,OK,10
1.687717546329429,0.030477643666506495,0.014256001625942509,0.00029385358431273465,-7.1092564258466915,416.68806434463454,4.6427699841287996e-08,0.021903262412316327,0.00260704504614729,41201.33218361075,True,OK,10
1.6096291718560318,0.023405165272424578,0.015470810411515705,0.00014238731898751008,-0.46266761946552143,1259.8201628377424,2.7115907544804753e-07,0.019658124188759216,0.0025181673277146414,48894.880856101605,True,OK,10
1.6531745671659448,0.012601344509295974,0.010770648643932575,8.951962394018752e-05,-2.9976261246041638,1831.1737809996519,2.3601829913991438e-08,0.01421156411364079,0.0018124267907584876,182647.74385146305,True,OK,10
1.6289078306265854,0.0232288789539411,0.014585248280873944,0.0001661296481050143,-3.0998200664533244,982.2608116707671,2.468864905804504e-07,0.019658124188759216,0.002458110743287974,54004.87318167937,True,OK,10
1.6965778202815507,0.017111862309539896,0.01100509084197868,0.0001579802090612916,-6.585427474753116,819.1156286165667,5.615043923615955e-08,0.01641588072249212,0.0019846356366270993,124639.86450837675,True,OK,10
1.7078674883162386,0.026373948572183906,0.012903027650597329,0.0002636683144109888,-7.536631488251444,441.06694759326666,4.8856221701688187e-08,0.020379693664579288,0.0023892066851501207,56875.817221110745,True,OK,10
1.6988548190740003,0.024176679500105713,0.01265603062093977,0.0002341436967734344,-7.16311804625408,519.757759649122,5.573662631369421e-07,0.019658124188759216,0.0023179154824711007,65633.22131314168,True,OK,10
1.664895249304889,0.028591581681389207,0.01454557432015163,0.00025475179096318796,-6.141643509257072,529.2477332579474,1.386170480984714e-09,0.021903262412316327,0.002595017080954699,43183.46519569594,True,OK,10
1.7206361790615572,0.024754377442387298,0.012264635582044736,0.000253320181003064,-7.806995732143794,442.79378238644836,1.119149124485144e-08,0.020379693664579288,0.0022903052944903976,65831.92176093564,True,OK,10
1.6687254799540778,0.028059908905825888,0.01431616913451085,0.0002527012616680189,-6.2761198445271935,527.2041754173762,3.1988498144071866e-10,0.02112774900972417,0.002562228796046065,45323.912575672526,True,OK,10
1.6958769678487045,0.01215551006458703,0.009570811638534635,0.00010665415010349379,-5.94763885609919,1285.24950301494,1.8425118526150952e-07,0.01421156411364079,0.0016998474955555276,234436.8147536238,True,OK,10
1.6670393670078565,0.024447747676181304,0.013575823442157936,0.00021443657513260826,-5.942339373684829,639.5166986404332,6.892018444674445e-08,0.019658124188759216,0.0024109244795918337,58096.18254186148,True,OK,10
1.7198190479508841,0.024805197413090233,0.01229390869045731,0.00025342982407854586,-7.788382396993342,443.7473940985002,9.857133154996358e-10,0.020379693664579288,0.0022943977116430415,65476.55795909274,True,OK,10
1.660881669510263,0.03886599965604106,0.01665435904458153,0.0003565324955275604,-6.504857190331769,365.7846977729609,5.532847537530654e-09,0.025300617181813888,0.0029974517044782404,24117.042759666798,True,OK,10
1.6585749402681147,0.01542653290966271,0.011496445703502106,0.00011943617289643456,-4.263082762833705,1288.41878814033,1.2062762615479393e-07,0.015834655182844277,0.0019746179372218805,129911.48239533624,True,OK,10
1.6281990959647525,0.012855626150109224,0.011694286410906227,7.291736752984605e-05,0.8023416358424307,2542.506298325158,3.925221698755575e-08,0.014733212607138805,0.0018772723471865353,158503.9190054144,True,OK,10
1.6000738568036628,0.02295836983001446,0.01585011457805005,0.0001232218540245275,1.857680240642178,1539.94508639383,2.225696211341033e-08,0.019658124188759216,0.0025177688396747604,49103.21810286936,True,OK,10
1.7000015355687688,0.03200399328399507,0.014212889988225551,0.00031997548979397086,-7.536575130285676,363.43789368785514,1.0092774893623743e-07,0.0227072417455348,0.0026318044016389627,38709.41005380413,True,OK,10
1.6041793814143706,0.027099487107820987,0.01661619958666461,0.00016589101661917114,-0.5711446925669034,1077.9465658888018,1.2190334548883352e-07,0.02112774900972417,0.002708012577987802,36558.841059726954,True,OK,10
1.620056806303752,0.03823228854294092,0.018148487348979135,0.0002941967489645077,-4.175742770893371,525.6344571300884,9.081252883998102e-10,0.025300617181813888,0.00311243147006786,21061.975361522364,True,OK,10
1.6217574499537433,0.028799176530924446,0.0161651698511598,0.00020839667176708886,-3.2767740391849016,776.73523100115,5.731318685914007e-08,0.021903262412316327,0.0027317759838655625,35420.86495641662,True,OK,10
1.6424109870813275,0.02924683977893057,0.015441275210605935,0.00023857806007667202,-4.986928030321082,617.0332371375233,5.642675088766277e-07,0.021903262412316327,0.002687873659859451,37859.27478361912,True,OK,10
1.6535936175403299,0.032789291569191845,0.015769139091908406,0.0002861235973364642,-5.8759292997391075,481.91601630620113,1.4698679825009752e-08,0.0227072417455348,0.0027962754537037633,32162.936481595865,True,OK,10
1.6299882862926216,0.037173755587427804,0.017513984706168148,0.0002995585506821592,-4.820265386097733,496.7804627596165,5.331560310203896e-08,0.024404816029045106,0.003038933750977833,23183.19043128752,True,OK,10
1.6650272544107358,0.03268279443138559,0.015367097638753898,0.0002969038778343789,-6.384410428636627,444.27849310032383,2.416387228004585e-08,0.0227072417455348,0.0027575425915148015,33733.430944482214,True,OK,10
1.7104649248821595,0.039964858328644146,0.015321335783618452,0.0004170788762718522,-8.028449876543363,260.43632403121256,2.088847637551649e-08,0.025300617181813888,0.002882376398199382,25828.78729469353,True,OK,10
1.6291129365272146,0.018606772406903643,0.013384888215923376,0.0001243185759102419,-2.036115725319299,1370.834335462267,1.5486844018911987e-07,0.01764311815044419,0.002221803960260732,80752.18077843204,True,OK,10
1.6325563012751456,0.01788613996479348,0.013054954995807985,0.00012128908696077645,-2.273313276932448,1392.5245645082985,3.547548491414023e-11,0.01701844067858532,0.0021740589753132078,88113.72314494432,True,OK,10
1.6757178164001192,0.03980567569437529,0.016326158088067266,0.00038268267364493884,-7.073952019163623,321.23268406421437,1.2819834637046651e-09,0.025300617181813888,0.0029827431621541147,24135.434214768848,True,OK,10
1.728736151322058,0.02580319694086923,0.012299329621065868,0.00026957304749429696,-8.043306265148093,402.12284155806026,3.5475328745923987e-06,0.020379693664579288,0.0023148290776052005,61616.59564568701,True,OK,10
1.6830735373344077,0.03579911631104818,0.01539187739196833,0.0003469697044418284,-7.170917355295209,350.4122386256057,5.670444333056094e-09,0.024404816029045106,0.002819689933382217,30058.658458898262,True,OK,10
1.7212813495989556,0.016115818819886316,0.01021620427383642,0.00015847654261553286,-7.345336439606884,751.626950073027,7.218736552722102e-09,0.01641588072249212,0.001880819730068982,149264.7435987481,True,OK,10
1.6687104247625189,0.034985111639845363,0.015687449701033973,0.000324507630756784,-6.641327548222807,396.5574820627545,2.0512527238767476e-07,0.02354073187746785,0.002833166690294259,30090.83383224285,True,OK,10
1.639416269962497,0.023194271274414,0.014180346050093983,0.00017721186633417753,-4.074111996821126,877.5186182213181,4.498673853338205e-07,0.019658124188759216,0.0024276439623232148,56874.27003810819,True,OK,10
1.728130743196561,0.03955140090162613,0.014781348255327616,0.00042658603424972893,-8.399729958230335,240.06439114286215,3.8075446317127314e-07,0.025300617181813888,0.002817538602008836,26984.924018530684,True,OK,10
1.7177938853994736,0.03395345034484173,0.01410384756947261,0.0003548585447436224,-8.04594706623943,305.32027630887376,2.097342584844034e-09,0.02354073187746785,0.002654830793270326,35740.7156072545,True,OK,10
1.6349869650939648,0.019625502222015624,0.01343826798350627,0.00013950269476318267,-3.00671924609409,1174.6038761253335,2.779559748324978e-11,0.01764311815044419,0.0022616288904771385,75343.26004470144,True,OK,10
1.6711467693566338,0.026823321236860362,0.013980351577562156,0.00024203514291868842,-6.300544767166951,549.2199905970218,8.349688629752582e-09,0.02112774900972417,0.0025035889061141704,49687.37803979687,True,OK,10
1.6657153665164188,0.02910010839748918,0.014626018341060856,0.0002606991135852669,-6.210274194198479,514.0554824988254,4.653522803410984e-08,0.021903262412316327,0.0026135870544983543,41923.13524693969,True,OK,10
1.6530819929422886,0.03247522471946599,0.015724762779119824,0.0002823991592027087,-5.831227176455073,490.0489136403583,6.520663926601689e-09,0.0227072417455348,0.002785630381997301,32672.1406913009,True,OK,10
1.6433614904421863,0.019920309908390575,0.013220045384219878,0.0001501290274428844,-3.876761168060888,1046.7827602242887,5.73853062020122e-07,0.018290724981767724,0.0022557088883395264,76267.95163305716,True,OK,10
1.6165393750459378,0.015661366300867577,0.013060412230430044,8.48608111419356e-05,1.6722145563045012,2227.4883733903657,4.766866869363949e-08,0.015834655182844277,0.0020783425313255044,105702.57284184179,True,OK,10
1.7105677142597764,0.023388470157413244,0.012201684857330822,0.00023258223346591338,-7.475148627534461,503.956034904192,1.58132839038082e-08,0.019658124188759216,0.002255108908033353,71879.7099978756,True,OK,10
1.6296228122518686,0.03278023300067162,0.016670163781800112,0.00025674756515217364,-4.426002142209398,593.7616458109302,7.856334168005269e-11,0.0227072417455348,0.0028715506618627387,29073.78981245622,True,OK,10
1.6720175463561917,0.010634680342698804,0.5000000049999993,0.08340550154630116,-100000.0,-99999.99999995917,0.49008615646435494,0.9645937035317568,0.06805688771734374,32.05252090023072,False,lambda2 edge (-100000.00),10
1.641126989453773,0.015310042333640231,0.012004770731264252,0.00010559012682156803,-2.5400533258296463,1582.7766555553035,2.5517725177301806e-07,0.015834655182844277,0.0020066568431326543,121455.86969704228,True,OK,10
1.6852634719277693,0.018250931218907585,0.01157399593987019,0.00016371326826263098,-6.227105879130137,817.3735371724549,9.614169076984525e-08,0.01701844067858532,0.00206900073913111,106488.11503455533,True,OK,10
1.6084430812972927,0.011648049675930078,0.5000000049999993,0.08340550154630116,-100000.0,75700.45287349836,0.44555884190223893,0.9645937035317568,0.06805688771734374,32.05252090023072,False,Mode at edge,10
1.675624548734633,0.010651703671122689,0.009510663378798107,8.327481887860964e-05,-4.400641778110057,1833.3580957985328,2.0413662384573368e-08,0.013223022108691375,0.001637523105613056,274574.89423556236,True,OK,10
1.7103429747076915,0.014661913577718268,0.010033598919292034,0.00013846200521716866,-6.8622427195043425,908.627835490216,2.9494304773912028e-08,0.01527400868696812,0.0018224607952944123,173417.61269414998,True,OK,10
1.678853623575406,0.02334064084032237,0.012986686149043683,0.00021202928650520742,-6.384616946987258,622.1177352150039,4.778054810192027e-08,0.019658124188759216,0.0023303727737235347,66026.40172192705,True,OK,10
1.6575706977601474,0.012153914270801376,0.010494879980381441,8.808641040782416e-05,-3.3004161424105,1835.591565376178,4.226774809844476e-08,0.01421156411364079,0.001774192713265443,199019.85473252303,True,OK,10
1.7043577925275881,0.03679157454259758,0.01495644084557557,0.00037637046638046463,-7.800920299252856,298.24172034070875,4.103290803506096e-07,0.024404816029045106,0.002792594633215289,29945.11384535091,True,OK,10
1.6014321667599498,0.015358125270913531,0.01371479467129238,6.239355261966555e-05,8.071929153605037,3325.3619671808624,3.3133557714399703e-09,0.015834655182844277,0.002074188868887133,109828.40488611741,True,OK,10
1.7175075445434123,0.026484808384001746,0.012695036136561916,0.0002708018589436734,-7.796983326521241,414.7770988586829,6.964932282063223e-07,0.020379693664579288,0.002369938854085008,57520.80470702694,True,OK,10
1.6195051451722673,0.016083713578274764,0.01305687652204819,9.18420821721939e-05,0.6775989579846314,2012.5907662386726,1.1432516908118412e-08,0.01641588072249212,0.002098738906359763,101444.88485067879,True,OK,10
1.6857982117508248,0.03174450466740619,0.014556448189125475,0.00030585925107114387,-7.100989010938314,400.7050900742676,2.4922980528151252e-08,0.0227072417455348,0.002661382115642096,37965.36276016488,True,OK,10
1.6779254851153915,0.03859445139737577,0.016046202427329927,0.0003719905695674408,-7.104615480693519,329.3264117103446,1.9720446784285503e-09,0.025300617181813888,0.0029340961243885604,25734.465397245338,True,OK,10
1.664228268476031,0.0190081573642758,0.012330534831682194,0.00015797820832235974,-5.238389119461664,916.001773641251,1.8415468593261423e-08,0.01764311815044419,0.0021570941844564007,91122.7717071864,True,OK,10
1.6620402782968535,0.020789988809998328,0.01285081016532974,0.0001739390652860893,-5.326796775448803,826.7509363394057,2.8819995579242037e-10,0.018290724981767724,0.002252156815183599,76667.55000018983,True,OK,10
1.6291740660477092,0.011378897480204202,0.011153090802371443,6.119708346675253e-05,1.8178770755279012,3098.184506543742,1.0866755725876577e-08,0.013708385261355807,0.0017723296176687436,199957.41920600517,True,OK,10
1.6457876241634661,0.031342280431292266,0.015754762076568576,0.0002629756967422205,-5.364429850772535,545.355808653734,2.5088904912524158e-08,0.0227072417455348,0.0027632351060468507,33858.01029945524,True,OK,10
1.6023969143737753,0.023175355396178043,0.01577947877703802,0.0001289957120832176,1.1566805266416773,1449.0238259384325,7.646585487184806e-09,0.019658124188759216,0.0025238879018599086,48547.58287792036,True,OK,10
1.683721222188483,0.028312123275229216,0.013932703267641308,0.0002676473394280657,-6.872933077130806,469.5008415440125,3.0979286968181334e-09,0.02112774900972417,0.002531508238824724,46784.507725031865,True,OK,10
1.7009642966655332,0.034315591469793925,0.01461237125215162,0.00034616210188015753,-7.639865424769068,331.44384930138506,3.2825061549375604e-08,0.02354073187746785,0.002714428323049641,33971.42026873338,True,OK,10
1.6925217567195205,0.013083930884342483,0.009936718364855164,0.00011465858488707077,-5.931718848259975,1197.1036288091937,8.610896036102555e-08,0.014733212607138805,0.0017642048918917875,202163.88019850026,True,OK,10
1.661752917720567,0.02810217872462826,0.01454102358970223,0.00024690292666844474,-5.963482502134507,554.4452739353076,1.3856906525910552e-07,0.02112774900972417,0.0025835795115671622,44065.23882868062,True,OK,10
1.6319235850452287,0.011276554529403295,0.01101389647832177,6.261342418819328e-05,1.2028798878763782,2988.3691225789717,1.8242759720825365e-12,0.013708385261355807,0.0017608246389287099,204933.65903377708,True,OK,10
1.6290667417138862,0.023646832051979164,0.014680321402697689,0.00017016451459182685,-3.1930697450877723,954.9263465064449,1.7713307395561604e-07,0.019658124188759216,0.002477652416063969,52331.82787161182,True,OK,10
1.653810941477098,0.01530000943981485,0.011598908887495384,0.00011500803097777817,-3.8389364039658607,1369.1415490757704,1.8207503598721481e-06,0.015834655182844277,0.001977851120177285,129000.8312404595,True,OK,10
1.7071740205488541,0.037770600062101735,0.015046594141399687,0.00038963492950109304,-7.896670567514796,284.21596285933003,1.998170912957351e-07,0.024404816029045106,0.0028182219545954475,28624.43991423015,True,OK,10
1.626175281476853,0.03788718746701665,0.017811159443654613,0.00030069820678835777,-4.610498684665372,501.4165265298984,2.2497214983901962e-08,0.025300617181813888,0.0030784042190906834,22018.105546433,True,OK,10
1.6023219246927736,0.03774887418120836,0.01893469687581471,0.00025715680430171516,-2.3459207312286114,654.9396752934878,1.3270637693860085e-08,0.024404816029045106,0.0031563976223339214,19837.13836186823,True,OK,10
1.723750742710518,0.010361555890477755,0.008448769455599693,9.7614484712677e-05,-6.834032101742568,1292.725674913083,5.3611503026737794e-08,0.013223022108691375,0.001533412836833445,345485.61994505103,True,OK,10
1.6991925085809774,0.0391060471770953,0.015496248978606145,0.0003976815170871414,-7.732400148514132,284.9307155227809,1.3874604230152002e-07,0.025300617181813888,0.0028870664914921024,26387.96458145732,True,OK,10
1.717767288446311,0.03912130483588639,0.014984612945401016,0.000413525457680873,-8.173220070859136,256.92512552769836,5.536388529793974e-09,0.025300617181813888,0.0028331188413484114,27207.572067579884,True,OK,10
1.671542055740693,0.012344684196561649,0.5000000049999993,0.08340550154630116,-100000.0,-31828.05950525811,0.48971862709356895,0.9645937035317568,0.06805688771734374,32.05252090023072,False,Mode at edge,10
1.7104725957146547,0.028414847674270348,0.013251737933363348,0.00028783450162532965,-7.688963697901866,396.02539608678273,2.0676911184412074e-09,0.02112774900972417,0.0024654006659538203,49619.177744177585,True,OK,10
1.6799157767444777,0.022517608295760584,0.012766738659611563,0.00020427015760114375,-6.367466089112713,646.777970171751,7.373066269494138e-08,0.018962102815722463,0.002289944476262593,70828.54435731535,True,OK,10
1.6743394569477443,0.014607393372583436,0.010827926921331133,0.0001210016552070335,-5.19423061822168,1199.6127764157538,1.1709691657884006e-06,0.01527400868696812,0.0018925405392035272,153728.36105425464,True,OK,10
1.6961701034535996,0.01225051922054627,0.00959527873382944,0.00010773522090363743,-5.976994305366923,1269.2391962196073,2.7645492289398386e-11,0.01421156411364079,0.0017053274421734738,231340.73507246975,True,OK,10
1.694871499715693,0.03546935267874562,0.014988995682588577,0.00035383101084812305,-7.510129621715494,329.76958219871386,2.4237123920220213e-07,0.024404816029045106,0.002773316789136,31484.33488011877,True,OK,10
1.6614209280833836,0.02529491098171148,0.0139378375285954,0.00021829384955718582,-5.733309213983779,638.9376028563977,5.147264996012447e-10,0.020379693664579288,0.0024637489455728405,53403.479777820336,True,OK,10
1.6405878554798703,0.039083757511767625,0.017438433696988588,0.0003333530864390353,-5.580062068412435,423.3982821913948,1.4879468753679403e-07,0.025300617181813888,0.0030723894923471474,22137.274321075358,True,OK,10
1.6953061816927408,0.021069656599010347,0.012032087606421821,0.0001988726741142931,-6.855010779684035,633.0801127522512,6.981011376917935e-09,0.018290724981767724,0.0021850905599788643,84164.98589039662,True,OK,10
1.6227249602102907,0.01658738776606274,0.013069470679156444,9.972727274846422e-05,-0.2550540520634368,1809.2790340484632,3.288584042682881e-08,0.01641588072249212,0.002122249539458976,96927.35601058358,True,OK,10
1.6603098971943064,0.038277052009430136,0.016568842635191077,0.0003497678839490049,-6.456830251008327,374.57184888875645,8.379948585530722e-10,0.025300617181813888,0.0029785024941161213,24762.66872181122,True,OK,10
1.6954390249489193,0.016457312445374496,0.01085412273364581,0.00015060445358444364,-6.476746292308404,868.304270724141,6.172712740008281e-08,0.01641588072249212,0.0019520877209663603,133540.22090766495,True,OK,10
1.7117429473444568,0.021346015690290432,0.011713821350368647,0.0002109376100046193,-7.401685960852218,560.7883383185327,7.203458115255192e-08,0.018962102815722463,0.002160179190875583,85713.07893876528,True,OK,10
1.7107238837578274,0.01725098793943393,0.010731597317463148,0.00016619368414623654,-7.101630796041495,737.4515420015205,3.334388448671594e-07,0.01701844067858532,0.0019620169234694333,127878.02939673502,True,OK,10
1.6804258795517213,0.03780011464243846,0.015829159715367518,0.0003659533434034173,-7.157434561843015,332.74885410884696,2.605145161727576e-09,0.024404816029045106,0.0028987038453248287,26942.61758770186,True,OK,10
1.6335262211892132,0.03078779771757565,0.01610324313369906,0.0002428311321342876,-4.523675967562663,624.1692289432896,1.7979371312587273e-08,0.0227072417455348,0.0027787931831107244,33154.28672325437,True,OK,10
1.7283506405944287,0.014517948617290105,0.0096441861437275,0.0001437758611539154,-7.428921538495419,820.0465482093289,1.3374568827863419e-08,0.01527400868696812,0.0017798709239399643,184891.76988489635,True,OK,10
1.6114922977910877,0.03022585577334448,0.016943082601090374,0.00020591224497300498,-2.346271815813114,817.9205027239385,3.2285407250790763e-09,0.021903262412316327,0.0028244107342782106,30939.509388209324,True,OK,10
1.644165673207374,0.012137334320997733,0.010891806759598973,7.932710758290624e-05,-1.6779418970783113,2176.145342373882,3.254257162370639e-11,0.01421156411364079,0.0017994266129002783,187599.09570237724,True,OK,10
1.6617897303248685,0.03261312038931867,0.015458691050750768,0.00029294627510969336,-6.243353589519737,456.11837983917076,9.64313580825847e-08,0.0227072417455348,0.0027645609370330793,33485.34709312895,True,OK,10
1.6370659120539746,0.020051406325154043,0.013474888945197322,0.0001454631415222012,-3.3146875398636206,1110.8178426496133,3.681325028405689e-08,0.018290724981767724,0.002278479894321114,73186.08459203188,True,OK,10
1.7099409220841064,0.025602157367844644,0.012692151939137954,0.0002564788935234573,-7.560661073666338,452.03252260879765,3.238241889724345e-08,0.020379693664579288,0.0023518766527690486,60448.16235308828,True,OK,10
1.5779824756329062,0.011695842382155642,0.01810102716419303,0.0014960811485197954,427.04631036901924,71397.70127239736,0.006598996505767678,0.015834655182844277,0.00224729360297236,8.836337901816862,True,OK,11
1.5934165226184145,0.01476191884576605,0.014008538574152282,4.452592145644542e-05,16.77636456471358,4950.988182431357,4.494625511333618e-08,0.01527400868696812,0.0020192189745647086,130039.29887816733,True,OK,11
1.476225841144695,0.01827639482340201,0.05179813703580474,0.0023066130262404715,453.90335147372775,8167.074938751983,0.005734710502307851,0.04840960141478949,0.005665991596938871,14.350075834123642,True,OK,11
1.5284971267163117,0.0071245845195935745,0.04147909684944934,0.014108996977778898,432.847531067675,49311.559652476426,0.023262808290768558,0.018962102815722463,0.007417615626564723,16.844984218147694,True,OK,11
1.4813766187377988,0.015313009026648079,0.06423407529758614,0.004960677973860902,458.4181880553817,6034.9685068787785,0.018421031611588184,0.05591828149906458,0.007621134125589936,22.564695141519195,True,OK,11
1.4666321509421285,0.0092989064737072,0.05816924716089312,0.004929840398926945,455.5333171054166,7507.276949349224,0.011255698452945185,0.05018652022871682,0.0070324578327766694,21.300573787284844,True,OK,11
1.4795702626657816,0.011616161444259265,0.07061389403797395,0.007829600306283522,459.49023118175626,5705.757776577177,0.022286206138226197,0.05797081330131604,0.008983407518114314,27.12703422826759,True,OK,11
1.5180095280792105,0.012828146520332838,0.03669494377741257,0.001404654243109915,445.2832063145501,15613.06534012015,0.010837146253477389,0.03499703977938398,0.0039614039176917104,9.7021739430937,True,OK,11
1.4991490860743542,0.005480653840672658,0.09657135695492985,0.037155274451714036,446.25833093756177,17399.587280004976,0.048378425259533446,0.03256268114059059,0.016857796834815177,23.63970569879531,True,OK,11
1.546014054914926,0.01060577004323527,0.02584466707333724,0.002416568428264235,435.02777685176926,37156.72244029971,0.003978502081227036,0.021903262412316327,0.0032554703148185995,11.683152730026233,True,OK,11
1.5511868998236065,0.006630004562064027,0.5000000049999993,0.08340550154630116,-100000.0,100000.0,0.4098587630563739,0.9645937035317568,0.06805688771734374,32.05252090023072,False,lambda2 edge (100000.00),11
1.461928829741167,0.008724413718279391,0.07858043430636659,0.015405104254227447,457.78744211308833,6733.134894689518,0.021495274871290715,0.053938422246314024,0.011450443974424362,30.252713541821244,True,OK,11
1.5239166252191674,0.010911079612527009,0.03586490152282223,0.010761296240796572,432.46196228697,50148.59783276643,0.027864266133233385,0.018962102815722463,0.006202616429786869,16.30676180364651,True,OK,11
1.5734423577382854,0.01066756466289236,0.020245792349297142,0.0023491522740466454,428.48341496068394,64661.73730701881,0.007235204300113917,0.01701844067858532,0.002705054355511492,10.811670919106174,True,OK,11
1.534261765144431,0.013902733886632882,0.5000000049999993,0.08340550154630116,-100000.0,-99984.81639976827,0.4001465599934294,0.9645937035317568,0.06805688771734374,32.05252090023072,False,lambda2 edge (-99984.82),11
1.4630563948304136,0.012727000652692834,0.06087981471522727,0.014284360917833173,449.0979147721233,13102.169240272957,0.03348231200261742,0.03761338902136763,0.009426138607694494,24.115803262628244,True,OK,11
1.5082763763158373,0.011319201915248819,0.05313465616204498,0.015679284508842452,441.8279980620322,23554.76338526953,0.019291495425878935,0.0281901798974141,0.008900079241021309,20.538286891328884,True,OK,11
1.474040235789335,0.016742308484729677,0.05685939809452246,0.0035261011580171933,455.77940685994395,7237.212494005733,0.006495504678449739,0.052028662477231744,0.006513010491719123,18.481067298123634,True,OK,11
1.5919365951131932,0.005334032309444,0.012558433735247482,2.4801943788238447e-06,376.2289751792134,100000.0,7.319698340600852e-05,0.012754843867704915,0.0012064565364495522,2215888.717127908,False,lambda2 edge (100000.00),11
1.5441921867935888,0.016457661009325372,0.024572404702373048,0.0008898062903754181,435.5061656143299,33798.89088116781,0.0038833628352801953,0.02354073187746785,0.0026550062165285626,6.886654715833172,True,OK,11
1.4998730624109846,0.01681333377294825,0.5000000049999993,0.08340550154630116,-100000.0,-99976.62862922304,0.38213445390217177,0.9645937035317568,0.06805688771734374,32.05252090023072,False,lambda2 edge (-99976.63),11
1.5485297071072823,0.018937439484066048,0.021349041918668557,0.00031195462363826514,432.37451600704503,41485.56031042693,0.0012345479835387582,0.02112774900972417,0.0021400316402196027,3.5093295165926737,True,OK,11
1.5973406735895284,0.005635191709980572,0.011775132185613093,2.4774746276505467e-06,330.01506088802967,100000.0,4.922186776512432e-05,0.011867629847560866,0.0011582520129552218,2529745.890912652,False,lambda2 edge (100000.00),11
1.522291286543781,0.013204816813673272,0.5000000049999993,0.08340550154630116,-100000.0,100000.0,0.39365300590079466,0.9645937035317568,0.06805688771734374,32.05252090023072,False,lambda2 edge (100000.00),11
1.4805440526490714,0.010044287456410426,0.05185680564116694,0.011338172982909313,446.14945515495157,16329.648350580554,0.0259704570337659,0.033757924213444215,0.007922363126962742,21.78781169850652,True,OK,11
1.5982706426859048,0.005243456845137072,0.011645520471043327,2.4769710240022888e-06,322.65483167391847,100000.0,5.25749249183596e-05,0.011867629847560866,0.0011500959213547437,2588125.6658416283,False,lambda2 edge (100000.00),11
1.5233511104134139,0.01763981932577294,0.03200557981095084,0.007277982325859576,434.16462428721786,42471.89475014755,0.02316103959196632,0.02112774900972417,0.0050776690277030525,15.906081480544422,True,OK,11
1.5053461767807004,0.0121969775413273,0.048474723646930305,0.009110174176361313,446.1804851653962,16090.602997313908,0.011419859624302526,0.033757924213444215,0.007108641361037516,20.98692942187412,True,OK,11
1.5969264044103173,0.012123152547135557,0.012970471325830108,2.94939013894791e-05,24.791268904861305,7700.716787375604,3.219455878521208e-08,0.01421156411364079,0.0018083872500710616,214346.87347184436,True,OK,11
1.4783289837005098,0.005775822374995866,0.13385272999945938,0.05392454035459843,448.2476556607384,15270.681137110992,0.07282452778743029,0.03499703977938398,0.023041984453505204,24.530696504724848,True,OK,11
1.592358320141593,0.008987141199125985,0.5000000049999993,0.08340550154630116,-100000.0,100000.0,0.435080442234738,0.9645937035317568,0.06805688771734374,32.05252090023072,False,lambda2 edge (100000.00),11
1.530568946919037,0.006360526491349529,0.029664020859263524,0.0021203713801833685,439.0892518277369,26351.59196678178,0.0032706713591285695,0.026229299537389037,0.0035286447804348487,11.50357134321936,True,OK,11
1.5193117168770847,0.01895158278875186,0.5000000049999993,0.08340550154630116,-100000.0,-99960.91637277667,0.391994731594778,0.9645937035317568,0.06805688771734374,32.05252090023072,False,lambda2 edge (-99960.92),11
1.5303378191083314,0.019567027277034917,0.038843268627423225,0.008199025810992038,439.6021407532629,27220.480047075922,0.010385375214460786,0.026229299537389037,0.005956289760154764,17.97104045784828,True,OK,11
1.496236989213236,0.012568178595559056,0.04577491029772226,0.005602344465457354,447.87199353115864,13699.424664007982,0.008034264445730634,0.03761338902136763,0.006017257978517391,19.242388819886454,True,OK,11
1.5803343108533057,0.011723785318306156,0.014527868472561599,0.00011371680972715079,423.2740792912531,85901.39302236844,0.00040443549320597083,0.01421156411364079,0.0014219700094569502,2.8661511500874672,True,OK,11
1.4991282322998265,0.017832130451268226,0.03967135498443866,0.0019835848263060406,446.9345133535998,13949.492889766656,0.004566099825179508,0.0362816382185018,0.004427281252073438,12.096253312669218,True,OK,11
1.5145845256421653,0.012960849365903512,0.03515022766005115,0.0016480786518585388,443.9942848207039,17458.718241726598,0.003701756923003875,0.03256268114059059,0.0038968033560313553,10.563095266127428,True,OK,11
1.5967137892981205,0.0077972494213379585,0.011863345329380609,2.477807999799633e-06,335.07095855499585,100000.0,1.6044508308963274e-05,0.011867629847560866,0.0011637732421738677,2491145.6534667737,False,lambda2 edge (100000.00),11
1.502196089140826,0.005466044001047599,0.05334136494746687,0.01338392242698195,444.88919881753526,18230.791872854934,0.016489337780201355,0.03256268114059059,0.008484850052106394,21.661586915387804,True,OK,11
1.5148572793874073,0.008002751458772894,0.03191812230871637,0.003060768897651208,440.0243632374892,24902.14124687451,0.011797023436890446,0.027192070030473203,0.0040155370944483584,13.672730623232116,True,OK,11
1.5552048909571048,0.0077198218814877855,0.02202077732237669,0.0011653396708277218,432.4974607259065,44157.14521172398,0.003931243413162913,0.020379693664579288,0.0025097630186631855,7.9965838080000315,True,OK,11
1.5544737853368218,0.008952131422839765,0.5000000049999993,0.08340550154630116,-100000.0,100000.0,0.41174969693636976,0.9645937035317568,0.06805688771734374,32.05252090023072,False,lambda2 edge (100000.00),11
1.509730496776968,0.010232909780695961,0.5000000049999993,0.08340550154630116,-100000.0,-99792.25469640184,0.3871516391261349,0.9645937035317568,0.06805688771734374,32.05252090023072,False,lambda2 edge (-99792.25),11
1.5603452450229054,0.011997638947075145,0.5000000049999993,0.08340550154630116,-100000.0,-99985.296636371,0.4151852969912388,0.9645937035317568,0.06805688771734374,32.05252090023072,False,lambda2 edge (-99985.30),11
1.5105818458393756,0.01778934078559175,0.04620596178498448,0.0016975589924651895,451.15826672986117,9932.08929623406,0.022692164546847977,0.0434474983053278,0.004946127587627323,11.543218941455645,True,OK,11
1.5400730875897684,0.008207462319169967,0.5000000049999993,0.08340550154630116,-100000.0,-99989.85582418123,0.4034706854447192,0.9645937035317568,0.06805688771734374,32.05252090023072,False,lambda2 edge (-99989.86),11
1.5860127789401157,0.01013975444050461,0.5000000049999993,0.08340550154630116,-100000.0,-441.86423428690483,0.43101392129058563,0.9645937035317568,0.06805688771734374,32.05252090023072,False,Mode at edge,11
1.4654571128552247,0.012419003359616793,0.060110147408450845,0.004408912213767848,456.8252282195056,6764.2846286853755,0.009209944653546244,0.053938422246314024,0.007074411666144079,20.841145084725213,True,OK,11
1.477351327621723,0.008576996655736139,0.05176404000614914,0.0017965064252450525,454.1390150727217,7914.657189051056,0.004489579239996407,0.05018652022871682,0.005497298392392502,12.36251962807963,True,OK,11
1.5645955221762375,0.006961277200644779,0.5000000049999993,0.08340550154630116,-100000.0,100000.0,0.41780036030514023,0.9645937035317568,0.06805688771734374,32.05252090023072,False,lambda2 edge (100000.00),11
1.5729721914095651,0.019053609321964305,0.016697144638883145,3.196776590561702e-05,43.286802688225606,7354.752615292763,1.6772120825328954e-08,0.01764311815044419,0.002199798927913955,110240.21692226543,True,OK,11
1.5449144940571122,0.015655387880342438,0.5000000049999993,0.08340550154630116,-100000.0,-99999.20372587813,0.40611958637856516,0.9645937035317568,0.06805688771734374,32.05252090023072,False,lambda2 edge (-99999.20),11
1.5599021253870384,0.019892119359056673,0.020393637220609065,0.0010170132223360395,430.76863197957107,50751.61034144006,0.0025680137735540564,0.018962102815722463,0.002307836430720966,7.350139940930759,True,OK,11
1.5078153567082273,0.007442848268640537,0.08714301887721596,0.03838524590685327,436.5614683654229,38450.029784608225,0.04633318492498487,0.021903262412316327,0.015957265780698355,18.660512359439387,True,OK,11
1.5326834128880051,0.012998747147475623,0.02838859866541975,0.003649870211554747,435.94066275995374,35221.80415584392,0.00854444207119478,0.0227072417455348,0.0038406405667404074,13.779425568780148,True,OK,11
1.4849077483614601,0.014196641284912093,0.5000000049999993,0.08340550154630116,-100000.0,-99900.0319259711,0.37506747247763556,0.9645937035317568,0.06805688771734374,32.05252090023072,False,lambda2 edge (-99900.03),11
1.4619774626867552,0.01891502603681332,0.5000000049999993,0.08340550154630116,-100000.0,-99974.07003221085,0.3650350149147527,0.9645937035317568,0.06805688771734374,32.05252090023072,False,lambda2 edge (-99974.07),11
1.4970403988949765,0.005593403125852877,0.08275173410383178,0.01936526926002309,456.6616384602179,7430.356594731412,0.04133641811536612,0.05018652022871682,0.01263573520338683,30.241252939954187,True,OK,11
1.47515492180648,0.008603734224194626,0.05650600529769636,0.0037813952294998266,455.4458862424129,7451.241246763782,0.006845332171074032,0.05018652022871682,0.006553681157466575,18.99251130299578,True,OK,11
1.4983468636048463,0.005492149992465931,0.06360428395144087,0.01718442458568325,447.8087116863065,14660.277223983498,0.02158787625980615,0.0362816382185018,0.010252872742789635,23.85386236402949,True,OK,11
1.4991096737071221,0.007894126047402233,0.5000000049999993,0.08340550154630116,-100000.0,-99989.85582418123,0.38188797810534214,0.9645937035317568,0.06805688771734374,32.05252090023072,False,lambda2 edge (-99989.86),11
1.5130069298408326,0.010777516060339538,0.04979026929124931,0.013177906552521192,442.37443846419836,22306.637651300298,0.01551193979190752,0.02922492630233715,0.008084931090990375,20.427099031975995,True,OK,11
1.5074610836844031,0.00991885825296056,0.5000000049999993,0.08340550154630116,-100000.0,-99948.63540728617,0.38600578766486676,0.9645937035317568,0.06805688771734374,32.05252090023072,False,lambda2 edge (-99948.64),11
1.4725623788837752,0.005378074206892433,0.08151955527606083,0.028199639422559035,447.21074345435056,15840.440183027491,0.03842032889497248,0.03499703977938398,0.013961415561193753,24.189515661352388,True,OK,11
1.4882960020219054,0.01634974141124923,0.5000000049999993,0.08340550154630116,-100000.0,-99976.62862922304,0.3766045096893472,0.9645937035317568,0.06805688771734374,32.05252090023072,False,lambda2 edge (-99976.63),11
1.5987133671771572,0.018927892625859935,0.014880907921521629,8.727057968568034e-05,5.04952976321213,2294.34911184785,1.689870047296229e-08,0.01764311815044419,0.002299752532871798,71435.32655307044,True,OK,11
1.5305907097752876,0.012977357836669014,0.26117921379475884,0.09596634913986356,445.95687909339836,19595.03029433622,0.19945641341715933,0.03140975719832603,0.04136906051371112,21.167050477057632,True,OK,11
1.504041419665018,0.016609091579564843,0.33307718284229937,0.10110136283289117,455.19473808503005,9747.062668433784,0.24701700268130122,0.0450422785741285,0.05019627006752266,26.12397555304681,True,OK,11
1.5670659363105708,0.01766408536373667,0.017275110058445273,0.00018441609728646395,427.35152227225717,61869.50006594315,0.0003867399057115812,0.01701844067858532,0.0017085356106855553,2.858440005240669,True,OK,11
1.5853706408075638,0.011515238723379437,0.5000000049999993,0.08340550154630116,-100000.0,100000.0,0.43058959061413243,0.9645937035317568,0.06805688771734374,32.05252090023072,False,lambda2 edge (100000.00),11
1.5673625795350077,0.01709598093193818,0.017204292265243233,7.624308999385247e-05,426.90649691170324,61125.833739439506,0.001003970481011506,0.01701844067858532,0.0016533110778871112,3.1855008537510052,True,OK,11
1.503184347149685,0.018938633660092248,0.0486713698037342,0.009092438555436747,446.33839368737125,15887.916322020375,0.011155234996332326,0.03499703977938398,0.007124171881943647,21.050571261291545,True,OK,11
1.4732078103695518,0.019914037687449242,0.5000000049999993,0.08340550154630116,-100000.0,-99999.49685666793,0.3697562654030404,0.9645937035317568,0.06805688771734374,32.05252090023072,False,lambda2 edge (-99999.50),11
1.5678127005422418,0.006399063579864909,0.02017214416619222,0.004213858530120403,424.4960325754621,94543.14851457221,0.013965871499896755,0.013708385261355807,0.003197774926844377,12.332980219525083,False,lambda2 edge (94543.15),11
1.5518721507347002,0.005512691163923902,0.05681492122405846,0.026722730339139078,425.1094833661448,100000.0,0.031661834624697995,0.013223022108691375,0.011077049172881347,14.871926445742913,False,lambda2 edge (100000.00),11
1.5678261729221856,0.01698834382488583,0.017371533284991303,0.0001708950404862225,427.457840452157,61040.73195205263,0.0016613115949257033,0.01701844067858532,0.0017116638684946534,2.7998115298277915,True,OK,11
1.5443374354328028,0.017852905878748555,0.02930329548281054,0.0026501546939980258,438.14921541702785,28818.838200132937,0.012339673170273764,0.025300617181813888,0.0036506404159181633,12.585299016522322,True,OK,11
1.4737036592300803,0.009138857630612198,0.0907584023840432,0.02317578167896186,457.39983121468856,7100.601568889974,0.033855975648914426,0.052028662477231744,0.014148839410314732,31.336597113407354,True,OK,11
1.5179848530229738,0.005636869292421474,0.04589623296508598,0.014111141642874815,437.5707367880143,33199.091712985064,0.01982558805037569,0.02354073187746785,0.007868263588482255,18.538405732666092,True,OK,11
1.5227502522599632,0.00897820184168849,0.5000000049999993,0.08340550154630116,-100000.0,-50674.3672963809,0.393955927432236,0.9645937035317568,0.06805688771734374,32.05252090023072,False,Mode at edge,11
1.5149829016942453,0.011376539479884597,0.04263711205700796,0.008412255481579143,442.5654191535064,21412.457979922103,0.01007668181644211,0.02922492630233715,0.00637757587651938,19.156777775686308,True,OK,11
1.583117642688276,0.009055114557914586,0.5000000049999993,0.08340550154630116,-100000.0,-99989.85582418123,0.42919734571137613,0.9645937035317568,0.06805688771734374,32.05252090023072,False,lambda2 edge (-99989.86),11
1.5851240380202782,0.011389564472192738,0.014211356690811559,0.0003198794692354478,422.9284969390098,93897.14148427536,0.0009417715658197157,0.013708385261355807,0.0014787945899189807,3.759058736592022,False,lambda2 edge (93897.14),11
1.505893080897158,0.012537680740027191,0.04542622732822839,0.007342908799884987,445.89670869156856,16262.790865901323,0.009235105021131809,0.033757924213444215,0.0064067957977175715,19.916941976058737,True,OK,11
1.5184840600907976,0.00886058469582719,0.5000000049999993,0.08340550154630116,-100000.0,-99975.24889953125,0.39169904960812196,0.9645937035317568,0.06805688771734374,32.05252090023072,False,lambda2 edge (-99975.25),11
1.5303751054714494,0.007277025996182469,0.033612069028057384,0.010547577288814936,430.07014181799195,61422.343197112794,0.02962290720154933,0.01701844067858532,0.005933692527578119,15.581076525772948,True,OK,11
1.5092701920232152,0.013486853290611358,0.043363127831002206,0.0037969147207601323,447.91642930052325,13366.697249003653,0.011359180757013584,0.03761338902136763,0.005309156921128539,16.77049726316204,True,OK,11
1.5178771542145801,0.017358685415761948,0.03230253843419129,0.0011408469898943428,442.18030403389275,19807.553033390577,0.0019075758647273055,0.030297654022966563,0.0034626381648990355,8.31858504566893,True,OK,11
1.4959410466149232,0.01954657368246515,0.5000000049999993,0.08340550154630116,-100000.0,-99881.57201666624,0.38018445551610314,0.9645937035317568,0.06805688771734374,32.05252090023072,False,lambda2 edge (-99881.57),11
1.5698610829191892,0.019513895389962083,0.017088460801670043,2.6253968482234846e-05,57.936429868336994,9079.971802863834,4.164938271754706e-10,0.01764311815044419,0.002176632195135669,124088.5235653135,True,OK,11
1.5773391176762426,0.00713155888777464,0.016320209603728056,0.0018799885333146819,423.5802629159879,97914.45613831482,0.007508140380717161,0.013708385261355807,0.0021956589083443304,9.534011963660065,False,lambda2 edge (97914.46),11
1.533704412688902,0.0075496778179367854,0.49033391070584115,0.08619110158265098,444.2557580993544,26973.581913895,0.3918059464306647,0.9645937035317568,0.06712643222116699,28.90933258008463,False,Mode at edge,11
1.574551829367816,0.01376243223774944,0.015870155277293383,0.00013430719752593985,425.32303319442275,72468.78789792674,0.0010757840882298208,0.015834655182844277,0.001556054201042318,2.776393508509802,True,OK,11
1.4968829040099667,0.01894398458010757,0.05441963259015347,0.011861100230605487,447.36426720235147,14865.280544527852,0.014580099555741551,0.0362816382185018,0.008287476194496024,22.555350121256506,True,OK,11
1.4761260474639966,0.01345793605206971,0.0581989069926405,0.005494059485493221,455.15978700366037,7769.454364923694,0.008685819128188842,0.05018652022871682,0.0071860743765332705,22.028457703231897,True,OK,11
1.5609456776533417,0.005882728059986477,0.03174101772765394,0.0071234334136848565,434.1288338314054,42548.25503667736,0.017607018813496727,0.02112774900972417,0.005016723296408166,15.835186317316213,True,OK,11
1.5436998446488686,0.01723851823194641,0.024346166749789212,0.004657047326668761,429.6133143794412,60964.88524243312,0.019238124466453507,0.01701844067858532,0.0037118486998549928,13.499913600820541,True,OK,11
1.4694538240185275,0.012683644566599407,0.07549888657417285,0.004898123127305884,463.18372972248164,4228.421683133528,0.0217631567689221,0.06696250665518527,0.008679425662316007,24.584790526302832,True,OK,11
1.4961980049408237,0.014943866773053812,0.049013420550304006,0.007590963872090304,448.1053806963285,13674.838169211414,0.009869330899770374,0.03761338902136763,0.006815710895801788,21.013299925111045,True,OK,11
1.4737354734157688,9.433462876034562e-05,0.0668183730149207,0.008677812534228252,457.16781983227156,6835.330070448092,0.014252749849912281,0.053938422246314024,0.008816568175141377,26.514134855390584,True,OK,12
1.6289457163429462,2.673769778881383e-05,0.008109718760216947,2.4526028476659617e-06,153.26094840601397,100000.0,6.778405236508558e-05,0.008275766320702958,0.0009049145431542054,5516350.666283557,False,lambda2 edge (100000.00),12
1.514653176873021,6.288714771877388e-05,0.09901693515362768,0.04568361019963404,434.14709185521326,47674.67386916197,0.05549068973232583,0.019658124188759216,0.01814469951465145,17.54791210692027,True,OK,12
1.59361246732685,4.983904136442324e-05,0.012309920316996624,2.4793873840773454e-06,361.24491053305053,100000.0,0.00015320065642362955,0.012303242084318801,0.0011913611375216986,2308764.969744208,False,lambda2 edge (100000.00),12
1.481258264392195,1.9373634442258446e-05,0.05017087155514697,0.013179776249421953,442.6814127960546,21759.030906438038,0.035378750575828934,0.02922492630233715,0.008123753554870548,20.56777616529683,True,OK,12
1.6499530673828686,5.0981690929913853e-05,0.006363847339214199,2.4233354439860447e-06,91.93185066862958,100000.0,4.20903827400188e-05,0.006666144989411547,0.0007640987624602625,9325932.985732848,False,lambda2 edge (100000.00),12
1.6245063498296997,5.34138404166203e-05,0.008541688360902648,2.4572556999699803e-06,170.70956546606,100000.0,7.454652200687433e-05,0.00857953591279118,0.0009374892692778342,4941060.434811811,False,lambda2 edge (100000.00),12
1.6344715277092006,1.7898344449439556e-05,0.007604620560780782,2.446136505714735e-06,134.0033706161566,100000.0,5.998447038816093e-05,0.007700112397901567,0.0008657485553094446,6329193.411792814,False,lambda2 edge (100000.00),12
1.4728038382669102,9.366689689518019e-05,0.05572341599813156,0.00517291239388417,454.100457494278,8398.898980185288,0.01030125079757265,0.04840960141478949,0.006863330066881663,21.1077128733414,True,OK,12
1.639498609008957,3.83245702718827e-05,0.00717470919930554,2.439538306583643e-06,118.58421915438358,100000.0,5.329092095740201e-05,0.007427479935502685,0.00083144208555756,7175048.834330156,False,lambda2 edge (100000.00),12
1.5210329773987743,5.0720521135128224e-05,0.03282211031957468,0.0043627670476630576,439.24504406484607,27064.558921919284,0.009247216170940221,0.026229299537389037,0.0044532102106033975,15.320177126916285,True,OK,12
1.533232336013458,2.71040694363637e-05,0.06324719898732324,0.028675201311902408,429.48750130340034,68646.63146241184,0.03501911871719012,0.01641588072249212,0.012049643179784002,16.14305849410295,True,OK,12
1.629675076787875,3.279768406350794e-05,0.008041021826830527,2.4517936581173425e-06,150.569274370139,100000.0,6.657489912903051e-05,0.008275766320702958,0.0008996573364248091,5617212.72555506,False,lambda2 edge (100000.00),12
1.5910544818955303,1.604401099614756e-05,0.012691315536110198,2.480606598692165e-06,384.3638706322522,100000.0,0.00016328842063910705,0.012754843867704915,0.0012144544665638008,2168527.8045567805,False,lambda2 edge (100000.00),12
1.4577502663056858,6.883574253192286e-05,0.07305704351807486,0.007197464096136573,460.93672109421914,5097.9613294137525,0.012564176241269103,0.06230466251811238,0.0090627292549854,27.260878424434715,True,OK,12
1.517803171514652,6.899134534480012e-05,0.04288905641366877,0.010328009317429478,440.3059524268639,26032.990310164954,0.013026451860423637,0.027192070030473203,0.006815987103778544,18.9279670468819,True,OK,12
1.468804240433766,9.54866241924277e-05,0.05159730605274888,0.0033598465758422963,453.15441223210377,8826.540697154838,0.014633994464833234,0.04669559671518797,0.005966481801594445,17.30077977655106,True,OK,12
1.599702893378619,8.886405097232194e-05,0.011448792984150538,2.476173792884714e-06,311.63887172562255,100000.0,0.00013210167187982936,0.011447441026802778,0.0011376157565541846,2680713.9170796648,False,lambda2 edge (100000.00),12
1.4772941108089022,3.881448720035825e-05,0.06046024870229396,0.007342359118100456,454.9776940788898,8002.636933794816,0.011129095861096219,0.04840960141478949,0.007873392231859058,24.1184162202984,True,OK,12
1.5236688328412686,5.834553834941367e-05,0.13784137611011474,0.06433446208992473,432.11185069205027,58277.11731803427,0.08627866341343708,0.01764311815044419,0.02444978302053237,16.304002973839022,True,OK,12
1.5093736971014828,1.545676679704646e-05,0.5000000049999993,0.08340550154630116,-100000.0,100000.0,0.3871136523605648,0.9645937035317568,0.06805688771734374,32.05252090023072,False,lambda2 edge (100000.00),12
1.523775676147494,3.2909438316455396e-05,0.09557723777236,0.045253554345033684,431.2105997750252,61129.06509174515,0.05439903677333714,0.01701844067858532,0.017703997951721635,16.48363285970975,True,OK,12
1.527184258292643,2.7726358835802366e-05,0.036123347611873004,0.012065971586905908,430.2412582726199,61005.450113659215,0.03183566911605405,0.01701844067858532,0.0064864868782142674,15.833012143526878,True,OK,12
1.502379274912947,6.64257106389042e-05,0.5000000049999993,0.08340550154630116,-100000.0,-96371.50557161045,0.3836059070830027,0.9645937035317568,0.06805688771734374,32.05252090023072,False,lambda2 edge (-96371.51),12
1.527630766915613,4.1084505385254284e-05,0.030613244741574713,0.0021574362796770302,439.88815146516424,24705.54487501251,0.003366654468914607,0.027192070030473203,0.0036293055411859205,11.698962825387389,True,OK,12
1.5567811265444744,7.946744867595331e-05,0.03947463759455285,0.011246586086204066,435.6502195406504,38442.07467072333,0.022896532037517018,0.021903262412316327,0.006662397016920014,17.418239741431172,True,OK,12
1.5257735912695913,6.287675433002566e-05,0.030899190991266097,0.0020726437118755705,440.2235194819144,23985.391096636467,0.003096470991815786,0.0281901798974141,0.003630566692479495,11.512500657723836,True,OK,12
1.6432405250736353,5.6978210270624564e-05,0.5000000049999993,0.08340550154630116,-100000.0,100000.0,0.46951554559256214,0.9645937035317568,0.06805688771734374,32.05252090023072,False,lambda2 edge (100000.00),12
1.631959515303509,8.143053618307843e-05,0.007829886220361706,2.449173388541348e-06,142.43949481782187,100000.0,6.242816869833101e-05,0.007982752084850246,0.0008833637398001373,5945490.460102241,False,lambda2 edge (100000.00),12
1.4617437363300299,4.861889843223312e-05,0.07374593331632823,0.009066364416753146,460.0679710805634,5507.709828106691,0.014757259460395768,0.06009868516564226,0.00958965425932465,28.656373784584197,True,OK,12
1.5896636815737175,9.880407212033799e-05,0.029070101359631652,0.009940707203177435,424.870556856005,96115.96560436288,0.01692650285319482,0.013708385261355807,0.005356097605825434,14.194704504647477,False,lambda2 edge (96115.97),12
1.5416752582323023,1.835069087140655e-05,0.026012305791902186,0.003959530021326158,432.8928798353837,45692.02230017304,0.010212990946113765,0.020379693664579288,0.0036947274784622044,13.54309120119245,True,OK,12
1.5624018349425735,2.1390741291156426e-05,0.5000000049999993,0.08340550154630116,-100000.0,-85180.94369860878,0.41657179720205323,0.9645937035317568,0.06805688771734374,32.05252090023072,False,Mode at edge,12
1.6003039120558786,5.5690929771560006e-05,0.011367270130045565,2.475831261375698e-06,307.1288762928535,100000.0,0.00013078234865152589,0.011447441026802778,0.001132408041825438,2720558.7640403886,False,lambda2 edge (100000.00),12
1.5946862736754572,8.824256441906713e-05,0.012153361488609987,2.478853429577698e-06,351.9589064300761,100000.0,0.00014874382257201865,0.012303242084318801,0.001181757754360545,2370333.126534724,False,lambda2 edge (100000.00),12
1.5757896034325554,6.511953963278634e-05,0.017299103233944017,0.002609809740230647,423.5507632991553,100000.0,0.009471381709410852,0.013223022108691375,0.0024983397502051654,10.711396837060368,False,lambda2 edge (100000.00),12
1.600914059087926,8.582095013074006e-05,0.011285125884103114,2.475478603202743e-06,302.6170783594109,100000.0,0.00012842981474977614,0.011447441026802778,0.0011271390668344098,2761621.9893591837,False,lambda2 edge (100000.00),12
1.6238107572554004,1.3278717611459498e-05,0.008611576422481162,2.4579439526475e-06,173.61743620092355,100000.0,7.640061803758701e-05,0.008894455646328717,0.0009426830226437434,4856631.704623557,False,lambda2 edge (100000.00),12
1.5612380593595578,2.946423788177963e-05,0.02494374305487445,0.007310483610157446,424.7388208387262,95511.89342366222,0.019189226097528267,0.013708385261355807,0.004390572164400431,13.668942972183336,False,lambda2 edge (95511.89),12
1.6220691781563565,6.83557916683025e-05,0.008789248234421423,2.4596208710350834e-06,181.1163767207641,100000.0,7.859563009999456e-05,0.008894455646328717,0.0009557934296416514,4651635.365855783,False,lambda2 edge (100000.00),12
1.5340444958064876,2.692938053092162e-05,0.02844521534444696,0.007911427428433496,428.58859619524395,68620.72835405028,0.03165212241898771,0.01641588072249212,0.004867691452227759,14.669198605583066,True,OK,12
1.5178047251839653,7.333999250862021e-05,0.04988810483438699,0.014751398549645044,440.32587741555955,26529.451955120865,0.017362985350544032,0.026229299537389037,0.008395532697166237,19.75129261534159,True,OK,12
1.4908719090423277,1.8422465080453547e-05,0.08955701684723295,0.03559656309562666,443.267469547665,22057.648655718127,0.04389406030124574,0.02922492630233715,0.015874375406538715,21.926849351201582,True,OK,12
1.62760575164551,7.877893146221051e-05,0.008237578857516636,2.4540558859192246e-06,158.33154259327114,100000.0,6.902688580970155e-05,0.008275766320702958,0.0009146425432732631,5335842.4910254935,False,lambda2 edge (100000.00),12
1.4899589861316265,3.630803890869925e-05,0.03946854340777668,0.007555613216479566,441.00172004974235,24166.36787326658,0.032766868078487166,0.0281901798974141,0.005872789797268337,18.17922627737383,True,OK,12
1.6444140354261771,7.373660380832056e-05,0.5000000049999993,0.08340550154630116,-100000.0,-29290.012615861655,0.470342355660342,0.9645937035317568,0.06805688771734374,32.05252090023072,False,Mode at edge,12
1.572104400842765,3.768656368817173e-05,0.0373546104565392,0.015234292212652514,424.70895782150416,100000.0,0.01667933291906206,0.013223022108691375,0.007199308171781776,14.5957681060258,False,lambda2 edge (100000.00),12
1.5098250288333044,1.3557125682120743e-05,0.5000000049999993,0.08340550154630116,-100000.0,-85180.94369860878,0.38734322535473825,0.9645937035317568,0.06805688771734374,32.05252090023072,False,Mode at edge,12
1.5956963733803862,1.3885770255119608e-05,0.012007969784490681,2.4783387800587605e-06,343.4416415158779,100000.0,0.0001464432017886216,0.012303242084318801,0.0011727736045309964,2429762.88600152,False,lambda2 edge (100000.00),12
1.4509714675554557,7.565455790748813e-05,0.08283744318637414,0.009545850292896963,463.5054026552896,4279.253955629479,0.01662602603197604,0.06696250665518527,0.010600085905422456,31.426789369384114,True,OK,12
1.639774751429825,7.808527429545795e-05,0.007151876666179551,2.439154750588132e-06,117.79028993656169,100000.0,5.231493253081405e-05,0.007427479935502685,0.0008295940052547561,7224740.324341703,False,lambda2 edge (100000.00),12
1.5443280381248756,5.3744072460478575e-05,0.5000000049999993,0.08340550154630116,-100000.0,-95200.33483588636,0.40599341827025176,0.9645937035317568,0.06805688771734374,32.05252090023072,False,lambda2 edge (-95200.33),12
1.537227284529821,3.921793003993003e-05,0.028152560673059795,0.007254921926829877,429.54124731582795,62903.87362413138,0.025494289392718555,0.01701844067858532,0.004694072695724236,14.706743436637197,True,OK,12
1.554342842837168,4.8803586142700355e-05,0.03334445009436588,0.010963571737182867,428.8428815123798,68412.81009818614,0.014153112901193563,0.01641588072249212,0.005990108502267031,15.307994965029584,True,OK,12
1.5696335760081548,9.083080724509851e-05,0.5000000049999993,0.08340550154630116,-100000.0,-98467.18712129444,0.42094631708583863,0.9645937035317568,0.06805688771734374,32.05252090023072,False,lambda2 edge (-98467.19),12
1.649001883464762,1.7086896089462542e-05,0.00643323472483501,2.424960177226447e-06,94.08841018678646,100000.0,4.353278384284885e-05,0.006666144989411547,0.0007700043920059167,9105369.31349438,False,lambda2 edge (100000.00),12
1.5269366945322682,2.6263557619012856e-05,0.03661861043782817,0.012303504420235149,430.39732007647217,60264.26661645253,0.031539767439086853,0.01764311815044419,0.006582432687180052,15.905190471749334,True,OK,12
1.5204240947851067,3.587257166935807e-05,0.5000000049999993,0.08340550154630116,-100000.0,-85180.94369860878,0.39284410425930105,0.9645937035317568,0.06805688771734374,32.05252090023072,False,Mode at edge,12
1.4849074263253577,7.876684480791615e-05,0.050359543283212585,0.003083904499028359,452.6597869231826,9127.965250041563,0.005741247513377179,0.0450422785741285,0.0057684209536182215,16.469446810931817,True,OK,12
1.5492577485658472,9.273210239955033e-05,0.5000000049999993,0.08340550154630116,-100000.0,100000.0,0.4088259867422765,0.9645937035317568,0.06805688771734374,32.05252090023072,False,lambda2 edge (100000.00),12
1.456518488649403,1.6028021181879096e-05,0.06401958992276122,0.0022136383701826306,459.73089873723404,5239.70783038772,0.007655968409572101,0.06009868516564226,0.006778719950339664,15.137380399406943,True,OK,12
1.5306547165860687,1.722495883636334e-05,0.03383463144161642,0.007732566949984266,435.40278164585595,38415.0460354652,0.013294753970257324,0.021903262412316327,0.005359431841382419,16.433735209007615,True,OK,12
1.5025459192829667,9.874267687689612e-05,0.03891661933492118,0.004678486764289627,443.93025968707184,18569.4696186621,0.01172142571841544,0.03140975719832603,0.0051203186123845845,16.92261270583719,True,OK,12
1.4917919214969229,2.783059672708817e-05,0.04397021584534335,0.013089921082762385,437.27535740456347,33873.41804472709,0.042124812270095006,0.02354073187746785,0.007478281892174898,18.294099915734876,True,OK,12
1.5647281337591417,5.4819846171384105e-05,0.02448760056019104,0.003917511382445335,431.1480696829317,52951.28050793436,0.008958038752247377,0.018290724981767724,0.0035374166881156554,13.184843601535809,True,OK,12
1.5660876594405688,4.39061750387692e-05,0.019138002073773055,0.0005692767826756472,429.7029336214172,53829.43530312034,0.005701637510035897,0.018290724981767724,0.0020333268799342594,5.157841130601197,True,OK,12
1.6153524719789893,2.2472249629821657e-05,0.009511816436300558,2.4655057902312963e-06,213.188261110567,100000.0,9.257363783647054e-05,0.009559397665277353,0.0010077819119610218,3940122.5660657613,False,lambda2 edge (100000.00),12
1.535678529168293,7.207856635996783e-05,0.026597828144197012,0.0023253252407639067,435.9254771927613,34402.14266697727,0.005385117039965467,0.02354073187746785,0.003300110734627836,11.604456597668605,True,OK,12
1.6236472880565798,4.326144457210819e-05,0.008628089149592443,2.4581041499875938e-06,174.30794308679384,100000.0,7.619643721629755e-05,0.008894455646328717,0.0009439071245357143,4837004.615470686,False,lambda2 edge (100000.00),12
1.5635491198187506,1.6222595050653535e-05,0.01967934072088803,5.675756492070066e-06,404.37906647303913,43721.949273514016,0.00872374133238637,0.019658124188759216,0.0018655915370541796,393881.5827793679,True,OK,12
1.4840638176223657,1.6222434621950305e-05,0.5000000049999993,0.08340550154630116,-100000.0,-85180.94369860878,0.37488631729867306,0.9645937035317568,0.06805688771734374,32.05252090023072,False,Mode at edge,12
1.5955761783997042,3.5925397184992665e-05,0.012025175976274487,2.4784006589179206e-06,344.444261622514,100000.0,0.0001464973187195384,0.012303242084318801,0.0011738401523426196,2422612.796939761,False,lambda2 edge (100000.00),12
1.5947490580383674,1.597584511389471e-05,0.012144271658102172,2.478821793544143e-06,351.42340824079366,100000.0,0.00014970159165690698,0.012303242084318801,0.0011811979334628655,2373983.8524999446,False,lambda2 edge (100000.00),12
1.622509560081665,8.519771782999825e-05,0.008743955125135651,2.4592030015813224e-06,179.1901920774968,100000.0,7.752638904914548e-05,0.008894455646328717,0.0009524638713645118,4702623.8819467565,False,lambda2 edge (100000.00),12
1.4677857486100565,1.2138085581146788e-05,0.0746824835095808,0.014687813407045358,456.46374417500806,7424.064616574558,0.020265658460722417,0.05018652022871682,0.010909869173555149,29.05000246598862,True,OK,12
1.4612577625963983,8.682671558320606e-05,0.06529235077101553,0.0035814241726336545,459.65950748935154,5403.641115978069,0.00784386463697586,0.06009868516564226,0.007326836186207233,19.879727461243082,True,OK,12
1.4969406978103792,5.934459860723698e-05,0.5000000049999993,0.08340550154630116,-100000.0,-83197.07439434572,0.3809455289142506,0.9645937035317568,0.06805688771734374,32.05252090023072,False,Mode at edge,12
1.5352488406360112,8.159729736057419e-05,0.02529394427791111,0.0006259866147930374,436.3911953416951,30801.22457946489,0.001996479005239622,0.024404816029045106,0.002627618007428537,5.476302644953106,True,OK,12
1.547779660294134,5.5059475659514275e-05,0.5000000049999993,0.08340550154630116,-100000.0,100000.0,0.4079728482062942,0.9645937035317568,0.06805688771734374,32.05252090023072,False,lambda2 edge (100000.00),12
1.6478183878999804,2.351166010743314e-05,0.006520755436279532,2.4269377012948063e-06,96.8416706934882,100000.0,4.456371662108888e-05,0.006666144989411547,0.000777413930277067,8838410.348574942,False,lambda2 edge (100000.00),12
1.6161407877491862,1.4657477104349631e-05,0.00942384488463253,2.4648605346484987e-06,209.1483950163956,100000.0,9.103465113627636e-05,0.009559397665277353,0.0010015630811902555,4017543.846100893,False,lambda2 edge (100000.00),12
1.545529753914594,8.977013415397213e-05,0.02328011615959362,0.001435563184247144,433.571473065352,40799.18709452211,0.003180103715672875,0.02112774900972417,0.0027156503019286453,9.013191298598143,True,OK,12
1.5830427931208242,7.166931574295196e-05,0.01842487352100342,0.0033388038124535506,423.70864592061196,100000.0,0.00384161432638894,0.013223022108691375,0.0028038128817569237,11.535066583008732,False,lambda2 edge (100000.00),12
1.502663456451297,4.767173122253089e-05,0.03898615835031895,0.0050977118539866405,443.5307264184285,19266.175795058407,0.0129084585808377,0.03140975719832603,0.0052347037871856225,17.262626007886826,True,OK,12
1.52331621269981,5.6929888914219484e-05,0.04101339158353642,0.013205517066421524,433.96649758402833,44690.290142568934,0.02419189106888585,0.020379693664579288,0.007200433504794686,17.125414140385946,True,OK,12
1.5424455860287336,3.9420851668929044e-05,0.025806063729372827,0.0014405035822685364,436.1979637389401,32760.351388677973,0.004251439492579561,0.02354073187746785,0.0029543660186598336,9.191519458728436,True,OK,12
1.5110961224742339,3.2576760248960995e-05,0.04731312119648052,0.010557849365792408,443.67193170007727,19834.129887546595,0.01279587320068176,0.030297654022966563,0.0073053870108127986,20.397030571302416,True,OK,12
1.5230094493769517,2.349473301406546e-05,0.03494836877306667,0.0046948782725046816,440.706215882905,24112.012197905504,0.005930676137519893,0.0281901798974141,0.004743182008832465,16.043077528341126,True,OK,12
1.6244208604007147,6.419074526500847e-05,0.008550244957004188,2.4573408651065877e-06,171.06431439971445,100000.0,7.451708583234887e-05,0.00857953591279118,0.0009381262795470857,4930603.862357029,False,lambda2 edge (100000.00),12
1.4767572851187711,7.244734007881013e-05,0.06368917796388993,0.009076139005080124,455.322802655165,7884.825647176541,0.013437884229546835,0.05018652022871682,0.008601949520951797,25.71553479206148,True,OK,12
1.6195332935995945,3.1378210484703306e-05,0.009054965752793276,2.4619482316340976e-06,192.61661337186248,100000.0,8.394257792139758e-05,0.009220934797482712,0.0009751556952596676,4368788.0105937915,False,lambda2 edge (100000.00),12
1.4801201188674526,1.0775553142037686e-05,0.5000000049999993,0.08340550154630116,-100000.0,100000.0,0.3730997186047035,0.9645937035317568,0.06805688771734374,32.05252090023072,False,lambda2 edge (100000.00),12
1.459450067771297,7.860262134731605e-05,0.0632213629138323,0.004974090710066944,457.9444814867884,6255.261192765943,0.011538770104096225,0.05591828149906458,0.007528052801996221,22.384609880592055,True,OK,12
1.6474372664083388,1.4039229022864894e-05,0.006549222597990342,2.4275642731006256e-06,97.74516584515875,100000.0,4.509090265999056e-05,0.006666144989411547,0.0007798145818372639,8754166.099031929,False,lambda2 edge (100000.00),12
1.5996141918159785,1.6467594925686406e-05,0.011460875801667242,2.4762239413728864e-06,312.3100559578534,100000.0,0.00013355931345694874,0.011447441026802778,0.0011383858073639407,2674883.6544443723,False,lambda2 edge (100000.00),12
1.5684265649807334,7.80467754185414e-05,0.024046195291070552,0.006944223784487281,424.18306182697705,100000.0,0.014603829260383063,0.013223022108691375,0.004220936613812803,13.461431991568855,False,lambda2 edge (100000.00),12
1.5218408794535474,1.0984124899959738e-05,0.09246470180923219,0.04330013566185252,432.0947760549306,56502.40996411261,0.051894680936447085,0.018290724981767724,0.017133478177339,16.83415420278221,True,OK,12
1.5690378704250851,9.92120165326025e-05,0.5000000049999993,0.08340550154630116,-100000.0,86750.45576945043,0.4205828092495139,0.9645937035317568,0.06805688771734374,32.05252090023072,False,Mode at edge,12
1.501523484567699,2.7054214946849425e-05,0.0511589233706163,0.012339397476419763,444.4900967924797,18736.433173730773,0.016086187930982994,0.03140975719832603,0.008056811221182361,21.24423736963354,True,OK,12
1.474785178550703,5.9973005791005055e-05,0.08135903611034473,0.021198364385250995,454.38120982542426,8892.1446214877,0.028068622436731742,0.04669559671518797,0.012816447122832851,28.727263176892283,True,OK,12
1.4873601178848492,0.00416908334868161,0.5000000049999993,0.08340550154630116,-100000.0,-99925.35274635708,0.3763448957361673,0.9645937035317568,0.06805688771734374,32.05252090023072,False,lambda2 edge (-99925.35),13
1.5155531892516918,0.004570165979180349,0.038267338029475906,0.011872943722556015,433.23754266128105,47230.75575401785,0.03297754982204017,0.019658124188759216,0.006665260115185387,16.717833496533625,True,OK,13
1.5250390857016143,0.0019890683323177775,0.0304180444857774,0.0027301619139490224,439.07710523541607,26744.180095679127,0.005532298185033916,0.026229299537389037,0.0037792749857240436,12.889033212394482,True,OK,13
1.4800579328776369,0.00218964783637432,0.05662074837822726,0.016382815579626352,443.71662106470063,20268.328121832947,0.03385464672639281,0.030297654022966563,0.009387150217865986,21.533631964602506,True,OK,13
1.4393613683192703,0.004727777476919985,0.08335337685944771,0.005856308927653865,465.6485328214301,3562.827581038914,0.013142820724767084,0.07461023956159979,0.00970064693843654,27.83809183589577,True,OK,13
1.5027412629120733,0.0048983616530044235,0.044472311760698845,0.008440638078945444,443.97690521762036,19111.6273771279,0.013263771596830448,0.03140975719832603,0.0065646115999134875,19.733858330081517,True,OK,13
1.455044256609374,0.0031497502934159064,0.05903855837176338,0.012473297041473909,449.7488858886763,12353.82054695756,0.03863125493948582,0.03899402295873397,0.008877533703244565,24.033009633762163,True,OK,13
1.467680775584956,0.0014291482300949076,0.058757905285058,0.0054215438257612675,455.4944550960246,7568.027720473252,0.011126630053115307,0.05018652022871682,0.007220479843450949,22.067664621677366,True,OK,13
1.4226063590147886,0.003110545442417929,0.23528921342478296,0.09678696061167796,426.45629026795035,100000.0,0.1570561256008446,0.013223022108691375,0.03820154899631419,13.39600218916993,False,lambda2 edge (100000.00),13
1.3921273749239411,0.0047258477172355574,0.13363235274600102,0.009710823541583164,478.67781064238505,1453.3152650962627,0.02971815684023888,0.11921226494635856,0.015647106129585305,42.58370115283758,True,OK,13
1.4022918627498067,0.0017919229856676285,0.105266377555328,0.005981735587615344,472.5999361108453,2164.9735958808624,0.02584638156825347,0.09602569863053698,0.011838520285790308,32.06322587478982,True,OK,13
1.5177578203089546,0.001387738167157255,0.039774441178876595,0.004369932613293149,444.89155598454585,17128.072017671264,0.010307495531050823,0.033757924213444215,0.005121610534511881,16.81272984194381,True,OK,13
1.5420500579307737,0.0039028038828901423,0.026546876662110995,0.006910936292973402,428.0572320405246,71289.66153258257,0.025981863769106838,0.015834655182844277,0.004459143521926774,14.254999759432598,True,OK,13
1.3923517542795945,0.0037673882451426115,0.16268323338186025,0.019278541995164242,481.848958046497,1214.7281506278464,0.045686059734100885,0.1281244735501072,0.02095596100031278,51.77082213975942,True,OK,13
1.493693137590837,0.004029397730959674,0.04103118120833954,0.0025292534125144804,447.4296430868582,13589.977301301074,0.008271489972553853,0.03761338902136763,0.004723052434293169,13.847527135915032,True,OK,13
1.5290756134480805,0.00387340225269262,0.5000000049999993,0.08340550154630116,-100000.0,-99962.62693182992,0.3974350631675885,0.9645937035317568,0.06805688771734374,32.05252090023072,False,lambda2 edge (-99962.63),13
1.4855117331487748,0.002289853274327111,0.052945457935975965,0.005407695832261928,452.40785701971447,9592.007807932934,0.008255382045970223,0.0450422785741285,0.0066581811198615296,20.75612506920722,True,OK,13
1.5055092591293873,0.0048278863385231175,0.051381774722717724,0.011751612895725235,445.34148504998797,17452.60602976416,0.014323885880513428,0.03256268114059059,0.007959961947685631,21.509299791182855,True,OK,13
1.4857539204951973,0.0036573794737370154,0.05366280944146244,0.0061361114821819095,452.23581248478405,9787.210994754318,0.009013913369703527,0.0434474983053278,0.006914182616759181,21.569206601947574,True,OK,13
1.458683047595964,0.004024483238972297,0.08982645298439032,0.015893555493945135,462.34463294385307,4795.585750465223,0.02565190138903381,0.06459161229229521,0.01269865432536323,34.105059866953255,True,OK,13
1.5595801306209545,0.0016415572962709445,0.02166171755544259,0.001532954254233004,431.5974147342668,48381.3410262244,0.004862526190810257,0.019658124188759216,0.002594286894501708,9.200208002270319,True,OK,13
1.4164329503106772,0.003157751034657558,0.11172972835863103,0.013156687571775393,471.4474697570118,2450.534257262121,0.02650646289493309,0.08934624829756561,0.014329568253777304,40.62969556188265,True,OK,13
1.4666475715070986,0.003286279138026875,0.5000000049999993,0.08340550154630116,-100000.0,-99953.45295077805,0.36720150926259415,0.9645937035317568,0.06805688771734374,32.05252090023072,False,lambda2 edge (-99953.45),13
1.3888333285903691,0.002617105825321796,0.5000000049999993,0.08340550154630116,-100000.0,-99873.45814454778,0.3419558174440418,0.9645937035317568,0.06805688771734374,32.05252090023072,False,lambda2 edge (-99873.46),13
1.484936087171801,0.003340765405219851,0.050198083172985714,0.013783607875129986,441.91718547779686,23209.89465543589,0.03431084412510347,0.0281901798974141,0.008243568344946607,20.32198341874992,True,OK,13
1.4983201131183073,0.0038808641160106554,0.5000000049999993,0.08340550154630116,-100000.0,-99925.35274635708,0.3815602863752734,0.9645937035317568,0.06805688771734374,32.05252090023072,False,lambda2 edge (-99925.35),13
1.4954784966013541,0.00416097262155774,0.5000000049999993,0.08340550154630116,-100000.0,-99925.35274635708,0.3801816773968936,0.9645937035317568,0.06805688771734374,32.05252090023072,False,lambda2 edge (-99925.35),13
1.4924569142432265,0.003150030650148818,0.050343581818948394,0.00460516423436763,451.54963570813595,10163.353516674253,0.00877515208929608,0.0434474983053278,0.00619586781231919,19.26334697622858,True,OK,13
1.489115357199806,0.0014047734670133295,0.04826533966247921,0.01231647501181654,442.23985948763243,22463.933736715047,0.029650982998622497,0.02922492630233715,0.0077608144485013485,20.201570545752677,True,OK,13
1.4291681773305935,0.003109599122632525,0.10947043391896757,0.01653875626836314,469.0526861957447,2945.514677442615,0.028471857480221737,0.0831314137641865,0.01484562449510721,40.360267750225994,True,OK,13
1.5371376987723073,0.0037162062251519723,0.5000000049999993,0.08340550154630116,-100000.0,-99962.62693182992,0.4018842188169217,0.9645937035317568,0.06805688771734374,32.05252090023072,False,lambda2 edge (-99962.63),13
1.3962734541249415,0.0033690998017776174,0.18923755533242714,0.0399182300323799,478.9692756421722,1547.2860957066925,0.07585913939407682,0.11499140015101728,0.027695224084026283,52.37188830968289,True,OK,13
1.4199128377746777,0.003936066239154892,0.11544580115472881,0.01365873025268116,472.3129627512581,2309.2381494085516,0.026932462714048717,0.09262578427625402,0.014821297867231178,41.7074558074131,True,OK,13
1.5289393534515745,0.0033738250903598936,0.042107914178553245,0.015304819843776785,431.28457963277566,56590.06090320381,0.027263915216344727,0.018290724981767724,0.007700465378941531,16.435901569881143,True,OK,13
1.4864452697553077,0.002354365772843256,0.050185738909811865,0.0046515833522614855,451.42181595803197,10270.29487776592,0.007240162714832649,0.0434474983053278,0.006193309873156837,19.291568050854423,True,OK,13
1.4603250038090356,0.004456433415261382,0.08073840238337589,0.01941658151679533,455.61511583696085,8048.406519352119,0.02703393160841288,0.04840960141478949,0.012435248744055386,29.434491918718166,True,OK,13
1.5101976595740882,0.0030790146387833723,0.03725106750378908,0.0028265129768214542,444.53758409276526,17208.83428808433,0.0041825122243973716,0.03256268114059059,0.0044540612238884,14.049753636419311,True,OK,13
1.4462818295247066,0.0012015189531542174,0.08765464718158952,0.009857344000608628,465.14750030741914,3799.951743369506,0.017792676706811183,0.07196856730011514,0.01115001027517761,32.90425085191078,True,OK,13
1.4057413322387493,0.0017721007581574825,0.12163650856663474,0.007156037950923986,476.59640619325023,1651.465029753581,0.022308374436231702,0.11091998054597198,0.013757022843960756,37.01336755795609,True,OK,13
1.4472090377865614,0.004776574588305099,0.07559402939299216,0.005791887475919668,462.76314809121425,4400.661948460991,0.012212714845426242,0.06696250665518527,0.008937708022190656,26.16451429431696,True,OK,13
1.4709276110745748,0.0019393606530369242,0.5000000049999993,0.08340550154630116,-100000.0,-99620.78067407913,0.3690367126199716,0.9645937035317568,0.06805688771734374,32.05252090023072,False,lambda2 edge (-99620.78),13
1.3990350247430725,0.0023532220984118562,0.14232422391538538,0.019094745188285057,477.17181544151475,1673.6257156743227,0.03974113518910636,0.11091998054597198,0.018788212019622785,48.58118317913176,True,OK,13
1.5268315143991902,0.0025333711736420317,0.44872501785294955,0.09589289724302008,445.2660021919484,23061.9594944257,0.35336646461806376,0.9645937035317568,0.06295196809611828,23.102677056950448,False,Mode at edge,13
1.5190510450840344,0.004210819904507515,0.5000000049999993,0.08340550154630116,-100000.0,-99925.35274635708,0.3920617589564895,0.9645937035317568,0.06805688771734374,32.05252090023072,False,lambda2 edge (-99925.35),13
1.3999477385457666,0.003434639010507135,0.15873949135348478,0.031155401478583596,475.8070072021741,1894.9566658623191,0.05641821876670855,0.10320449904927852,0.022856162928030683,49.756822856750546,True,OK,13
1.5526372914068,0.0026085522996142155,0.021493213334392757,0.0012848775578640874,431.7372614304603,47347.1230899044,0.002472712491901834,0.019658124188759216,0.0024993680612950767,8.404609494625596,True,OK,13
1.3891699360205438,0.0046932107610315145,0.0735108936351059,0.02433991695535616,446.34655640252646,16811.908880327996,0.10916410909047775,0.033757924213444215,0.01250807678020208,23.55011666440654,True,OK,13
1.539059930683047,0.003088565788836007,0.02411504886077218,0.00115601435630292,434.7856488034466,36412.9999550072,0.004695674566315549,0.0227072417455348,0.0027028619753222865,8.049298261125685,True,OK,13
1.4794055616619217,0.0018469644111044996,0.3874612582942127,0.10350381893886362,446.8661570159295,19354.18621079779,0.2795776017062738,0.03140975719832603,0.05641607753258712,21.40562147081209,True,OK,13
1.5275011359980348,0.0029944001535685055,0.029507210952368718,0.0014945423297835101,439.58432645264713,24826.616707487938,0.0023696582164410233,0.027192070030473203,0.0033187814538587082,9.619465723538204,True,OK,13
1.38609800312566,0.0037320598257959913,0.5000000049999993,0.08340550154630116,-100000.0,-99925.35274635708,0.34133912565618185,0.9645937035317568,0.06805688771734374,32.05252090023072,False,lambda2 edge (-99925.35),13
1.5510893285644871,0.004316601961383001,0.044293304090695026,0.016467158292540123,431.66048276439034,55046.547183449766,0.018597992396411304,0.018290724981767724,0.008132012081998492,16.627410469280555,True,OK,13
1.4298956652378971,0.0012133003397333626,0.10303450774472887,0.011293076400113948,469.65315388802185,2762.4248821058954,0.021899420563088207,0.0861828285420169,0.013020441096948613,37.683780124591244,True,OK,13
1.5492632542568725,0.004748250899518806,0.5000000049999993,0.08340550154630116,-100000.0,-99968.61468563505,0.4087672530368226,0.9645937035317568,0.06805688771734374,32.05252090023072,False,lambda2 edge (-99968.61),13
1.4758347575483164,0.0035692696466861403,0.05568665593315155,0.0039184980830210235,454.9429930741609,7757.69755465374,0.006981999107608052,0.05018652022871682,0.006515079935736312,19.136176774157214,True,OK,13
1.4632680109279455,0.0026790614683950345,0.07145187671523343,0.006088691818969487,460.91264660120123,5061.595140052708,0.0126930020828408,0.06230466251811238,0.008619064528908947,25.69079466558134,True,OK,13
1.401500718467166,0.001387011593444384,0.15257616960877235,0.01727814945492732,480.3475026556729,1337.2981056318001,0.04082854821346148,0.12358806045475453,0.0194487327359557,50.03494045028951,True,OK,13
1.4218917864017138,0.004346562985626178,0.12874334147000985,0.017460304800040904,474.3320537698695,2030.1901376371918,0.034987730558172475,0.09955040995908344,0.0170272373979369,45.54027682828735,True,OK,13
1.4062498141324222,0.0019067946076588428,0.13661915430664645,0.010809831487705143,479.00643838213847,1428.9860047251761,0.029716957170744858,0.11921226494635856,0.016238504590392087,44.17908046442831,True,OK,13
1.4787505306779973,0.0018605248723130977,0.08939121487425261,0.02155611692248826,458.06501693748083,6722.925931958855,0.0352020351737779,0.053938422246314024,0.013723688720641483,31.704673588348697,True,OK,13
1.4093772032492016,0.003253264966791849,0.13167876651091565,0.01956888632746798,474.166713453276,2067.2574395373613,0.03704933585478915,0.09955040995908344,0.017775947539426015,46.213253511522055,True,OK,13
1.4462567887793907,0.0035046371433618767,0.5000000049999993,0.08340550154630116,-100000.0,-99962.62693182992,0.3591243991660635,0.9645937035317568,0.06805688771734374,32.05252090023072,False,lambda2 edge (-99962.63),13
1.5441969612735618,0.0016039725257402707,0.5000000049999993,0.08340550154630116,-100000.0,-99222.13936503678,0.4058978690926105,0.9645937035317568,0.06805688771734374,32.05252090023072,False,lambda2 edge (-99222.14),13
1.5444180587663516,0.004609959869691675,0.02493023780560181,0.0009182409191177947,435.84031953792555,32928.031471919334,0.005246135375361578,0.02354073187746785,0.0026982971869445775,7.032152969899566,True,OK,13
1.5292357650004624,0.003525143669224341,0.5000000049999993,0.08340550154630116,-100000.0,-99956.84642952774,0.3975270580095396,0.9645937035317568,0.06805688771734374,32.05252090023072,False,lambda2 edge (-99956.85),13
1.4916263983437985,0.0035568506397460065,0.5000000049999993,0.08340550154630116,-100000.0,-99962.62693182992,0.37835302794524656,0.9645937035317568,0.06805688771734374,32.05252090023072,False,lambda2 edge (-99962.63),13
1.5042891992192065,0.001065928802384628,0.04667137429164277,0.011502354280064115,441.97809394381784,22856.606569770658,0.01814175379945134,0.0281901798974141,0.0074364676249330346,19.908700010831502,True,OK,13
1.552456664248917,0.003342415045862319,0.038520478478909256,0.015065617990348296,426.93673255025635,82233.14033989157,0.021101750873526687,0.014733212607138805,0.007289101806124892,15.158462313962318,True,OK,13
1.520663851092436,0.0025091273562454527,0.5000000049999993,0.08340550154630116,-100000.0,100000.0,0.3929367363169034,0.9645937035317568,0.06805688771734374,32.05252090023072,False,lambda2 edge (100000.00),13
1.3822314985048432,0.0030389386395057757,0.14654607262959335,0.011981195945159374,480.8863656582374,1263.3301132985566,0.036379159815828066,0.1281244735501072,0.017535526521197324,46.58751750335868,True,OK,13
1.4712942214768672,0.002747957153245807,0.10037186836289277,0.03775175087312297,448.0459885051229,15113.02984957343,0.04849242817859842,0.03499703977938398,0.017359227656878466,24.76037910770713,True,OK,13
1.4411490697491738,0.001999304351238888,0.08936713142671718,0.008348155137807421,466.55522984672217,3398.7968537806432,0.016399973128336603,0.07734887682598612,0.010945118266632227,32.29305299579134,True,OK,13
1.4749580774094928,0.0025011125587739765,0.053055273112571896,0.0017560288307441525,454.81663426043525,7505.384479941861,0.004723926619211219,0.05018652022871682,0.0056041658340274655,12.27620535829787,True,OK,13
1.5545877389489657,0.0016917092310677257,0.03066259332943885,0.00905105791974792,429.2322123730033,65423.537205615554,0.012141160263429518,0.01641588072249212,0.005331195584764648,15.091410045118678,True,OK,13
1.4375398021728756,0.0021758418836982842,0.10117450476055379,0.018896385641277852,464.82235985658446,4034.8949162823587,0.029257254322079602,0.06942042686989255,0.014463994293864078,37.215121494810006,True,OK,13
1.4777956517224722,0.002997121027896592,0.06662598802744005,0.010174127030858984,455.97018475976375,7552.032356803105,0.015890335441074717,0.05018652022871682,0.00914270355626727,26.8067043195228,True,OK,13
1.495873283776369,0.004800007082296831,0.06644456048464485,0.018479778790316915,448.27877920987294,14186.105873298238,0.023190869052780852,0.0362816382185018,0.010780588514487766,24.28931983357652,True,OK,13
1.431339795388896,0.0037710862770199863,0.12693862360345592,0.028380561657461917,468.0331651364628,3272.3007749808894,0.04467451819972344,0.07734887682598612,0.018908930263152327,41.91490440752632,True,OK,13
1.384507236540933,0.002049553890934498,0.5000000049999993,0.08340550154630116,-100000.0,-99799.72888545672,0.341027222157832,0.9645937035317568,0.06805688771734374,32.05252090023072,False,lambda2 edge (-99799.73),13
1.4634695510393867,0.0011239791539245378,0.06499841618327734,0.0022287945720160093,460.14214414691975,5082.927670281331,0.007529339023083088,0.06230466251811238,0.0068749446795564224,15.288536228521224,True,OK,13
1.491180502899655,0.003713242433606833,0.045257155857888025,0.01410534124910114,436.9467580532195,34962.48053850567,0.04353655792373414,0.0227072417455348,0.00780213359754867,18.29689274209408,True,OK,13
1.5144117086708484,0.003066298019372049,0.14640028375317446,0.060182037995984275,447.1709553974056,16784.737239739083,0.09636109827247319,0.033757924213444215,0.025117913446321884,23.626319183860645,True,OK,13
1.4887100396961528,0.0025842610051139492,0.07288264486177672,0.029248643038630506,438.9518435303565,30967.340181766012,0.04297419669435601,0.024404816029045106,0.013177620742624569,19.77799492326242,True,OK,13
1.387425545851181,0.0013998074230980521,0.1806965668579708,0.029488963017283272,481.75559037262747,1253.697943319695,0.062123547999117075,0.1281244735501072,0.024977814120447,53.854709519326526,True,OK,13
1.4978992663562636,0.004982221198343105,0.0425895662142929,0.003452160930281756,447.703316274791,13523.847592843164,0.005604889668210416,0.03761338902136763,0.005139206646568556,16.06607925220919,True,OK,13
1.3828445830493932,0.003230333987305531,0.18870565965141559,0.029232365720340943,483.5536706077554,1109.4564472206482,0.0647943463796058,0.1377029513689611,0.02580765271814318,54.614194483477505,True,OK,13
1.5151815755188605,0.004307099312055515,0.03439787747533031,0.0016635942686031233,443.417258567288,18296.399385324134,0.0030212267247889156,0.03256268114059059,0.0038313629413865534,10.563753175308003,True,OK,13
1.478136882220075,0.0034796639207364203,0.5000000049999993,0.08340550154630116,-100000.0,100000.0,0.37216309272408316,0.9645937035317568,0.06805688771734374,32.05252090023072,False,lambda2 edge (100000.00),13
1.5054104901494196,0.004435864998773723,0.5000000049999993,0.08340550154630116,-100000.0,-99981.75435697792,0.38505239937459645,0.9645937035317568,0.06805688771734374,32.05252090023072,False,lambda2 edge (-99981.75),13
1.4020121166965072,0.004704728785099454,0.1454988870962766,0.006701245303327028,482.26078025922857,1115.6483417566196,0.0290100048944871,0.13282739984823985,0.01591825409370616,39.098790498473086,True,OK,13
1.3846831326392826,0.004344799003831102,0.5000000049999993,0.08340550154630116,-100000.0,-99893.61053500991,0.34102773444459855,0.9645937035317568,0.06805688771734374,32.05252090023072,False,lambda2 edge (-99893.61),13
1.3938132767807454,0.001778512846419689,0.15812039248801105,0.018601469982390862,481.09684936183555,1275.912395396614,0.043575514075668946,0.1281244735501072,0.02032818408199167,51.080780433134784,True,OK,13
1.3807009463486037,0.002781026822144163,0.19764199539767888,0.036044587453340104,482.60576807068617,1198.9148300133263,0.07510644988211496,0.1281244735501072,0.02802825213149728,54.46650518266534,True,OK,13
1.4401846608091307,0.0016639716459481094,0.09285062464826947,0.011143283424539716,466.320174389322,3511.71514999632,0.019760633429014962,0.07461023956159979,0.011970192445471194,34.89447878537486,True,OK,13
1.4611962289447031,0.0026094835326887353,0.07405570488697115,0.01032693800995347,459.3700290053778,5844.74538175512,0.01577501210039161,0.05797081330131604,0.009914038264124575,29.13871052939899,True,OK,13
1.5181789858857735,0.00457252122428013,0.0426871655420208,0.013987061349500236,434.4438420180491,43076.01718134222,0.02709790709807046,0.020379693664579288,0.007518092949935245,17.37262975202529,True,OK,13
1.4974621053180748,0.0014976415549060955,0.5000000049999993,0.08340550154630116,-100000.0,100000.0,0.3811775191685274,0.9645937035317568,0.06805688771734374,32.05252090023072,False,lambda2 edge (100000.00),13
1.4331703430477731,0.0046532731873291195,0.08138066814117033,0.0033764024334785704,466.01185120210585,3370.435969908213,0.013029605750476205,0.07734887682598612,0.008780366101736195,21.436615340345003,True,OK,13
1.39597220874142,0.002627423357563306,0.17406925118766828,0.03424296627943752,478.13009178913757,1622.5449281218189,0.06450023784667094,0.11091998054597198,0.025077779281022308,51.80100001636035,True,OK,13
1.5496508314620268,0.004802659365877943,0.022381042415973995,0.0003908558511323272,433.50649646476575,38186.719646194375,0.003648546766953723,0.021903262412316327,0.0022673589542696266,4.015765578127198,True,OK,13
1.2922406354097784,0.0008336984440493987,0.5000000049999993,0.08340550154630116,-100000.0,-99430.02924535614,0.33401638506106535,0.9645937035317568,0.06805688771734374,32.05252090023072,False,lambda2 edge (-99430.03),14
1.3013491196707998,0.0008767302697181708,0.5000000049999993,0.08340550154630116,-100000.0,-99430.02924535614,0.33358288160029576,0.9645937035317568,0.06805688771734374,32.05252090023072,False,lambda2 edge (-99430.03),14
1.2163162661385996,0.0005720785744606793,0.5000000049999993,0.08340550154630116,-100000.0,-99653.51018904005,0.34703648692033745,0.9645937035317568,0.06805688771734374,32.05252090023072,False,lambda2 edge (-99653.51),14
1.33283976070872,0.0006162761312215318,0.2365408350639838,0.020116757860267752,494.87730095845933,515.5491996578421,0.07986036199246573,0.20471732535260898,0.028936175290392087,51.55897906308367,True,OK,14
1.3432104598538297,0.0006756114637306492,0.5000000049999993,0.08340550154630116,-100000.0,-99653.51018904005,0.3347916802344029,0.9645937035317568,0.06805688771734374,32.05252090023072,False,lambda2 edge (-99653.51),14
1.3873291116255642,0.0009096296927799932,0.15521590390118092,0.01022698457556891,483.31049821023726,1062.7119096163499,0.03442713973387514,0.1377029513689611,0.017920463876568406,45.81035483556165,True,OK,14
1.3085675600137563,0.0008864475435474289,0.5000000049999993,0.08340550154630116,-100000.0,-99430.02924535614,0.333416114427235,0.9645937035317568,0.06805688771734374,32.05252090023072,False,lambda2 edge (-99430.03),14
1.264227577247018,0.0007471298884059313,0.5000000049999993,0.08340550154630116,-100000.0,-99433.98993833785,0.33689227191055143,0.9645937035317568,0.06805688771734374,32.05252090023072,False,lambda2 edge (-99433.99),14
1.2494964103726556,0.000930443084260497,0.29766996310954946,0.020310007207532885,503.20509727607777,305.53338415060574,0.13959078966900595,0.2634775642628657,0.03546431277393416,44.090043193574346,True,OK,14
1.374613523313683,0.0009510748342045007,0.259196510586869,0.05897474207231328,484.03501743245334,1131.5036262463243,0.12632186765093192,0.13282739984823985,0.0384961179120833,52.34830367753065,True,OK,14
1.3854953962448517,0.0009797981310297474,0.2129465698029776,0.04336691246262921,482.5344913074122,1220.4229810050408,0.08886226819796514,0.1281244735501072,0.030945818732163424,54.09461957651355,True,OK,14
1.2556672463263852,0.0009659121453976578,0.29509624051462024,0.02008370356839151,502.9264044997068,310.63863600850675,0.13482684784921312,0.2634775642628657,0.03512812535048499,44.37574476140538,True,OK,14
1.3242426382703996,0.0007112475419590761,0.16707417263225813,0.014037588474393285,484.56200515974405,993.7254693655237,0.0745798347759386,0.14275746447937215,0.020142637491849438,50.09688662050327,True,OK,14
1.3220747791935745,0.000671301178325139,0.5000000049999993,0.08340550154630116,-100000.0,-99653.51018904005,0.3335275814076983,0.9645937035317568,0.06805688771734374,32.05252090023072,False,lambda2 edge (-99653.51),14
1.2677106013921904,0.0006206571689887644,0.5000000049999993,0.08340550154630116,-100000.0,-99653.51018904005,0.3364112901652068,0.9645937035317568,0.06805688771734374,32.05252090023072,False,lambda2 edge (-99653.51),14
1.2264855978914253,0.0007482824485735937,0.5000000049999993,0.08340550154630116,-100000.0,-99433.98993833785,0.3443492473751836,0.9645937035317568,0.06805688771734374,32.05252090023072,False,lambda2 edge (-99433.99),14
1.3875523351427774,0.0008150759846371923,0.2112941512016961,0.04467954551845478,481.56682636769324,1306.0694472178598,0.08949100796027107,0.12358806045475453,0.030947332044741867,53.582318131177814,True,OK,14
1.3141951265511547,0.0007142964591254583,0.2342142667733871,0.016413659900815995,495.4406617454943,491.59253300960745,0.0828811653725455,0.20471732535260898,0.027673621191815094,50.210096022367566,True,OK,14
1.3028803252634384,0.0006046386737859755,0.2429757683856133,0.016395297125106317,496.7269338999478,452.87480849216024,0.09069694084723677,0.21223166251558342,0.028572234369019817,49.381603595074154,True,OK,14
1.3745871754386194,0.0005991914816407641,0.5000000049999993,0.08340550154630116,-100000.0,-99653.51018904005,0.3390991092474372,0.9645937035317568,0.06805688771734374,32.05252090023072,False,lambda2 edge (-99653.51),14
1.3533245513454626,0.0008799925057480762,0.5000000049999993,0.08340550154630116,-100000.0,-99430.02924535614,0.3358624804906523,0.9645937035317568,0.06805688771734374,32.05252090023072,False,lambda2 edge (-99430.03),14
1.324973808405547,0.0009314631874774142,0.23788748384004796,0.022576198291992637,494.4316304378415,534.0725200887202,0.0856592272937797,0.19746904303898868,0.029709020674459338,52.256083648952675,True,OK,14
1.26821007049013,0.0009408086106214317,0.31794283893231795,0.03386098811311658,502.7195391430978,325.1100513376672,0.15082543339717525,0.25414879950984415,0.04128542414947337,44.52178044631042,True,OK,14
1.3558820919198609,0.0008993749138808804,0.5000000049999993,0.08340550154630116,-100000.0,-99430.02924535614,0.336181438807232,0.9645937035317568,0.06805688771734374,32.05252090023072,False,lambda2 edge (-99430.03),14
1.3429159419054628,0.0009231715084949847,0.5000000049999993,0.08340550154630116,-100000.0,-99430.02924535614,0.33476090850621126,0.9645937035317568,0.06805688771734374,32.05252090023072,False,lambda2 edge (-99430.03),14
1.4086197725435272,0.0007100814272623193,0.15172070425576334,0.024499770724099087,477.16220172873835,1699.209894951529,0.0478625051990497,0.11091998054597198,0.020883980345735954,50.07571122494006,True,OK,14
1.3727831367419139,0.0008722898797590168,0.11557999865116905,0.011399994696590905,473.3551675449922,2124.18595465842,0.0518351765252685,0.09602569863053698,0.014295534702720603,40.74140204397254,True,OK,14
1.3005740331424036,0.000963474499866256,0.5000000049999993,0.08340550154630116,-100000.0,-99996.4414883469,0.33360863848461253,0.9645937035317568,0.06805688771734374,32.05252090023072,False,lambda2 edge (-99996.44),14
1.288885185914519,0.0007827329581381187,0.2573200844231831,0.017605333126267372,498.4803646976297,406.9279003580608,0.10293244648951543,0.22809792300069667,0.030416041045895126,48.366902426858694,True,OK,14
1.2311884713981922,0.0006128875970331331,0.5000000049999993,0.08340550154630116,-100000.0,-99653.51018904005,0.34320474670804907,0.9645937035317568,0.06805688771734374,32.05252090023072,False,lambda2 edge (-99653.51),14
1.378139234106752,0.0006982763614144236,0.5000000049999993,0.08340550154630116,-100000.0,-99653.51018904005,0.3397642019513643,0.9645937035317568,0.06805688771734374,32.05252090023072,False,lambda2 edge (-99653.51),14
1.2888168178830517,0.0006229905090953101,0.2573907314473977,0.017616392033091843,498.48765298777823,406.75546934299865,0.10300122546934956,0.22809792300069667,0.03042674818767319,48.3632454803614,True,OK,14
1.3083220668594908,0.0009029084806753112,0.5000000049999993,0.08340550154630116,-100000.0,-99430.02924535614,0.3334189465224502,0.9645937035317568,0.06805688771734374,32.05252090023072,False,lambda2 edge (-99430.03),14
1.3890328235547478,0.000535057216022092,0.09691716005798438,0.012014667829441272,467.2706099057275,3291.0394283388678,0.05168661474347856,0.07734887682598612,0.012578275607732236,36.31438333164692,True,OK,14
1.324964146248023,0.0007336366839461672,0.5000000049999993,0.08340550154630116,-100000.0,-99653.51018904005,0.3336206642966723,0.9645937035317568,0.06805688771734374,32.05252090023072,False,lambda2 edge (-99653.51),14
1.3328563700943157,0.0007236378434541346,0.24115741522608108,0.02249110426194644,494.95410338449557,516.3690690845751,0.08401297463922704,0.20471732535260898,0.030041686116297213,51.90139563866477,True,OK,14
1.289728964170683,0.0007359403562147447,0.256813656980769,0.01758331121963576,498.41562856816387,408.5629728398236,0.10231017585194122,0.22809792300069667,0.03035581663030477,48.41652810105757,True,OK,14
1.3263998257512828,0.0007504916055158883,0.5000000049999993,0.08340550154630116,-100000.0,-97429.96495013533,0.33367644072158953,0.9645937035317568,0.06805688771734374,32.05252090023072,False,lambda2 edge (-97429.96),14
1.3044288902041292,0.0009089176549790404,0.5000000049999993,0.08340550154630116,-100000.0,-98976.1164656201,0.3334921732906448,0.9645937035317568,0.06805688771734374,32.05252090023072,False,lambda2 edge (-98976.12),14
1.3591295982475715,0.0006706892470905964,0.5000000049999993,0.08340550154630116,-100000.0,-99653.51018904005,0.33661810433245315,0.9645937035317568,0.06805688771734374,32.05252090023072,False,lambda2 edge (-99653.51),14
1.370115423503064,0.0009268253345022502,0.22413405206604362,0.03851719992533068,486.81924170803103,908.07685678292,0.08874849326942318,0.14799750812873955,0.03146414825364452,55.230029620461885,True,OK,14
1.240698441074838,0.0007913412308653794,0.5000000049999993,0.08340550154630116,-100000.0,-99430.02924535614,0.3410696301213498,0.9645937035317568,0.06805688771734374,32.05252090023072,False,lambda2 edge (-99430.03),14
1.2670623987198426,0.0008695861609633612,0.5000000049999993,0.08340550154630116,-100000.0,-99430.02924535614,0.33649448198360765,0.9645937035317568,0.06805688771734374,32.05252090023072,False,lambda2 edge (-99430.03),14
1.2577570658717365,0.000835701762086516,0.2930429836695354,0.01997606586822756,502.6886618428949,315.14176896279145,0.13286306917997728,0.2634775642628657,0.03487748385191443,44.626174651843684,True,OK,14
1.2610249312115267,0.0007555718817149717,0.5000000049999993,0.08340550154630116,-100000.0,-99433.98993833785,0.3373674038193785,0.9645937035317568,0.06805688771734374,32.05252090023072,False,lambda2 edge (-99433.99),14
1.3997292935832384,0.0006906537692282172,0.5000000049999993,0.08340550154630116,-100000.0,-99653.51018904005,0.3445772878954734,0.9645937035317568,0.06805688771734374,32.05252090023072,False,lambda2 edge (-99653.51),14
1.3851476971926415,0.0009934722906019475,0.5000000049999993,0.08340550154630116,-100000.0,-99996.4414883469,0.341179567250957,0.9645937035317568,0.06805688771734374,32.05252090023072,False,lambda2 edge (-99996.44),14
1.3849701697610326,0.0005829330148616715,0.16165608533325918,0.016044001289785944,482.7842403152706,1128.4184804183453,0.04249666298061776,0.13282739984823985,0.020094657095337212,50.69459394106176,True,OK,14
1.3739316439070326,0.0005160746975502806,0.5000000049999993,0.08340550154630116,-100000.0,-99981.00472888432,0.33898133229741373,0.9645937035317568,0.06805688771734374,32.05252090023072,False,lambda2 edge (-99981.00),14
1.2886603767398614,0.000935366686658932,0.25746867876260415,0.017619916942307273,498.49757762814903,406.5057166947605,0.10310874151266798,0.22809792300069667,0.030436040323252367,48.35565808994578,True,OK,14
1.347750442551984,0.000766370213668939,0.5000000049999993,0.08340550154630116,-100000.0,-97429.96495013533,0.33523503469266785,0.9645937035317568,0.06805688771734374,32.05252090023072,False,lambda2 edge (-97429.96),14
1.287572805016524,0.000906148473235143,0.2778760170061999,0.019709601569354557,500.79390949169886,354.2443035877335,0.11146398130895717,0.245150331767351,0.033191663237935216,46.580004840015945,True,OK,14
1.351911680789644,0.0007342026598078367,0.5000000049999993,0.08340550154630116,-100000.0,-99653.51018904005,0.3356966908388697,0.9645937035317568,0.06805688771734374,32.05252090023072,False,lambda2 edge (-99653.51),14
1.3884968674419318,0.0006149740089093162,0.1700496320372218,0.019191983985505617,483.4464049666004,1089.9775190484945,0.0481095047224767,0.1377029513689611,0.02170827956511943,52.47623698980119,True,OK,14
1.244078301831725,0.0008214018821667908,0.2997066073777219,0.020578821055663207,503.4071055643868,301.97728221539404,0.14385441773303478,0.2634775642628657,0.03575421600759585,43.88930076326254,True,OK,14
1.404398868540354,0.0006236282866533852,0.14286207371419146,0.008957182171678277,481.0448656145696,1230.4681974120026,0.03031466697467049,0.1281244735501072,0.01634251237249968,42.8586098010788,True,OK,14
1.2599340757867652,0.000569749423981095,0.5000000049999993,0.08340550154630116,-100000.0,-99653.51018904005,0.33753906396468697,0.9645937035317568,0.06805688771734374,32.05252090023072,False,lambda2 edge (-99653.51),14
1.3821127110547264,0.0006131987702056671,0.5000000049999993,0.08340550154630116,-100000.0,-99653.51018904005,0.3405536965281777,0.9645937035317568,0.06805688771734374,32.05252090023072,False,lambda2 edge (-99653.51),14
1.3106357053449775,0.0009954362390011023,0.2370954857903622,0.016469699364590876,495.8554422352975,478.83201891131284,0.0853786223570439,0.21223166251558342,0.027981938381823838,49.98359647134579,True,OK,14
1.2124281801844086,0.0007782430452553971,0.5000000049999993,0.08340550154630116,-100000.0,-99430.02924535614,0.3481326635733209,0.9645937035317568,0.06805688771734374,32.05252090023072,False,lambda2 edge (-99430.03),14
1.312457808540989,0.0009037236882050774,0.2368570104927347,0.016688531596237392,495.7685241096735,481.8519144347286,0.08462003741112614,0.21223166251558342,0.028022247361487153,50.109168867623396,True,OK,14
1.2810563079105552,0.0007051706794495208,0.2852526769698083,0.02240472601512844,501.1785965183017,348.45976851959557,0.11997661856558972,0.245150331767351,0.03474654551176279,46.41622483062677,True,OK,14
1.2435875961197727,0.0008704076158178933,0.32236293994922616,0.03165610473722372,503.84151671495493,301.9926429635777,0.16273217351095692,0.2634775642628657,0.04126187158241473,43.357123060070776,True,OK,14
1.3669417818376295,0.0005683316603894152,0.2105714962931433,0.02442642131049213,489.408038110445,743.4293023219116,0.06882613688255473,0.16490018202073972,0.02720328242447734,54.57725885853186,True,OK,14
1.2886914147976642,0.0009464524976813415,0.25866002250008163,0.018226385084586905,498.5284077226578,406.4967880323874,0.10398415705085962,0.22809792300069667,0.030737547562133302,48.45901239074705,True,OK,14
1.2105414547351574,0.0006493795353113162,0.5000000049999993,0.08340550154630116,-100000.0,-99653.51018904005,0.34868254436541385,0.9645937035317568,0.06805688771734374,32.05252090023072,False,lambda2 edge (-99653.51),14
1.3210084570105094,0.0006670469298299766,0.22751718264263887,0.015725835588984945,494.5979231349493,517.6083038435638,0.07734882525269705,0.19746904303898868,0.026778351240779125,50.42260706194087,True,OK,14
1.264409037835534,0.0007300187424516063,0.2830552105700115,0.01531403085310823,502.31900714063914,317.58993553690175,0.12142538187151582,0.25414879950984415,0.03235641348352647,44.33499677759149,True,OK,14
1.2463046216219387,0.0007648126204797419,0.29742336553452026,0.02033680335866017,503.1687576318185,306.2439111850857,0.14157129838111965,0.2634775642628657,0.035447488371231184,44.131292108311726,True,OK,14
1.351339184262645,0.0007876474763142511,0.5000000049999993,0.08340550154630116,-100000.0,-99433.98993833785,0.33562935971312746,0.9645937035317568,0.06805688771734374,32.05252090023072,False,lambda2 edge (-99433.99),14
1.228621866171706,0.0009222043070827866,0.41689075193409847,0.06636822417230936,505.3319121489404,295.3246664408113,0.25774600377259016,0.27314874988108545,0.05846704440126597,37.45425508680458,True,OK,14
1.2449955674974975,0.0008824060003055644,0.5000000049999993,0.08340550154630116,-100000.0,-98976.1164656201,0.3401875181132279,0.9645937035317568,0.06805688771734374,32.05252090023072,False,lambda2 edge (-98976.12),14
1.28211302215517,0.0008913806740280512,0.5000000049999993,0.08340550154630116,517.9855974638846,348.4203010199127,0.33478709844605775,0.9645937035317568,0.06805688771734374,32.05252090023072,False,Mode at edge,14
1.251254580681069,0.0005933310518477149,0.5000000049999993,0.08340550154630116,510.1176729132957,310.7705403073832,0.33900279266046046,0.9645937035317568,0.06805688771734374,32.05252090023072,False,Mode at edge,14
1.3094051692434965,0.0005164680073491803,0.24183034302234643,0.018384698537166205,496.09830201718887,474.4086148975629,0.08909786622430507,0.21223166251558342,0.029020165647811482,50.37309989550361,True,OK,14
1.2550594677564666,0.0008620061260921742,0.5000000049999993,0.08340550154630116,-100000.0,-99430.02924535614,0.3383300149197163,0.9645937035317568,0.06805688771734374,32.05252090023072,False,lambda2 edge (-99430.03),14
1.377476695661085,0.0005403926819689052,0.25210367401799694,0.05913870166083621,482.5616656333756,1249.7962209659931,0.12284188170645435,0.1281244735501072,0.03766162083352039,52.00522631693301,True,OK,14
1.3864155418876207,0.0008987586020265895,0.1624924292389444,0.015746222689058377,483.06245343198725,1106.2487935757135,0.04225341834952579,0.1377029513689611,0.020107850529227013,50.644820546800844,True,OK,14
1.383936859141393,0.00084921427728942,0.1124489783466082,0.009484523447909224,473.2749009057213,2115.2222734778625,0.04152475959558057,0.09602569863053698,0.013501158396624417,38.56324003051076,True,OK,14
1.3448306134587928,0.0007625466166724319,0.5000000049999993,0.08340550154630116,-100000.0,-97429.96495013533,0.33494201733144896,0.9645937035317568,0.06805688771734374,32.05252090023072,False,lambda2 edge (-97429.96),14
1.340557444898263,0.0009595548322833027,0.13390581891713524,0.014702943031751077,476.8738576904713,1683.7749402024513,0.074194593113564,0.11091998054597198,0.01693516758371974,46.12597525947299,True,OK,14
1.2301044002833417,0.0006578822389230457,0.5000000049999993,0.08340550154630116,-100000.0,-99653.51018904005,0.3434629774539889,0.9645937035317568,0.06805688771734374,32.05252090023072,False,lambda2 edge (-99653.51),14
1.2244909947191742,0.0009724025859720192,0.5000000049999993,0.08340550154630116,-100000.0,-99966.99506929821,0.34485025175623674,0.9645937035317568,0.06805688771734374,32.05252090023072,False,lambda2 edge (-99967.00),14
1.2990530931998776,0.0008376722353380942,0.2467484223872065,0.016837059686677362,497.16890728489705,441.00064335610375,0.09406685404675025,0.2200218203151435,0.02909084914509686,49.200713149968045,True,OK,14
1.3782240129008643,0.0009955001240382444,0.23416556901597338,0.04835323116384228,484.4936331338038,1078.4839999778935,0.1033184979840489,0.1377029513689611,0.03414842382324324,54.122365901106576,True,OK,14
1.242356491558453,0.0008997563028591143,0.5000000049999993,0.08340550154630116,-100000.0,-99996.4414883469,0.3407219463109334,0.9645937035317568,0.06805688771734374,32.05252090023072,False,lambda2 edge (-99996.44),14
1.3874845796273472,0.0005244376884254379,0.18316815214788187,0.03436913797828763,480.19111943577735,1408.5548562019983,0.0679726116445336,0.11921226494635856,0.026117707689691655,53.21688176520074,True,OK,14
1.3608181120371146,0.0006773626605982752,0.3046905572134847,0.06760874045894505,487.40131698118114,918.2414876456022,0.16056136896347895,0.14799750812873955,0.044969300081862625,50.101316951089466,True,OK,14
1.3397193582940863,0.0007570240980194324,0.24823123960355026,0.02783483380753892,494.54366573607854,537.0139689835239,0.09092017369108216,0.19746904303898868,0.032079944296205705,52.59455630030179,True,OK,14
1.2619484504173273,0.000567610681001993,0.5000000049999993,0.08340550154630116,-100000.0,-99653.51018904005,0.3372303336102253,0.9645937035317568,0.06805688771734374,32.05252090023072,False,lambda2 edge (-99653.51),14
1.2333894466178417,0.0005516614288542459,0.5000000049999993,0.08340550154630116,-100000.0,-99653.51018904005,0.34268993711293516,0.9645937035317568,0.06805688771734374,32.05252090023072,False,lambda2 edge (-99653.51),14
1.3375580080269156,0.000675705425699769,0.5000000049999993,0.08340550154630116,-100000.0,-99653.51018904005,0.3343231988450485,0.9645937035317568,0.06805688771734374,32.05252090023072,False,lambda2 edge (-99653.51),14
1.2533266876411744,0.0008459425463529515,0.3328057651154071,0.03797591887998415,503.59315642245423,310.5733446832966,0.1686703145435168,0.2634775642628657,0.04389848432303489,43.21242219065155,True,OK,14
1.3473699131532932,0.0007695841461784988,0.5000000049999993,0.08340550154630116,-100000.0,-97429.96495013533,0.3351953598697219,0.9645937035317568,0.06805688771734374,32.05252090023072,False,lambda2 edge (-97429.96),14
1.3969915633731702,0.0006927071157207107,0.1632604975282354,0.03032566575110824,477.35198559122216,1699.0024739536273,0.057037561861134574,0.11091998054597198,0.02321054909818116,50.99541461981574,True,OK,14
1.3771725942538584,0.0005375697039660982,0.16763446390074574,0.024188840517794748,481.04568080667036,1299.9874612963617,0.05442016600318418,0.12358806045475453,0.022527342103399236,52.732633844259446,True,OK,14
1.3579662188077009,0.000994223706915965,0.5000000049999993,0.08340550154630116,-100000.0,-99996.4414883469,0.3364542314924338,0.9645937035317568,0.06805688771734374,32.05252090023072,False,lambda2 edge (-99996.44),14
1.3793196432575634,0.0007898323596550297,0.1714929692333117,0.013612056369810725,485.5672119008568,927.4949213662978,0.043189630543657175,0.14799750812873955,0.020478142641097333,50.090390764942725,True,OK,14
1.335353212865432,0.0006766447747184734,0.23810193905798455,0.02165684410704926,494.7111305441685,523.3067911218423,0.08133989739648893,0.19746904303898868,0.02950374911278651,51.9386955269394,True,OK,14
1.3458970436516207,0.0008851976915906635,0.5000000049999993,0.08340550154630116,-100000.0,-99430.02924535614,0.3350441503740865,0.9645937035317568,0.06805688771734374,32.05252090023072,False,lambda2 edge (-99430.03),14
1.509734272167678,0.012386943755006496,0.08801687579166752,0.037868317689951504,438.34131626487556,33136.7106010298,0.04541543195109653,0.02354073187746785,0.01599163111682662,19.448218233696444,True,OK,15
1.3691956098660165,0.01393786926096478,0.5000000049999993,0.08340550154630116,-100000.0,-99999.20372587813,0.33794148372483496,0.9645937035317568,0.06805688771734374,32.05252090023072,False,lambda2 edge (-99999.20),15
1.3778536224973255,0.008671475653341651,0.11858872060454491,0.01543018320559547,472.4041360398978,2309.8925808597774,0.05117397982227508,0.09262578427625402,0.015540862831679261,42.85756643305887,True,OK,15
1.4093169866958606,0.015965448097226158,0.14516777495531702,0.02056683596545034,477.2542626192346,1671.180788051429,0.04170992639358291,0.11091998054597198,0.019397552042428424,49.15928049272354,True,OK,15
1.3875712185817752,0.007486294202635288,0.5000000049999993,0.08340550154630116,-100000.0,-99989.85582418123,0.34159938954478974,0.9645937035317568,0.06805688771734374,32.05252090023072,False,lambda2 edge (-99989.86),15
1.3667446363748241,0.018098599045308212,0.25430800875305626,0.05121558735268848,486.96131204254215,919.2756150523369,0.11560266468583383,0.14799750812873955,0.03693158477938273,53.80482564452361,True,OK,15
1.4640258136534092,0.005599196984264397,0.08396598312162283,0.01696200507484544,459.1019218858906,6131.377968357343,0.02450076791281991,0.05591828149906458,0.012308853938872988,31.71283886367536,True,OK,15
1.3642438458457173,0.013380114447125842,0.1853769162578403,0.009110416791999823,489.3225854931403,707.7963240534829,0.044314249165448315,0.1709529944234296,0.02054948121019236,45.96116530398897,True,OK,15
1.4023801601930068,0.013950895256478933,0.12221262242757423,0.009241654981875546,476.00782479008194,1743.9830280983876,0.025518467237310268,0.10699271483050952,0.014396567741348763,40.1716024921262,True,OK,15
1.4251906263521448,0.01884968843465382,0.5000000049999993,0.08340550154630116,-100000.0,-99881.57201666624,0.3515940884356594,0.9645937035317568,0.06805688771734374,32.05252090023072,False,lambda2 edge (-99881.57),15
1.4031713522442053,0.015187180526583403,0.5000000049999993,0.08340550154630116,-100000.0,-99976.62862922304,0.3452349657876735,0.9645937035317568,0.06805688771734374,32.05252090023072,False,lambda2 edge (-99976.63),15
1.36810814674279,0.01933790801283388,0.5000000049999993,0.08340550154630116,-100000.0,-99996.39502906357,0.33767436715435795,0.9645937035317568,0.06805688771734374,32.05252090023072,False,lambda2 edge (-99996.40),15
1.507113620186253,0.016086119435246186,0.5000000049999993,0.08340550154630116,-100000.0,-99994.83322479004,0.38574367569054946,0.9645937035317568,0.06805688771734374,32.05252090023072,False,lambda2 edge (-99994.83),15
1.429781870734536,0.00829990158990892,0.1172816553866922,0.020205114715967424,469.59334050587796,2865.8545182901025,0.03403236592476471,0.0831314137641865,0.01639938871229894,42.11437198223163,True,OK,15
1.4818774510371948,0.016045311457205332,0.07759843551773633,0.02649294633155079,446.58591313035924,16581.61778672609,0.033816545091384646,0.033757924213444215,0.01328081920612802,23.766312458794484,True,OK,15
1.3932931059341425,0.011768229412358985,0.16791912824465105,0.027359757634095126,479.7952678342261,1426.5404921735237,0.055376327256930244,0.11921226494635856,0.0231798746491023,52.484053023293775,True,OK,15
1.4294198406725178,0.017396158249590638,0.09611126344507691,0.006452863174476606,469.6672882165949,2678.2761949548653,0.015437581614185679,0.0861828285420169,0.011093774270201721,31.334416760139202,True,OK,15
1.4625767026501115,0.014647513153100828,0.1052195459285463,0.038175961121622096,450.5479387606921,12422.859857840429,0.0498606387880171,0.03899402295873397,0.017956731464415645,26.45726927124628,True,OK,15
1.4574741133844917,0.009057051190737183,0.08776407023542292,0.0141479775523412,462.64485121994636,4659.5909839691385,0.023228845196963246,0.06459161229229521,0.012126705102694946,33.68570349377095,True,OK,15
1.4157566889744302,0.005684934281550592,0.5000000049999993,0.08340550154630116,-100000.0,-99963.81249371804,0.34889425153145526,0.9645937035317568,0.06805688771734374,32.05252090023072,False,lambda2 edge (-99963.81),15
1.4780411703718186,0.011494973227547209,0.09408354786148233,0.034012671493765856,448.5349656610044,14438.501806680288,0.04276667512059998,0.0362816382185018,0.01616445504068832,25.09656884448729,True,OK,15
1.425735753563136,0.008680343974004402,0.12448559723192885,0.02128690367959577,471.2500702128632,2553.4797297564064,0.03697380208317512,0.08934624829756561,0.017365556215538758,44.000084909987436,True,OK,15
1.3914140922189144,0.013817328943535438,0.1548416939643364,0.01605667810254756,481.30612256184804,1247.519624841303,0.039914224829240376,0.1281244735501072,0.01939581293410514,49.94675816636956,True,OK,15
1.3948829522805515,0.005963132773481966,0.14289892929925718,0.013111850771773265,479.66021617924696,1380.5659855105707,0.03379209310578323,0.11921226494635856,0.017460680602098183,46.883373412727494,True,OK,15
1.4751261123971349,0.010647041516095489,0.058360312500249804,0.004398405795322028,455.9786470174033,7212.709189795313,0.007915057442099452,0.052028662477231744,0.006904683290228527,20.500354610936647,True,OK,15
1.4170353375848956,0.01146977422273687,0.5000000049999993,0.08340550154630116,-100000.0,-99985.296636371,0.34918420057721916,0.9645937035317568,0.06805688771734374,32.05252090023072,False,lambda2 edge (-99985.30),15
1.482256723511214,0.009812553439097257,0.5000000049999993,0.08340550154630116,-100000.0,-99990.8005840071,0.37392111506979175,0.9645937035317568,0.06805688771734374,32.05252090023072,False,lambda2 edge (-99990.80),15
1.4737054316886755,0.01909317261169315,0.058944038233968724,0.00564085553272743,455.43612019909517,7617.995927298333,0.008845826588384648,0.05018652022871682,0.007296232582998061,22.36075147128501,True,OK,15
1.45913022938872,0.01147521621765537,0.06201857764813059,0.0027561820827920968,458.62302836600213,5760.179139682206,0.0083870034273983,0.05797081330131604,0.006766046645080902,16.98924601709061,True,OK,15
1.4721684584719998,0.011868460546270783,0.05799838891104475,0.009786449736504011,451.6308499168688,10522.756437999762,0.018526881203289276,0.041909183299525955,0.008200752767525805,24.038233453333113,True,OK,15
1.4221640906662212,0.012879247453590249,0.09778911117010687,0.005432715737897338,470.5948122547099,2483.7779448133047,0.015805223201905413,0.08934624829756561,0.010961951474858752,29.616276598705443,True,OK,15
1.4076583502213942,0.006563753244200018,0.12686055302639854,0.009708055049240598,477.02170406956657,1629.548163090235,0.025699484750433866,0.11091998054597198,0.014979362842321795,41.49901547915186,True,OK,15
1.4222278008289249,0.006857853216939529,0.11646619137725295,0.015851054129862544,471.5771853966689,2453.18886201613,0.029304331823916917,0.08934624829756561,0.015415871368595287,42.343688837838236,True,OK,15
1.421566221033317,0.013354005818201755,0.11346951987318746,0.012396451760391865,472.31189105493934,2297.1883628749115,0.02505891086324721,0.09262578427625402,0.014326390392386975,40.77566497030921,True,OK,15
1.499606677180847,0.005543334965679554,0.06115618101360794,0.01791911268648019,445.24540414610146,18021.414362552063,0.021679875730627966,0.03256268114059059,0.010132269830834434,22.49675204589223,True,OK,15
1.4532187609752916,0.011866027799751159,0.07233571185593192,0.004776229076143937,461.99349372665324,4611.120845445413,0.009848866144148651,0.06459161229229521,0.008343116761710937,23.768597267261,True,OK,15
1.363039169230621,0.008743222639080806,0.5000000049999993,0.08340550154630116,-100000.0,-99975.24889953125,0.33704991367361276,0.9645937035317568,0.06805688771734374,32.05252090023072,False,lambda2 edge (-99975.25),15
1.3777727878532202,0.00825191218597167,0.16372840880939407,0.008182969389320078,485.57806566310745,901.9110209938668,0.0354534874291076,0.15342989238563604,0.018144656919958677,43.569755887463224,True,OK,15
1.401185536519138,0.011019595030732944,0.14637203429612425,0.02289779104124956,476.5324020731376,1768.1008716740746,0.044324621416096395,0.10699271483050952,0.019997436053102505,49.21730254465137,True,OK,15
1.4393559090233337,0.005014849908895792,0.08859902117529933,0.008362281013225208,466.27801895114857,3468.3109259707007,0.01615203283324862,0.07461023956159979,0.010873707419952642,32.1193319310525,True,OK,15
1.3842804040943113,0.0064034957841320106,0.5000000049999993,0.08340550154630116,-100000.0,-99879.20995773791,0.34091007502339193,0.9645937035317568,0.06805688771734374,32.05252090023072,False,lambda2 edge (-99879.21),15
1.4424510098894117,0.009936123056019047,0.1679743566077954,0.0491890614263717,467.7155302033929,3475.8527999453986,0.08178844638489971,0.07461023956159979,0.02650072198724719,41.64853760370439,True,OK,15
1.4422596604052078,0.008327349532620168,0.09515103780046225,0.012307859288809586,466.4992543465174,3485.1602489511606,0.02159450682028293,0.07461023956159979,0.01246862553651109,35.88039936393155,True,OK,15
1.3636344031131378,0.019120503519053703,0.12567453896497302,0.016938781646132883,473.7221112794316,2115.5672049819527,0.06110446421932672,0.09602569863053698,0.01659806550339693,44.76950660467019,True,OK,15
1.3762462181783492,0.006902881219425752,0.5000000049999993,0.08340550154630116,-100000.0,-99989.85582418123,0.339305036623384,0.9645937035317568,0.06805688771734374,32.05252090023072,False,lambda2 edge (-99989.86),15
1.3819820239765213,0.01971914785989909,0.5000000049999993,0.08340550154630116,-100000.0,-99996.39502906357,0.34022198267969594,0.9645937035317568,0.06805688771734374,32.05252090023072,False,lambda2 edge (-99996.40),15
1.4526490360254996,0.014154349275557757,0.07515364012274131,0.005582566765264865,462.69952357791675,4412.758036320942,0.011036868001686656,0.06696250665518527,0.008838119026212414,25.74750248981841,True,OK,15
1.5080047302277795,0.006326581539119821,0.04689638642531814,0.014704532866223162,437.6191942895363,33146.00369687041,0.026876169212300318,0.02354073187746785,0.008081174108782146,18.624145106309395,True,OK,15
1.5061751338813434,0.008060197198310613,0.04396121625079131,0.006786292751501946,445.4323983236247,16803.284626299563,0.008614474067739526,0.033757924213444215,0.006132199839267528,19.35756680393951,True,OK,15
1.4534607255343053,0.011301253479541876,0.07136943223416699,0.0035619692318270783,462.19637197219294,4472.4409341606715,0.00847133718053939,0.06696250665518527,0.007894970233836007,20.696972690755516,True,OK,15
1.4175927720215769,0.01896864992719194,0.10635077394256065,0.013784171827733198,469.47695412429323,2828.2363433264704,0.027248342904503054,0.0831314137641865,0.013929559905108671,39.34896831665684,True,OK,15
1.3823841592660386,0.019956035166143655,0.5000000049999993,0.08340550154630116,-100000.0,-99994.22084879628,0.3403003708911499,0.9645937035317568,0.06805688771734374,32.05252090023072,False,lambda2 edge (-99994.22),15
1.4168687591637323,0.014731623558328317,0.13724292324485624,0.023101219360566326,474.0147235131707,2109.718000115813,0.04196098752101741,0.09602569863053698,0.019068168456167014,47.04258791333584,True,OK,15
1.505186009722504,0.005864015755684622,0.41664957167561045,0.10041194638029585,449.1366228485087,16440.917021377543,0.31582812085296197,0.9645937035317568,0.05960491892155154,23.15692469419712,False,Mode at edge,15
1.4984296544387785,0.013517170780315148,0.5000000049999993,0.08340550154630116,443.53740400109257,31517.565917449778,0.38147632143417126,0.9645937035317568,0.06805688771734374,32.05252090023072,False,Mode at edge,15
1.465659531846618,0.007237762758295225,0.3742658043128157,0.10041490714656143,459.9033964006263,6927.691366880907,0.26343441111572613,0.053938422246314024,0.0549874438838589,28.793686221536188,True,OK,15
1.4400081146246548,0.015102705720878656,0.5000000049999993,0.08340550154630116,-100000.0,-99999.20372587813,0.3566702169946665,0.9645937035317568,0.06805688771734374,32.05252090023072,False,lambda2 edge (-99999.20),15
1.4284370961081523,0.007324777671590851,0.10356982297304819,0.011729271208578865,469.61149447477544,2776.4021392277987,0.02235013984166425,0.0831314137641865,0.01317747022853929,38.01617748789246,True,OK,15
1.3966178612628366,0.017815891864902476,0.1339454338465851,0.03692079576704081,464.8382899838014,4199.541327957844,0.06455533806693525,0.06942042686989255,0.02100211594491863,38.99767355230187,True,OK,15
1.3651706489249145,0.015632931176612186,0.0849708528136231,0.027680665907178548,450.0315933132432,12666.034832013567,0.12045491866285261,0.03899402295873397,0.014256102328884315,26.011391789441753,True,OK,15
1.509908505477179,0.005112244941601499,0.03372326394676658,0.008626209996240433,433.79923519498215,44223.1615466046,0.03705624607426546,0.020379693664579288,0.005544345254663357,16.244311775229566,True,OK,15
1.384156852422991,0.015112164513397017,0.1934516865519975,0.037085437333912175,481.2486956871383,1317.1275088403331,0.07429525154245191,0.12358806045475453,0.027728062341399084,53.81997744926318,True,OK,15
1.3689986251878024,0.013846849757837884,0.5000000049999993,0.08340550154630116,-100000.0,-99999.20372587813,0.33791004647340156,0.9645937035317568,0.06805688771734374,32.05252090023072,False,lambda2 edge (-99999.20),15
1.4626000155341585,0.013822195221711051,0.07505102409745948,0.010477200918250764,459.7099128046282,5702.175571246031,0.016158338017632876,0.05797081330131604,0.010047288987548213,29.471989932123392,True,OK,15
1.41477770545316,0.015459234439799584,0.12521942189443708,0.015805773671973392,474.11022906189174,2050.6156669742422,0.031233589230462017,0.09955040995908344,0.016302006471521063,44.54054222690283,True,OK,15
1.449144164202073,0.008114557581408796,0.07389011530684282,0.0033739520879422233,463.2647380225556,4121.324493947387,0.00875184647375781,0.06942042686989255,0.008074810325282206,20.469767530812415,True,OK,15
1.4444703315377665,0.018228608257083913,0.08747961644201936,0.01137603066077135,464.223832611275,4097.928762408347,0.01875834306621258,0.06942042686989255,0.01148871683385489,33.418998736086984,True,OK,15
1.4600249928535676,0.012076872610907707,0.06764096724974815,0.005203344700761529,459.79302456287377,5457.019922933965,0.009617507631557375,0.06009868516564226,0.008013951577334777,23.62894977948406,True,OK,15
1.4082376154304177,0.006288293141563593,0.13074293803960646,0.010632272918234872,477.6514907544135,1567.5846213606376,0.027703350584748716,0.11499140015101728,0.015608132250986546,43.08240537908715,True,OK,15
1.3966940699138544,0.0051678012963031535,0.1527517014414108,0.023891013659888688,477.68953629811784,1635.7920165987427,0.047393280707078,0.11091998054597198,0.020873189645312717,50.37718321411346,True,OK,15
1.5079938876287446,0.0083372337819311,0.5000000049999993,0.08340550154630116,-100000.0,-99989.85582418123,0.38629720611473334,0.9645937035317568,0.06805688771734374,32.05252090023072,False,lambda2 edge (-99989.86),15
1.482231391402806,0.007529673227074679,0.048867347591334875,0.0025710758100748548,452.161383313955,9394.847144298645,0.005708360278487223,0.0450422785741285,0.005473296087855586,14.888066126383457,True,OK,15
1.4025401724408362,0.0112741597884255,0.5000000049999993,0.08340550154630116,-100000.0,-99985.296636371,0.3451316354898588,0.9645937035317568,0.06805688771734374,32.05252090023072,False,lambda2 edge (-99985.30),15
1.408660849621241,0.016975262191397916,0.14338988678823533,0.025686416135384343,474.43430066077326,2061.396805499146,0.045986484580008265,0.09955040995908344,0.020213122077336523,47.91515581852344,True,OK,15
1.5036540112023136,0.018129417254762727,0.042255177585300036,0.003962158454979924,447.0313622369699,14368.59959905766,0.0056341375461408565,0.0362816382185018,0.00524902486513067,16.80925805922248,True,OK,15
1.3830366800421636,0.016650330145239353,0.5000000049999993,0.08340550154630116,-100000.0,-99960.91637277667,0.34048742406545845,0.9645937035317568,0.06805688771734374,32.05252090023072,False,lambda2 edge (-99960.92),15
1.3821920369957068,0.01870071659843152,0.5000000049999993,0.08340550154630116,-100000.0,-99999.49685666793,0.34028109859772254,0.9645937035317568,0.06805688771734374,32.05252090023072,False,lambda2 edge (-99999.50),15
1.4376817863502869,0.010045716320850601,0.092705774701356,0.013762944898765657,464.787554700736,3973.4141295589343,0.022793671845532232,0.06942042686989255,0.012545189203161819,35.29536536328689,True,OK,15
1.383553824600129,0.005177136322685069,0.5000000049999993,0.08340550154630116,-100000.0,-99953.77532375239,0.34077772656204003,0.9645937035317568,0.06805688771734374,32.05252090023072,False,lambda2 edge (-99953.78),15
1.3971920487491327,0.018710300949219678,0.5000000049999993,0.08340550154630116,-100000.0,-99999.49976787608,0.34366002078253816,0.9645937035317568,0.06805688771734374,32.05252090023072,False,lambda2 edge (-99999.50),15
1.4795893288408342,0.019546905616260792,0.04501555902341051,0.004422819272695183,448.4467773595437,12925.576952791364,0.018916290606399513,0.03899402295873397,0.005637320628579228,17.950150898272472,True,OK,15
1.375114228168206,0.013882681152585043,0.21068620934563792,0.0367029856335452,484.98014468534114,1023.0906244236899,0.0808848537428552,0.14275746447937215,0.029616152120011417,55.1603323253442,True,OK,15
1.3985725711046166,0.013144125586586113,0.16423031733647417,0.0319779761349651,476.80299081917076,1770.9208750595067,0.05876821805713383,0.10699271483050952,0.02360303524231381,50.65934367662677,True,OK,15
1.4080682328345184,0.009251983253650363,0.13582803409223854,0.013274197387550035,477.9139601067923,1557.9678382227087,0.031754168104886585,0.11499140015101728,0.01678738583573416,45.84488844964104,True,OK,15
1.4460767953036897,0.007749772428043105,0.5000000049999993,0.08340550154630116,-100000.0,-99989.85582418123,0.3589931978969512,0.9645937035317568,0.06805688771734374,32.05252090023072,False,lambda2 edge (-99989.86),15
1.4303700155458177,0.014762183975660523,0.09629853503844522,0.010952561422415151,467.6141920988391,3194.031830366435,0.020610694499973464,0.07734887682598612,0.012268833081924188,35.760436253775225,True,OK,15
1.3792273109774207,0.01895891406315356,0.24350979602737458,0.05248600646619234,484.33268936795594,1097.566247063976,0.11178382914767679,0.1377029513689611,0.03581946032292067,53.51473074993951,True,OK,15
1.4358587049181188,0.017292919578265134,0.08085893520192286,0.005073638517877103,465.1141635425864,3676.5741741959177,0.014172292555761795,0.07196856730011514,0.009240889754565834,25.90867093795063,True,OK,15
1.4580858145931594,0.015650014118338183,0.07272677663335479,0.00727124116634665,460.7530102144772,5171.063369315779,0.012322775764734095,0.06230466251811238,0.009049234556186888,27.24496559459026,True,OK,15
1.4674196411489258,0.01812649845592209,0.5000000049999993,0.08340550154630116,-100000.0,-99960.91637277667,0.3673064350545144,0.9645937035317568,0.06805688771734374,32.05252090023072,False,lambda2 edge (-99960.92),15
1.4520408152570385,0.009173257275820844,0.07123616780295033,0.003021711914200518,462.37762253522044,4374.7109094149255,0.007981803789473642,0.06696250665518527,0.007714906510311067,18.973975494282005,True,OK,15
1.3749264464298188,0.014093759291752123,0.5000000049999993,0.08340550154630116,-100000.0,-99999.20372587813,0.33894488498616643,0.9645937035317568,0.06805688771734374,32.05252090023072,False,lambda2 edge (-99999.20),15
1.3699529205655872,0.008619401775342954,0.26815653979425097,0.05965312883271473,485.3564780061654,1036.99133010506,0.13154029867058425,0.14275746447937215,0.03965992975074949,52.31042112936421,True,OK,15
1.3691060776902868,0.013233313835098508,0.22230966511342104,0.032363040307388055,488.80438637098473,787.162240205034,0.08156909137155667,0.16490018202073972,0.03014460335556687,55.216448829058535,True,OK,15
1.3840507187414304,0.0141561097915021,0.18868413463711065,0.0273362485470295,484.2815408775905,1052.0633563871927,0.06272790038507196,0.1377029513689611,0.025437127940524076,54.66029986284497,True,OK,15
1.47862976962949,0.017328210811577933,0.05107028045590416,0.013855253256594141,442.54000515214636,22073.153280791685,0.03803319493130449,0.02922492630233715,0.008346072488284785,20.618202156147394,True,OK,15
1.4064315262206442,0.013234317990417441,0.1379358712583573,0.017163818305121432,476.8803447284849,1697.5657895067077,0.03597434295609065,0.11091998054597198,0.017911907529684617,47.51800120211213,True,OK,15
1.444451614012954,0.0120933077323125,0.0942093046998884,0.01356488612480201,465.4569715192976,3780.4427420760685,0.022517770676093483,0.07196856730011514,0.012653642266517285,35.760852547752414,True,OK,15
1.4582670837137148,0.008151306857353003,0.06817411936256941,0.003796381177614221,460.7799845401098,4985.245709785427,0.00832129124908764,0.06230466251811238,0.0076633132077151,20.867825613486644,True,OK,15
1.506886485938019,0.0064711974063639864,0.05057481277937852,0.010960759278779155,445.65041751225885,16960.143631353112,0.013654445455553048,0.033757924213444215,0.007715552384873777,21.430884854615474,True,OK,15
1.4960909597684366,0.013911439804267817,0.04696945782173696,0.006682150029865084,447.63382493418277,14094.722226804339,0.009345656090921946,0.0362816382185018,0.006399973757590355,20.147236464027277,True,OK,16
1.41427966460712,0.016185125009904495,0.1074565564330985,0.005440743222790291,473.4086606526865,2034.6604675376932,0.017486821119014354,0.09955040995908344,0.011886748330098467,31.17081871877432,True,OK,16
1.39182732539479,0.016616267516731745,0.1156359003630793,0.023375435223454966,467.2449340246841,3423.961782459495,0.05382693377340449,0.07734887682598612,0.01682262283160536,40.495170108521066,True,OK,16
1.4625979311140218,0.006661254775946024,0.5000000049999993,0.08340550154630116,-100000.0,-99879.20995773791,0.3654715169540451,0.9645937035317568,0.06805688771734374,32.05252090023072,False,lambda2 edge (-99879.21),16
1.3911307788329317,0.016262545001546936,0.13801296392454143,0.01154572632176503,479.0763581633016,1427.1760261450404,0.03216604954662612,0.11921226494635856,0.0165704965664496,45.036398381093385,True,OK,16
1.4210110269105372,0.0183395277615082,0.11226728845191013,0.007283162750416714,474.0838204798221,1970.2838798437956,0.01995968235399921,0.09955040995908344,0.012887436452914142,35.69606503268419,True,OK,16
1.4866902229442247,0.01547285367076574,0.4000282505747393,0.10074391126844698,455.4523762172567,9896.631540592065,0.2936312692309747,0.0434474983053278,0.057843599626384606,26.084663723521867,True,OK,16
1.4190048473686832,0.01563416778532427,0.5000000049999993,0.08340550154630116,-100000.0,-99976.62862922304,0.3497132789679695,0.9645937035317568,0.06805688771734374,32.05252090023072,False,lambda2 edge (-99976.63),16
1.5127406758320767,0.006373397515558534,0.5000000049999993,0.08340550154630116,-100000.0,-99963.81249371804,0.38874653746249416,0.9645937035317568,0.06805688771734374,32.05252090023072,False,lambda2 edge (-99963.81),16
1.4256627698804991,0.008520083981923911,0.5000000049999993,0.08340550154630116,-100000.0,-99975.24889953125,0.35190503926320604,0.9645937035317568,0.06805688771734374,32.05252090023072,False,lambda2 edge (-99975.25),16
1.4350550188160933,0.016134989822809195,0.5000000049999993,0.08340550154630116,-100000.0,-99976.62862922304,0.3549160219658953,0.9645937035317568,0.06805688771734374,32.05252090023072,False,lambda2 edge (-99976.63),16
1.446393961399554,0.013560959091803694,0.07956334418581316,0.006051704883687352,464.1594086593253,3979.91571372159,0.012185524705609737,0.06942042686989255,0.009390079397735647,27.380898285996253,True,OK,16
1.4239816843309678,0.007119339006306508,0.10783774191772857,0.007811229343788086,472.6386981543497,2189.6912548512055,0.01950559568246858,0.09602569863053698,0.012604089853633607,35.68641952939624,True,OK,16
1.4173707108512819,0.017895204518629804,0.09328765130214664,0.04621802823841448,425.54666404582616,100000.0,0.1359055940201635,0.013223022108691375,0.01754409807212226,14.708231352580095,False,lambda2 edge (100000.00),16
1.4643383747014775,0.010669830097958506,0.08668266160151929,0.025161140237374563,453.5774878029694,9557.885785174723,0.03321974892589195,0.0450422785741285,0.01404495766789012,28.45124218001376,True,OK,16
1.4905868374429823,0.005966861486823631,0.04332880256036956,0.010566144054532186,440.3685159643466,25933.731566093116,0.033865757197169014,0.027192070030473203,0.006909464635243019,19.01485179837326,True,OK,16
1.415544752309134,0.00845154731086009,0.11764935776170839,0.0075950780889778215,475.4158139633495,1798.7059625814786,0.021423727288133042,0.10699271483050952,0.013497294587126453,37.12643862820258,True,OK,16
1.517951038703551,0.015591478735891402,0.032125890624745634,0.0024047262283361783,440.9222738707891,22841.129794594137,0.005813040924662785,0.0281901798974141,0.00384594630270205,12.460865636607153,True,OK,16
1.4664900310943976,0.0050747744794170935,0.06666422434755659,0.01001255353622585,456.11213290942817,7464.236756619257,0.015081760467122866,0.05018652022871682,0.009110006928783275,26.79981258783291,True,OK,16
1.4058034002925799,0.014533119394596172,0.135645225576392,0.007892715611994172,479.74194837008923,1336.0832972227918,0.026547377477675646,0.12358806045475453,0.015329858362788034,40.30300290911086,True,OK,16
1.4331607057074331,0.018864205755185912,0.5000000049999993,0.08340550154630116,-100000.0,-99881.57201666624,0.35422533765666114,0.9645937035317568,0.06805688771734374,32.05252090023072,False,lambda2 edge (-99881.57),16
1.487061390679846,0.0117107610920618,0.042320744586702756,0.008471775550466323,442.2350226932923,22001.83091432053,0.03146349261799931,0.02922492630233715,0.006359566348653161,19.054320867136514,True,OK,16
1.4849320968553579,0.019631064857393323,0.054433144714755105,0.01864586371303777,438.6889932094794,30771.755972079533,0.04346643481278338,0.024404816029045106,0.009561041994812005,19.38494007059784,True,OK,16
1.4445373154582057,0.014637888318328001,0.5000000049999993,0.08340550154630116,-100000.0,-99999.20372587813,0.3583194341984197,0.9645937035317568,0.06805688771734374,32.05252090023072,False,lambda2 edge (-99999.20),16
1.5086130461085814,0.0087301199305426,0.03504016871036241,0.002690397527445114,442.9912704095784,19433.994683279212,0.008124234480112793,0.03140975719832603,0.004205346585684015,13.459721656213922,True,OK,16
1.504118107913279,0.00646317060159474,0.03521326255205478,0.003774227258870011,441.9959950001879,21453.71020121263,0.015854585713990857,0.02922492630233715,0.004526073976329663,15.233499012065487,True,OK,16
1.4707827438822705,0.016742572325836765,0.05792545436487882,0.014065714841263989,447.37958138711485,14992.071563483374,0.031399265779164916,0.03499703977938398,0.009083085380076518,23.099454909552932,True,OK,16
1.4660448706953395,0.012433022062288145,0.06374988874714166,0.007472854194663727,456.5367755417519,7112.590604373921,0.012213095621824863,0.052028662477231744,0.008226119222982884,25.075403887873406,True,OK,16
1.466428593989596,0.007274955631691669,0.5000000049999993,0.08340550154630116,-100000.0,-99989.85582418123,0.3670506597260071,0.9645937035317568,0.06805688771734374,32.05252090023072,False,lambda2 edge (-99989.86),16
1.4101798994462305,0.00904849015934513,0.1158471313743569,0.006797376255203,475.2204960924411,1812.7797790268767,0.02041697276611669,0.10699271483050952,0.013094211265349603,35.43134411559947,True,OK,16
1.4636891076882053,0.011628516106176056,0.0762069999347308,0.022220862658927767,450.47843863385583,12066.54878804541,0.03363272931549483,0.04042533433088099,0.012448816793861629,26.038002454344994,True,OK,16
1.4142266179480174,0.0182421399821687,0.5000000049999993,0.08340550154630116,-100000.0,-99974.07003221085,0.34824926308098025,0.9645937035317568,0.06805688771734374,32.05252090023072,False,lambda2 edge (-99974.07),16
1.4323490576410511,0.011690475788448368,0.5000000049999993,0.08340550154630116,-100000.0,-99985.296636371,0.3540601558024743,0.9645937035317568,0.06805688771734374,32.05252090023072,False,lambda2 edge (-99985.30),16
1.4373581507168591,0.00772914432915129,0.5000000049999993,0.08340550154630116,-100000.0,-99989.85582418123,0.3558452688191371,0.9645937035317568,0.06805688771734374,32.05252090023072,False,lambda2 edge (-99989.86),16
1.4824277821602327,0.01172687393403287,0.04962723197927571,0.0018014236169490152,453.008728028495,8634.364733081498,0.004080092914479853,0.04669559671518797,0.005299692932901674,12.226420030000579,True,OK,16
1.3822759953849806,0.019460205535396954,0.22505827066490994,0.04876066985064971,482.47434271507404,1236.3843845441377,0.09920993706850746,0.1281244735501072,0.03312961002151233,53.54529873010481,True,OK,16
1.494206905623358,0.015853390311377048,0.042114520548804685,0.002883987937458115,447.86143721198306,13227.415684924339,0.006862502850206346,0.03761338902136763,0.004930701644022195,14.851961624301211,True,OK,16
1.501672861872594,0.018602108804083254,0.04693442671505113,0.00861980591065179,445.60910394327124,16788.66655523512,0.011210640603723471,0.033757924213444215,0.006847413402259207,20.505934523320743,True,OK,16
1.4272485588938213,0.01416438017625048,0.11952891496089683,0.020079600061005887,470.3665038669764,2710.4861719627693,0.03430488061851451,0.0861828285420169,0.01660957318512641,42.82411467846934,True,OK,16
1.4652330932887832,0.009009495032158955,0.06159802212332691,0.004861835488903316,457.2531033722314,6582.770998296027,0.009271397345678858,0.053938422246314024,0.007341826066650718,21.887458243577594,True,OK,16
1.4110733152025894,0.006708608822285331,0.1234651037749308,0.012463302268339103,475.0729203234407,1891.8334502022192,0.027667548131203007,0.10320449904927852,0.015345970204573489,43.04271845527815,True,OK,16
1.4723039874283033,0.016713784865461698,0.5000000049999993,0.08340550154630116,-100000.0,-99976.62862922304,0.36941178259207486,0.9645937035317568,0.06805688771734374,32.05252090023072,False,lambda2 edge (-99976.63),16
1.4865334171323805,0.009744130657774616,0.053204717793097156,0.006311414191544247,451.8315461824459,10114.15244009788,0.008999260754297335,0.0434474983053278,0.006913811345151413,21.581322335281417,True,OK,16
1.4087363790651282,0.011804212676819328,0.11621306762876497,0.010042802306781227,474.096391791343,2002.470456760568,0.024626178072421404,0.09955040995908344,0.014016725389977037,39.853928299107146,True,OK,16
1.4565538844336714,0.018786306919528335,0.5000000049999993,0.08340550154630116,-100000.0,-99974.07003221085,0.36285211986266697,0.9645937035317568,0.06805688771734374,32.05252090023072,False,lambda2 edge (-99974.07),16
1.5024752415983675,0.018740874969527414,0.03568096129830978,0.003975983351975287,442.1523464301569,21243.962683480157,0.016901039526165482,0.02922492630233715,0.004625049220491053,15.556665473146714,True,OK,16
1.4990367339190371,0.01946871806654467,0.03932948689870367,0.007464806699237287,440.99891543603485,24155.5847051662,0.024069520848672216,0.0281901798974141,0.005838386530597594,18.133231164877845,True,OK,16
1.445169999603668,0.005712102461496416,0.1046272914376311,0.019281858861286742,465.847662552475,3747.803259240772,0.031124244982982472,0.07196856730011514,0.01489788867942274,38.27667830997675,True,OK,16
1.3916986845007868,0.010854142126585148,0.15867111298127817,0.016971567430589394,481.81686701373576,1208.6627749407692,0.04198162040534009,0.1281244735501072,0.020009161939233914,50.72120735535549,True,OK,16
1.4160761927782195,0.00754910887041601,0.5000000049999993,0.08340550154630116,-100000.0,-99989.85582418123,0.34895976212760094,0.9645937035317568,0.06805688771734374,32.05252090023072,False,lambda2 edge (-99989.86),16
1.5134485284312107,0.007931293826159338,0.5000000049999993,0.08340550154630116,-100000.0,-99989.85582418123,0.3890895725159181,0.9645937035317568,0.06805688771734374,32.05252090023072,False,lambda2 edge (-99989.86),16
1.5143130981241324,0.016412582604818107,0.041716645573349136,0.005009841154866672,445.6546351614049,16235.7004690854,0.010041501402448435,0.033757924213444215,0.0054751065464567926,17.831744433718857,True,OK,16
1.4697323940975313,0.015140284401340676,0.08963236633737647,0.01574098658639017,462.36623930766444,4785.304949952938,0.03112309826843802,0.06459161229229521,0.012647789596738504,34.0710849499747,True,OK,16
1.4264064053122774,0.014696405570874232,0.10110525081058774,0.007653459984639177,470.7099758977727,2508.4601090197316,0.017648423533307697,0.08934624829756561,0.01190645128950757,34.13716276572784,True,OK,16
1.406136896559377,0.019065581488039694,0.2583673879067445,0.09533177879299773,446.1826538272992,19217.721023756825,0.16220164096428807,0.03140975719832603,0.04100353216024973,21.32863401895858,True,OK,16
1.422251067594483,0.008827797684403133,0.1128021559036627,0.009283626755490009,473.45602375642204,2085.994853948878,0.022166535970271652,0.09955040995908344,0.013483737990086038,38.43298244151833,True,OK,16
1.479562791747182,0.014846730770992727,0.0865870463147962,0.03106277859094236,447.16210814640897,16000.581373608333,0.03905351944243118,0.03499703977938398,0.01492950688342635,24.201426594243276,True,OK,16
1.4431818485680628,0.014486693520361794,0.07707561345214975,0.003186456492327225,464.53707813134423,3742.2449596407077,0.009364215846397449,0.07196856730011514,0.008315366997162989,20.248782630346017,True,OK,16
1.4023290300465199,0.015099924611029325,0.12159116590326959,0.009431740999838942,475.77516874065884,1774.4290940934372,0.025779829951129023,0.10699271483050952,0.014386968857094307,40.27357605661931,True,OK,16
1.4178854973273272,0.00909253965014686,0.07354104296159784,0.011364165881504225,458.41649747906104,6312.448884963081,0.048373112070419784,0.05591828149906458,0.010095304905160273,29.101700474823634,True,OK,16
1.4027051908921297,0.00998565702554247,0.18772793431298057,0.043251618748072256,476.9051489711575,1794.7019552381194,0.07874089766567398,0.10699271483050952,0.028012094388388156,50.69698048530981,True,OK,16
1.4263751484435858,0.011812685175534039,0.10843388947725424,0.012690755399082834,470.66747171819713,2585.475022215128,0.024263091788268135,0.08934624829756561,0.013890112781815239,39.63595836804604,True,OK,16
1.406658730653289,0.007895113042381495,0.23193580435708863,0.055114795936524616,480.62458857090627,1416.222487275768,0.11236703566446929,0.11921226494635856,0.03476217919281887,51.938424150689585,True,OK,16
1.455843400032852,0.006933161070057127,0.07846984153341643,0.0079423487438715,462.7142205213809,4491.727048077553,0.0147428825377515,0.06696250665518527,0.009777852334506922,29.24855134802138,True,OK,16
1.476445581118437,0.019159206887938946,0.05521726431858227,0.003805446575257139,454.7752818213687,7845.587760253665,0.006558674233440251,0.05018652022871682,0.006438294675009842,18.830336087315846,True,OK,16
1.439751387033013,0.01851657969726015,0.5000000049999993,0.08340550154630116,-100000.0,-99974.07003221085,0.35652660836541505,0.9645937035317568,0.06805688771734374,32.05252090023072,False,lambda2 edge (-99974.07),16
1.3937643227576209,0.0056443644106346684,0.15551967984675397,0.01776334260882876,480.8295987036443,1295.9992456585685,0.04187955136854458,0.12358806045475453,0.019866916161289994,50.556313363006836,True,OK,16
1.4809916428519376,0.016415323594722447,0.057982765490705135,0.00877996486725646,452.49409155809167,9782.763087153438,0.012049098992198519,0.0450422785741285,0.007971744148186697,23.930219021175162,True,OK,16
1.4980281537352051,0.0058522651759997215,0.0433347354736242,0.0027206851993233664,448.7724063190536,12273.42442122041,0.004778441715568135,0.03899402295873397,0.004997559560414673,14.624399207218676,True,OK,16
1.4887669876939562,0.010648080991948727,0.0550692846449583,0.002175705881432729,455.63417122837456,7132.303900514762,0.015707713572396562,0.052028662477231744,0.005930293497537878,14.181912594333852,True,OK,16
1.4224672685755078,0.0075953588201494535,0.5000000049999993,0.08340550154630116,-100000.0,-99989.85582418123,0.3509062457102894,0.9645937035317568,0.06805688771734374,32.05252090023072,False,lambda2 edge (-99989.86),16
1.5194422057143537,0.005954953839782954,0.03064445597181951,0.002750573330484579,439.25688643263413,26363.22429258233,0.009838184850221615,0.026229299537389037,0.0038066009521946402,12.958357885472154,True,OK,16
1.4957811220451198,0.014592416532357912,0.043935085101789534,0.004334208169685045,447.82003018675914,13565.45853540697,0.007118776526163658,0.03761338902136763,0.005510163228059125,17.623343935815157,True,OK,16
1.4829112621966614,0.015675756798826945,0.5000000049999993,0.08340550154630116,-100000.0,-99999.20372587813,0.3741332960608416,0.9645937035317568,0.06805688771734374,32.05252090023072,False,lambda2 edge (-99999.20),16
1.5001808279102455,0.007756881047841625,0.037323487473959915,0.0031252292477752133,444.3094914512587,17621.842428610016,0.012031296831510484,0.03256268114059059,0.004546848612321598,14.636910976937903,True,OK,16
1.380115446356856,0.013977927335648992,0.5000000049999993,0.08340550154630116,-100000.0,-99999.20372587813,0.33993832385283573,0.9645937035317568,0.06805688771734374,32.05252090023072,False,lambda2 edge (-99999.20),16
1.4295402095052667,0.006856809966757065,0.09190325528779841,0.004535686650386103,469.09803446437655,2738.5614555810557,0.013160808540199236,0.0861828285420169,0.010133132615739067,26.44982796166879,True,OK,16
1.4060594255745933,0.009976239686888343,0.1660302651111401,0.03601865264431478,475.22762675037444,1991.901206544334,0.06350178847526217,0.09955040995908344,0.02446238820033426,49.42333271289974,True,OK,16
1.3898326719241383,0.0058536980319267625,0.16782170498467722,0.021786099152655718,482.02405117601,1208.8448421901599,0.04985907104773158,0.1281244735501072,0.022047374449421335,52.68382470992981,True,OK,16
1.5082436756765423,0.009681541240305444,0.40644794914118537,0.10185333152326506,447.2285101385993,19020.82959817502,0.3086037661906768,0.9645937035317568,0.05849573080912398,21.963527110442143,False,Mode at edge,16
1.5175122976463018,0.019465505124955998,0.030722120428074127,0.001639391976037323,440.4948193691968,23163.34942991841,0.0068398796331746265,0.0281901798974141,0.003479109466753435,10.206672820535543,True,OK,16
1.3999599795257958,0.015723864543442864,0.5000000049999993,0.08340550154630116,-100000.0,-99976.62862922304,0.3443984669761149,0.9645937035317568,0.06805688771734374,32.05252090023072,False,lambda2 edge (-99976.63),16
1.4641126844777896,0.015359706096577302,0.06881121201729164,0.009230927365259451,457.7235977279587,6575.908105565971,0.013885469705957507,0.053938422246314024,0.00914281467624007,27.283770750120713,True,OK,16
1.3934667400020264,0.007828401179518371,0.07004555430569209,0.028857256721001603,436.90155718734644,36665.8836216508,0.1321200789302377,0.0227072417455348,0.012813689051826204,18.873785833329862,True,OK,16
1.3907294126031233,0.014062013078256067,0.16962443060428703,0.02425083487116255,481.4602132061062,1263.9985586115365,0.052795449831733565,0.1281244735501072,0.022755381150516275,52.97348303610875,True,OK,16
1.5181227506188728,0.01507976806486912,0.05542623068685822,0.018918795748578965,439.19220650294966,29548.10361082703,0.02193133710225417,0.025300617181813888,0.009711225597753824,19.61949616583877,True,OK,16
1.4795066149030702,0.019768775623149215,0.5000000049999993,0.08340550154630116,-100000.0,-99999.49685666793,0.37253660224027035,0.9645937035317568,0.06805688771734374,32.05252090023072,False,lambda2 edge (-99999.50),16
1.4749216175840514,0.005602723589427055,0.055136203103076875,0.0025173090062267445,455.49642018609165,7263.653439181657,0.005486154031097261,0.052028662477231744,0.006045257444505508,15.418662636691229,True,OK,16
1.5013807841199236,0.010470174355681944,0.5000000049999993,0.08340550154630116,-100000.0,-99981.0692030046,0.3829653988814156,0.9645937035317568,0.06805688771734374,32.05252090023072,False,lambda2 edge (-99981.07),16
1.38061090701206,0.012608512663412308,0.5000000049999993,0.08340550154630116,-100000.0,-99989.84571355084,0.3400588775604446,0.9645937035317568,0.06805688771734374,32.05252090023072,False,lambda2 edge (-99989.85),16
1.5111821001226768,0.008859960307924748,0.04764594557668989,0.012197046392159423,441.8833062157203,23110.55874471412,0.015164168163646026,0.0281901798974141,0.007674489490002335,20.020149603968942,True,OK,16
1.4488118442273976,0.007606653316735861,0.0781037898593731,0.006263115443811983,463.4938816444739,4187.148294638918,0.012244703490236299,0.06942042686989255,0.009306506707529687,27.37600558073361,True,OK,16
1.3880769740333014,0.0062081742006966974,0.13256049381064894,0.008862842207215647,478.7088327049118,1443.1830523990798,0.03051724834412438,0.11921226494635856,0.01530739534874968,41.35887417680094,True,OK,16
1.4817815268345897,0.017961117061132237,0.5000000049999993,0.08340550154630116,-100000.0,-99960.91637277667,0.3735873099182486,0.9645937035317568,0.06805688771734374,32.05252090023072,False,lambda2 edge (-99960.92),16
1.4000618374953486,0.009324778517157031,0.5000000049999993,0.08340550154630116,-100000.0,-99792.25469640184,0.3445252545449741,0.9645937035317568,0.06805688771734374,32.05252090023072,False,lambda2 edge (-99792.25),16
1.4073041254702758,0.005402836653896419,0.13810087486460323,0.012544023395562848,478.7373584723044,1467.4150909736268,0.031884448954103736,0.11921226494635856,0.016833630353723105,45.788842408443024,True,OK,16
1.4574803917841777,0.015498832552064714,0.08802172710694563,0.015499328692467458,461.87009208893454,4960.330602371351,0.023898925196598232,0.06230466251811238,0.012433601059092624,33.56796863979192,True,OK,16
1.4707028473239099,0.010820803209533714,0.5000000049999993,0.08340550154630116,-100000.0,-99985.296636371,0.3688094864308072,0.9645937035317568,0.06805688771734374,32.05252090023072,False,lambda2 edge (-99985.30),16
1.4577014344315866,0.00641148959954337,0.08566205015537286,0.018990780725366203,458.3437495055235,6534.139144637084,0.02632897376029241,0.053938422246314024,0.012869469399807225,31.532650782010105,True,OK,16
1.4016025206211757,0.01897691929329475,0.17982985863077428,0.04133537336008074,475.9600399250694,1910.4939405981047,0.07344419457552594,0.10320449904927852,0.026831188196371824,49.9973288531172,True,OK,16
1.6666110846947855,0.05690956383300669,0.019312217424825043,0.0005552268998557587,-7.247582879756748,217.01431344131035,8.635154828151541e-09,0.030297654022966563,0.0035457514205341385,12020.40331299883,True,OK,17
1.6883352398299114,0.04597570468430962,0.01693581956151046,0.00046303686846714076,-7.6198712222950995,248.4224403738835,2.3724366847997955e-08,0.027192070030473203,0.0031441923469624562,18959.157229388016,True,OK,17
1.689953410735703,0.03666816412329853,0.015343492747698277,0.0003626309009025554,-7.408634136255658,325.89061503736866,1.299867602240251e-08,0.024404816029045106,0.002830279816396502,29227.9965989982,True,OK,17
1.5605062742698919,0.022502844633846376,0.018706061255650382,1.7102149786892213e-05,114.6960629042337,14253.252123208315,7.684223261322275e-10,0.018962102815722463,0.0021780999544502417,150864.6305667871,True,OK,17
1.5753282255981143,0.02381413812731441,0.017662934910087816,7.64267418657155e-05,14.754947425326135,2854.336823991493,4.674475940561613e-08,0.019658124188759216,0.002570972772755506,48746.94698658204,True,OK,17
1.6092383347190369,0.048050832284374304,0.020417634383164428,0.0003668245049227955,-4.062142797744093,424.2033045258938,1.5377126086835496e-07,0.0281901798974141,0.0034947467709972356,13250.397407891283,True,OK,17
1.6706908329240693,0.04360853097378498,0.017131544228595523,0.0004177604434148029,-7.031374253010812,295.658728075779,2.76366794271836e-10,0.026229299537389037,0.003126218179320216,20051.097494722344,True,OK,17
1.580501064437977,0.049916064085927005,0.02244566480697425,0.0003103167215629522,-0.8378573385679188,571.7045656312113,9.599303657577896e-09,0.0281901798974141,0.003669616889963622,10843.02545015122,True,OK,17
1.609672268679264,0.02051973394687185,0.014737570499104178,0.00011747852515726017,0.6293711468062182,1571.5617842166948,2.0495738266249983e-08,0.018290724981767724,0.002370092000939614,62369.950980619906,True,OK,17
1.599282406874585,0.03322402216563911,0.018201352581707898,0.00021058732258835873,-1.1676572580767675,833.8333876058989,9.000222126919113e-07,0.02354073187746785,0.0029876709550988793,24678.24372376189,True,OK,17
1.5983943749305345,0.05247480612750342,0.021740107436393992,0.0003832176722229569,-3.41399325476055,419.67532452997455,9.375176360256197e-08,0.02922492630233715,0.0036817729169623184,10741.46933251893,True,OK,17
1.6663896956631725,0.047822081216505656,0.017958494179712285,0.00045746530688045984,-7.013865352647134,270.5188317662065,8.429183084073868e-09,0.0281901798974141,0.003275563357796035,16660.086267734692,True,OK,17
1.5794607109917171,0.05231335638825127,0.02291546092902734,0.0003281050994180634,-0.9888492076789009,538.2064791273849,3.5553250837515686e-08,0.02922492630233715,0.003753247021499645,9908.86827272624,True,OK,17
1.6548046346328653,0.027793507459255674,0.014699694373286061,0.00023722801941066936,-5.589846031257175,594.5181636496314,3.6148839065797354e-08,0.02112774900972417,0.0025903911595449446,43766.83943708945,True,OK,17
1.6507331502394123,0.03934046564014724,0.017099904064146645,0.0003492318595518624,-6.094462744158309,387.64889215196035,9.021917364408302e-09,0.025300617181813888,0.0030473998322846562,22752.461215986186,True,OK,17
1.6215090086598716,0.024484926538895554,0.015192211839155957,0.0001685403407607266,-2.509718775591759,992.8221775787048,4.417484134391708e-07,0.019658124188759216,0.0025383610332410664,47437.16296287973,True,OK,17
1.6325625986183232,0.023997272358894546,0.014628134685155178,0.0001774106214391848,-3.595600120517374,898.5641801215717,5.021110139884882e-09,0.019658124188759216,0.002484499509593976,51801.41981149775,True,OK,17
1.5829954742155974,0.025301852570990508,0.017453742517918067,0.00010803724883360998,6.840508897445591,1895.3892410201445,2.5475108087628405e-10,0.020379693664579288,0.002661909181890891,40188.90772227863,True,OK,17
1.693575159069801,0.0313945876177556,0.014271593948720707,0.0003083638518773133,-7.328983936240456,387.00072022213794,2.90280950230063e-09,0.0227072417455348,0.002626345884737733,39551.719254247066,True,OK,17
1.6097286053034412,0.03288322425184144,0.0175869817303045,0.00022701978268964033,-2.555915461995679,735.6991217822067,4.25714160961508e-09,0.02354073187746785,0.002940416382089464,26348.999929076374,True,OK,17
1.6857550623249402,0.042518636453395535,0.016464273390568065,0.00042240189589912467,-7.461146674983804,277.9435973307129,6.380872699008657e-10,0.026229299537389037,0.0030418344073151918,21864.83385652113,True,OK,17
1.6886823858506637,0.03199699623311582,0.014522939950031745,0.0003109517499169181,-7.203101530912683,389.5507044125144,3.653460374310031e-08,0.0227072417455348,0.002662915458201039,37690.300059804846,True,OK,17
1.5760768544204729,0.04224873810896698,0.021416589909349533,0.00023039892467752106,1.547785078197003,818.2721294745875,1.5316021575978362e-07,0.026229299537389037,0.0034122258850224764,14544.88461839382,True,OK,17
1.6083751788506024,0.05207627333962993,0.02112445306589024,0.00040310567511316764,-4.259948841214486,381.81427530579026,6.840638614578e-07,0.02922492630233715,0.0036281336607341913,11411.372931849824,True,OK,17
1.6831192772476322,0.03890294043628287,0.015938413797459146,0.0003804695672000801,-7.277430440377528,315.59133563445596,1.8719657805399586e-09,0.025300617181813888,0.0029287474777807947,25700.765852460117,True,OK,17
1.695990263371971,0.04212052025377623,0.016087688220257176,0.00042816725827989933,-7.727489181967377,264.8152148247818,2.2798781896313365e-08,0.026229299537389037,0.002996817822015533,22758.109758788018,True,OK,17
1.5979288550740838,0.03955902061377098,0.019520512330501515,0.0002641509412126535,-2.026519743086991,645.3916692723259,7.386543599647986e-07,0.025300617181813888,0.003239859856573031,17861.658265569004,True,OK,17
1.5652234409364099,0.0521600464105227,0.023973116597356535,0.00027601418965725907,2.136997576402959,691.353259201002,1.5792625345192303e-11,0.02922492630233715,0.003798025344339342,9491.764633963363,True,OK,17
1.574200907119619,0.03234993954012019,0.01963295120165151,0.00014216873886993873,6.153512436387882,1428.7370233666006,6.430127990913411e-08,0.0227072417455348,0.0030090391709469465,24517.894688375993,True,OK,17
1.639144316580692,0.021719005025875954,0.013827211061878968,0.0001630421005319032,-3.819644358757855,966.7429153381019,3.9441552152660126e-08,0.018962102815722463,0.002357070877264554,63968.59859123118,True,OK,17
1.5711043658854027,0.047844654304520506,0.02277859134097484,0.0002614711151109159,1.5067132215301673,720.3979089951957,1.0494141626195828e-07,0.0281901798974141,0.003630692139630059,11346.814685990335,True,OK,17
1.5700487930285076,0.03908331464989506,0.02128417426199429,0.00018442643792604407,4.533291400628086,1077.7415348709096,8.857168856966204e-08,0.025300617181813888,0.003302761013443343,16752.563182762104,True,OK,17
1.6074173886789052,0.029123176318256658,0.016903858842368523,0.00018925530665856653,-1.5835820708885022,915.1203856348769,1.3152058227799886e-09,0.021903262412316327,0.002789271069468739,32494.31525047281,True,OK,17
1.5864290457009131,0.05053645174930317,0.02215324793074237,0.0003334779112038796,-1.8346333229523395,514.8018290009219,2.8454841268351368e-08,0.02922492630233715,0.0036674336229742697,10876.509291771075,True,OK,17
1.6932159070410395,0.025607189688133268,0.013109426535243376,0.00024579398966119805,-7.056450498847738,501.140389249837,1.2689972863519398e-07,0.020379693664579288,0.002393817022195298,58023.87002727926,True,OK,17
1.6943553706843777,0.043790500139004145,0.016405043936555376,0.00044509268194887016,-7.726001201588937,254.79408658023584,9.434083096546575e-10,0.026229299537389037,0.003055806058711428,21062.92316874476,True,OK,17
1.649832456750856,0.048397055125703276,0.018663227264011012,0.00044103504828725245,-6.422527629741459,298.0191883959991,1.0002479124960746e-07,0.0281901798974141,0.00335219096849935,15463.14176286497,True,OK,17
1.6585766446496413,0.05279244432742752,0.01900969591023784,0.0004996670606763061,-6.885807635888283,251.13228307561914,9.910580788673468e-07,0.02922492630233715,0.003455288825230752,13529.933917187767,True,OK,17
1.6276856111886777,0.04133434350058804,0.018377245631948147,0.0003364356612389635,-4.956668916030321,438.43454095629534,9.813272807689647e-10,0.026229299537389037,0.0031970718233097005,18926.071715427708,True,OK,17
1.6053357803448782,0.024210303751324682,0.0158797303193813,0.00014270139295259192,0.09855550525928472,1276.5445165676108,2.1667435347365947e-09,0.019658124188759216,0.0025684125018513174,45195.764763722305,True,OK,17
1.6530496267296706,0.021344398767450038,0.013265031433688543,0.0001721635681097018,-4.833509475920089,863.6486068939305,4.755701339865643e-07,0.018962102815722463,0.0023022472945203355,70321.55712842847,True,OK,17
1.5985889071516717,0.02376919457784401,0.016130527707050844,0.0001274789805025833,1.8722567189276649,1488.9630106291368,1.9040686571225156e-09,0.019658124188759216,0.0025619545625302545,45804.26564230602,True,OK,17
1.5867018020251806,0.04554923651589523,0.021283757448116548,0.00028990482387316203,-1.2371075989502525,604.3451255443364,1.9936221964388877e-08,0.027192070030473203,0.0034966409262102167,13154.719081232663,True,OK,17
1.6479867282286886,0.03684219651982848,0.01674505270754891,0.00032049530233779,-5.83597375908323,431.63213809401026,9.054863207071352e-11,0.024404816029045106,0.0029666942597507185,25405.861277181953,True,OK,17
1.5726240767085289,0.03733495665837633,0.02074991421937146,0.0001783697382069798,4.262283082666088,1109.8494824381771,2.904638385103643e-08,0.024404816029045106,0.003226914252215914,18360.803099435245,True,OK,17
1.6093842820601612,0.04881836611423798,0.020538457521354355,0.00037439482155335243,-4.127682941495886,414.13940542629905,6.652317345101335e-07,0.0281901798974141,0.0035193837302266674,12884.96486272605,True,OK,17
1.6410637251478672,0.03966263069347996,0.0175245568259269,0.0003397834397278747,-5.637506811023511,413.56243096773755,2.815543247849844e-07,0.025300617181813888,0.0030913628505377577,21590.935005152623,True,OK,17
1.6281774915226994,0.058651875490416755,0.02115873723649806,0.0005089134331835101,-5.802460138167245,272.56009883049785,1.3344057150911246e-08,0.03140975719832603,0.0037459092771665588,10012.563749567751,True,OK,17
1.665881191038483,0.03987918241840511,0.016662233670875413,0.00037279498233282475,-6.736150693008486,341.9031793120061,7.987209783719232e-09,0.025300617181813888,0.0030166066741649433,23364.360151556994,True,OK,17
1.627091165804457,0.02105916405219854,0.01411457681232278,0.0001442496254137053,-2.432545809594689,1163.5935698672647,1.2010771524498022e-06,0.018290724981767724,0.0023557393641922453,63936.57466965523,True,OK,17
1.691951296864773,0.03276695887069318,0.014576674751049266,0.0003219460710200526,-7.332572163917114,370.5107197744359,3.3215620692701105e-08,0.0227072417455348,0.0026827808922469153,36333.91257229976,True,OK,17
1.5958314714633042,0.059976357015506854,0.02306259522468527,0.0004463223979711175,-3.691979179100663,355.46110301528427,1.1961403208501258e-07,0.03140975719832603,0.003923165874078094,8338.05435900956,True,OK,17
1.6606165540106335,0.02189455093197152,0.013166309727051668,0.00018374596106941437,-5.367652803772893,780.3279526875301,1.54036921621291e-10,0.018962102815722463,0.002309387347136079,69338.98875819033,True,OK,17
1.5686639667835807,0.021020062558407916,0.017561068962468437,3.444425450952257e-05,44.70529229873159,6837.372463975424,5.6086334638639176e-08,0.018290724981767724,0.0023053126466465092,92137.49377777218,True,OK,17
1.6439466459318017,0.022862580002478074,0.013940197402935483,0.0001785570367791166,-4.385933347412163,855.7689417325919,6.107091964585458e-10,0.019658124188759216,0.0023995697168325827,59601.66881494491,True,OK,17
1.6906743699582902,0.057476261600907116,0.018541851646683902,0.0005936311232600229,-7.908234244369014,186.2115602886805,3.528017813938121e-10,0.030297654022966563,0.0034744332498198313,12441.768785724404,True,OK,17
1.6364475693447311,0.044665557255838026,0.01858545747293119,0.00038306790510729663,-5.651921431404831,366.4237603886052,8.431428712318361e-08,0.027192070030473203,0.0032795314815763873,17049.6961059312,True,OK,17
1.600865216213535,0.022558901696330933,0.015708001161675537,0.00012119177681454058,1.8392843698577208,1565.1501402392548,2.2354555037005454e-08,0.018962102815722463,0.0024956342981634727,50865.99067727755,True,OK,17
1.663244462326854,0.0240714395499607,0.013603150446688033,0.000207556126567853,-5.72220224083604,672.5811527229614,1.392464959438216e-07,0.019658124188759216,0.002404002421522001,58910.83149167996,True,OK,17
1.5719780697425751,0.03244892436816895,0.019824363704984166,0.00013622942576339673,7.252631414429034,1510.0500053392689,6.096607449297563e-08,0.0227072417455348,0.003014798658484242,24486.244906237465,True,OK,17
1.5617451923773036,0.03736142463025264,0.02165575713197567,0.0001403885344318154,10.121700492324846,1505.7102799939164,2.498613577325103e-08,0.024404816029045106,0.003233140930042556,18858.360737691422,True,OK,17
1.6590753274112107,0.05205395725687756,0.018879375931773353,0.0004925781160480088,-6.883153556581979,254.81873454858018,2.0720993483081403e-07,0.02922492630233715,0.0034313545545315016,13911.431004483587,True,OK,17
1.6446030225318489,0.0538749681245565,0.019724853652495076,0.0004896250019844029,-6.388689602653376,269.29420861833785,2.384784847495296e-08,0.02922492630233715,0.003539948973573516,12449.238923483144,True,OK,17
1.6169103085273955,0.05395088340241906,0.020985186852555755,0.0004395519472618796,-4.969740253461155,335.2914413674795,4.0991927297312107e-07,0.02922492630233715,0.003651704975837104,11123.955603579067,True,OK,17
1.630906263469773,0.02892144511993181,0.01581092509187867,0.00022171900707706771,-4.122483094007914,699.5153314314258,1.255502633909503e-07,0.021903262412316327,0.0027090462967348287,36685.81078100487,True,OK,17
1.6921803905324653,0.03099883495348466,0.014233762684483047,0.00030298768537221835,-7.271216084199338,396.60251922451596,3.5490572274265714e-08,0.0227072417455348,0.0026149891687767255,40371.39600088546,True,OK,17
1.5636682077862911,0.029706961718201075,0.0199538257171519,8.636185471501412e-05,18.035491077511484,2567.4310029179137,5.7432637372078613e-08,0.021903262412316327,0.0028596545899392135,32632.481445669004,True,OK,17
1.6113362585760398,0.034053987331570564,0.017746478960108798,0.0002404810668417375,-2.90627559824479,684.385399835024,9.872125400398368e-07,0.02354073187746785,0.0029822242981779453,24920.257126419816,True,OK,17
1.6334534513221,0.05532507528143693,0.020421212639698785,0.0004853198613815632,-5.942690257654266,282.55599494737055,3.369270697970403e-09,0.030297654022966563,0.003626689199108959,11377.864261692732,True,OK,17
1.600927351795358,0.04083082431836675,0.01959036762749366,0.00028216346430694233,-2.571150672410455,591.5536442431818,3.877792028843939e-08,0.026229299537389037,0.0032760799603267724,17100.893959317727,True,OK,17
1.6076194535163872,0.05287092237492802,0.021292145929037623,0.00040896370383705746,-4.249617233063048,376.5649531407016,3.1939535202932756e-08,0.02922492630233715,0.0036562727991937324,11064.080276675122,True,OK,17
1.582064211860387,0.02414041073240234,0.01724401780177576,9.637121981322783e-05,8.518541753007108,2162.3842097712954,6.425496129435429e-09,0.019658124188759216,0.0026003354219537754,44589.87388430181,True,OK,17
1.6304193354532643,0.04687550343061967,0.019213863591690257,0.00039536162691894004,-5.433001701775054,360.9368318824705,3.7715401835819895e-08,0.027192070030473203,0.0033747332878169838,15227.333951974433,True,OK,17
1.6713735281527073,0.04358499411621265,0.017104681859432445,0.00041829622610343623,-7.053153698440622,294.5652942788532,2.9236297083726483e-10,0.026229299537389037,0.003123194520528336,20110.10198693473,True,OK,17
1.66833896658466,0.035708402342436954,0.015833601397739736,0.0003316972691989565,-6.659042486680135,387.2760553076868,2.080809897451832e-09,0.024404816029045106,0.002860862888610556,28931.047680984382,True,OK,17
1.5646014738373057,0.02464397231606226,0.5000000049999993,0.08340550154630116,-100000.0,-71888.15178049877,0.4175739198570365,0.9645937035317568,0.06805688771734374,32.05252090023072,False,Mode at edge,17
1.5654211641720595,0.03315774601905971,0.020508006043613424,0.00012022806909864006,11.109982430044928,1771.9590761802308,6.136775266934032e-07,0.02354073187746785,0.003044033652948895,24163.214814887404,True,OK,17
1.6293687877776155,0.034252699346277574,0.016975280833914447,0.0002704986272461951,-4.541089366021723,559.7426360949853,1.0393439179027483e-07,0.02354073187746785,0.0029302037445346654,26818.16172768201,True,OK,17
1.638483926509295,0.0392243659397115,0.017546949230900607,0.00033184253855901444,-5.473552462020627,428.74059179822063,2.1240043370376077e-06,0.025300617181813888,0.003084559525078667,21804.247237074058,True,OK,17
1.6549119922609516,0.04667848654253624,0.01819314068018573,0.0004303305151359494,-6.56568889649509,301.27372436750375,6.312570937173311e-10,0.027192070030473203,0.003279428281389617,16823.01410163924,True,OK,17
1.6045289805952152,0.03384857821444366,0.018047892471359718,0.00022633889986598183,-2.0492070168420136,752.5773616663847,2.3579487783465015e-07,0.02354073187746785,0.0029963615538752104,24414.655761120208,True,OK,17
1.6419206950297824,0.043857298715633666,0.01822545607454541,0.0003831404387798474,-5.890194441876986,359.46627151645833,2.0505010824481404e-08,0.027192070030473203,0.0032328958864155247,18015.826746814728,True,OK,17
1.6040579879091987,0.033212715431017004,0.017942726794454873,0.00021975379350796322,-1.8784588480536695,779.9864624134804,1.0678025608031656e-07,0.02354073187746785,0.0029721099395868633,25215.300963578607,True,OK,17
1.6571663018460605,0.04589643291504278,0.017982510514168815,0.0004251951798167446,-6.62575657299212,303.1157592783074,1.579573764438657e-08,0.027192070030473203,0.0032464040396145886,17489.018544138475,True,OK,17
1.5789071126551686,0.037641675187015736,0.02034923732462289,0.0001998394054176413,2.0722615589437217,953.6591792344773,8.193232370864063e-08,0.024404816029045106,0.0032258633987884726,18233.737502830765,True,OK,17
1.6849788510194825,0.02145222704417901,0.012381301253960812,0.0001965869671726206,-6.493332270254642,664.1430662608492,1.3581800366207485e-07,0.018962102815722463,0.0022276914137032574,78822.82412271491,True,OK,17
1.67972295250779,0.026527126282565743,0.013669989510153795,0.0002457858530811271,-6.628545757563336,524.2432546500537,8.503037994607346e-09,0.02112774900972417,0.002467973270979698,52193.60433674441,True,OK,17
1.6310148085446403,0.03697345715692046,0.017433218799101768,0.00029911589209559816,-4.873894745638634,495.80522817277404,3.5490143114366828e-09,0.024404816029045106,0.0030280114352895598,23518.321117584223,True,OK,17
1.5614181072278044,0.05661587748358528,0.025012812977450047,0.0002977578956144763,2.2592388546420192,642.4024715634984,7.504355243599007e-09,0.030297654022966563,0.003958219116640626,8049.206402998233,True,OK,17
1.6236895318268028,0.0581707310704246,0.021299235797523578,0.000495087711355865,-5.551892790303539,285.6916821108114,5.619870510342278e-07,0.030297654022966563,0.0037503787642489293,9982.336402538724,True,OK,17
1.6001441461370904,0.054651030936638895,0.021987557664133444,0.00040789581975901444,-3.7352454750131328,388.09738684897843,8.352659664270026e-08,0.030297654022966563,0.0037429357200952293,10064.218196947451,True,OK,17
1.6891345403593883,0.04227329665483122,0.016319656447925355,0.0004231415451112856,-7.548975859556744,274.37360027667023,1.7273493397680435e-09,0.026229299537389037,0.003023154810760686,22277.013240533935,True,OK,17
1.5883748903014805,0.0474098972842288,0.021500413181453855,0.00031098749264384763,-1.7372558479639006,553.9428341819424,1.281253208074325e-07,0.0281901798974141,0.003554811643293524,12320.082360804825,True,OK,17
1.6368569293141244,0.05778118663410503,0.020637940027934763,0.0005164801733894512,-6.180951299499444,260.1456261711986,2.752756608951298e-08,0.030297654022966563,0.003685401875017583,10638.805135197215,True,OK,17
1.621498088653469,0.03074054590559288,0.016593492531940958,0.00022603213880197554,-3.5152587578404773,708.0594964554455,1.3585849304098524e-07,0.0227072417455348,0.0028146812734619756,31445.75157685995,True,OK,17
1.579360180209175,0.04794534274746717,0.022190578360144517,0.0002895567248962297,-0.3344325807956408,621.7624507931614,6.431619595778924e-08,0.0281901798974141,0.003606615365030775,11621.621157101445,True,OK,17
1.6963753466572815,0.02113375082285594,0.012021496309463808,0.000200172301427074,-6.897055755048292,626.1695412187551,3.347494239912536e-08,0.018290724981767724,0.002185620189795223,83946.80092600637,True,OK,17
1.6636623496689378,0.05707721450238666,0.019446672473420544,0.0005527498938789352,-7.159827814266193,220.22821222145748,8.540963703765858e-10,0.030297654022966563,0.0035615072520976147,11860.019143726086,True,OK,17
1.570469414791829,0.024406801804245325,0.0181955132868856,6.700039688682858e-05,20.085242673311992,3337.334044262487,3.9906006579268334e-07,0.019658124188759216,0.002584523311605487,49653.60625698312,True,OK,17
1.6568739937829593,0.04591853503583153,0.017996863585796396,0.0004250391242034665,-6.61535666586853,303.5395769160371,3.766985980139772e-09,0.027192070030473203,0.0032481339028104152,17456.718324569596,True,OK,17
1.3123889347569242,0.008509804769360408,0.23561830166102898,0.015971573999115134,495.7528311318467,481.1518623563807,0.08352143474615828,0.21223166251558342,0.027684338700902936,49.873056792413365,True,OK,18
1.3942162926120807,0.009164776360029513,0.11186313985647688,0.011105516377869032,472.41885639565623,2266.282764900978,0.03572389357922962,0.09262578427625402,0.013853337346686666,39.720540795917934,True,OK,18
1.4580383585786867,0.008312569921451494,0.08986757780676852,0.015639701673057498,462.52708293448865,4726.914982505073,0.025283072953951245,0.06459161229229521,0.012650976137817979,34.173667731759345,True,OK,18
1.392861801323996,0.0032653957757448906,0.13662447876699627,0.009787369909300618,479.35851253170597,1387.4358414416938,0.02967303819443205,0.11921226494635856,0.015961769971296936,43.11575157835722,True,OK,18
1.3910755907040038,0.0019073024002160207,0.16249599448267027,0.023210275031727637,480.28254374474716,1366.1912073542956,0.049718034082215846,0.12358806045475453,0.021780168275443622,52.055385629690264,True,OK,18
1.4185923067252166,0.002205794973061069,0.12121788420454836,0.014601447707442382,473.5365817791677,2125.74656858831,0.029314773043972255,0.09602569863053698,0.015622164829492243,43.35833223831853,True,OK,18
1.3920111332501302,0.0014894377675013601,0.1525183059209389,0.013957815828491076,481.5335237736676,1218.9284099110464,0.03726601224102727,0.1281244735501072,0.01864648212609002,48.669609720588454,True,OK,18
1.3539122482494363,0.003088724146028091,0.19773007161084866,0.016376677591435566,489.58917464315715,717.9622073806742,0.05822926068230254,0.1709529944234296,0.023894197840531817,52.22800875633093,True,OK,18
1.4116056776881007,0.00808108040820258,0.0998038407804452,0.005108736119621015,471.3212016558249,2350.910236845059,0.02047149950605314,0.09262578427625402,0.011057278950633508,29.165573305001196,True,OK,18
1.3103145318172948,0.008652553166398458,0.5000000049999993,0.08340550154630116,-100000.0,-99948.63540728617,0.33327260854493596,0.9645937035317568,0.06805688771734374,32.05252090023072,False,lambda2 edge (-99948.64),18
1.4549381850918288,0.004080421668592205,0.07711208455217547,0.007699524590748086,462.31079669747714,4620.0891160266665,0.013798038994018541,0.06459161229229521,0.009584679974817021,28.705339559601807,True,OK,18
1.418620731874658,0.004623517285331046,0.08793649553090149,0.004786925667781489,467.7055480197319,3036.121022477699,0.021778282059740417,0.08018803828262751,0.009832035865201172,26.47502224022953,True,OK,18
1.3277543587941336,0.005757961767067994,0.22425314295130444,0.016067312499094988,494.01453374994105,538.0195230553763,0.07380336777301434,0.19746904303898868,0.026546565687483845,50.836169518807125,True,OK,18
1.3155447414102874,0.008906249398563892,0.3064198237087549,0.04897645403734446,496.38176695109604,497.28987248699275,0.14568101721566729,0.20471732535260898,0.04283470214381153,49.267299878005154,True,OK,18
1.4663721566937296,0.008394518233102633,0.5000000049999993,0.08340550154630116,-100000.0,-99989.85582418123,0.3670104381221635,0.9645937035317568,0.06805688771734374,32.05252090023072,False,lambda2 edge (-99989.86),18
1.4012550617360762,0.006018387320129095,0.17900223747993296,0.04027614012218591,476.3152182424685,1860.401900707792,0.07230250225743398,0.10320449904927852,0.026581159447463632,50.331338704588816,True,OK,18
1.4772293277881674,0.003231115208480646,0.060342977136544226,0.006987866974071883,455.18073996402643,7858.249255388569,0.010799936015909983,0.05018652022871682,0.007774856355576966,23.870083039717976,True,OK,18
1.3136707058629373,0.006057468312410601,0.5000000049999993,0.08340550154630116,-100000.0,-99879.20995773791,0.3333082549728145,0.9645937035317568,0.06805688771734374,32.05252090023072,False,lambda2 edge (-99879.21),18
1.3591814076058186,0.0039010489552723984,0.5000000049999993,0.08340550154630116,-100000.0,-99981.75435697792,0.3365730800093648,0.9645937035317568,0.06805688771734374,32.05252090023072,False,lambda2 edge (-99981.75),18
1.3012753637505907,0.006366154685931397,0.24500305947267198,0.016764570105351116,496.9357327996139,447.4656599206653,0.09231259642500599,0.2200218203151435,0.02888865336635926,49.34880070364155,True,OK,18
1.3475260664096105,0.002690726933734129,0.302240144202787,0.05563668602084229,493.0512599146755,622.3572330292392,0.14695004751103308,0.1837332964202303,0.04329321965905521,50.569417925975884,True,OK,18
1.3072777476507407,0.004279254188280502,0.5000000049999993,0.08340550154630116,-100000.0,-99969.10147745625,0.3333790950388269,0.9645937035317568,0.06805688771734374,32.05252090023072,False,lambda2 edge (-99969.10),18
1.4582143970295622,0.004030037268376351,0.5000000049999993,0.08340550154630116,-100000.0,-99925.35274635708,0.36373438267835484,0.9645937035317568,0.06805688771734374,32.05252090023072,False,lambda2 edge (-99925.35),18
1.422233357821527,0.007808922670617166,0.13525479372087698,0.02879114550481306,470.4466920655085,2753.569429910401,0.04702899241479228,0.0861828285420169,0.019881821472005776,44.41379137166207,True,OK,18
1.3590581456542359,0.008394766615108372,0.5000000049999993,0.08340550154630116,-100000.0,-99975.24889953125,0.33648347133274403,0.9645937035317568,0.06805688771734374,32.05252090023072,False,lambda2 edge (-99975.25),18
1.4245383387400508,0.0060331800583085645,0.09015229491127613,0.0154673759887685,462.7528470938225,4645.698794365735,0.033424096600728766,0.06459161229229521,0.012644431427348023,34.30451230867379,True,OK,18
1.3001786435291132,0.0013158168933052733,0.5000000049999993,0.08340550154630116,-100000.0,-99222.13936503678,0.33361744906232216,0.9645937035317568,0.06805688771734374,32.05252090023072,False,lambda2 edge (-99222.14),18
1.4783558519390914,0.008040555311532034,0.04770730706460527,0.009154987098485785,445.5819563421309,16881.67441595393,0.029314309806336675,0.033757924213444215,0.007042703929200177,20.737951038696043,True,OK,18
1.4687617465791305,0.009120728844262248,0.07263605785559354,0.017303102344364253,453.1782089429158,9639.79619269007,0.02385759676138115,0.0450422785741285,0.011206454480142155,27.307311831311402,True,OK,18
1.3036797369656952,0.008126625608119666,0.5000000049999993,0.08340550154630116,-100000.0,-99975.24889953125,0.33339381775384297,0.9645937035317568,0.06805688771734374,32.05252090023072,False,lambda2 edge (-99975.25),18
1.381206233922008,0.008106023836005902,0.5000000049999993,0.08340550154630116,-100000.0,-99975.24889953125,0.3402502727400442,0.9645937035317568,0.06805688771734374,32.05252090023072,False,lambda2 edge (-99975.25),18
1.3012088411494094,0.0035937937108050785,0.24441406775055272,0.016456166483668273,496.92095085082303,447.41941174249024,0.09194324876546213,0.2200218203151435,0.02873636879686806,49.266721683760125,True,OK,18
1.4352382796424343,0.00813718709741431,0.5000000049999993,0.08340550154630116,-100000.0,-99989.85582418123,0.35510168621033456,0.9645937035317568,0.06805688771734374,32.05252090023072,False,lambda2 edge (-99989.86),18
1.4115486282186323,0.003711305705016374,0.5000000049999993,0.08340550154630116,-100000.0,-99925.35274635708,0.34770484138585966,0.9645937035317568,0.06805688771734374,32.05252090023072,False,lambda2 edge (-99925.35),18
1.3558652664318154,0.009700875672778296,0.5000000049999993,0.08340550154630116,-100000.0,-99994.88472553842,0.33603691550130194,0.9645937035317568,0.06805688771734374,32.05252090023072,False,lambda2 edge (-99994.88),18
1.3790581922621568,0.005024129952194534,0.20112419512428312,0.03388271347707706,484.22460911237545,1070.5448168926487,0.07425788017652234,0.1377029513689611,0.02804756956476274,55.01821331470159,True,OK,18
1.3994198950433259,0.004685521031779499,0.5000000049999993,0.08340550154630116,-100000.0,-99982.75584091099,0.3444361789129349,0.9645937035317568,0.06805688771734374,32.05252090023072,False,lambda2 edge (-99982.76),18
1.3994808816275346,0.004891018804908021,0.5000000049999993,0.08340550154630116,-100000.0,-99953.77532375239,0.3444483031744333,0.9645937035317568,0.06805688771734374,32.05252090023072,False,lambda2 edge (-99953.78),18
1.4488086855283937,0.009181459178184557,0.08856797483890724,0.012301464139275702,464.0936605220858,4155.11498758827,0.020262781342164228,0.06942042686989255,0.01180725057898447,33.91471615698846,True,OK,18
1.467779846766765,0.00607866585246448,0.06132920524356026,0.006309348056262775,456.16355938484054,7250.745392911697,0.010865824171567945,0.052028662477231744,0.007699563202329839,23.588413234332005,True,OK,18
1.3795867403436093,0.007347160529126542,0.19783362738047225,0.03276204355165828,484.01329092043676,1083.479110134329,0.07179477434167587,0.1377029513689611,0.02747783191712688,54.93978237264038,True,OK,18
1.4508982464332632,0.006066840178597395,0.09256249708463977,0.01506903538256308,463.94529394967293,4248.321304210408,0.02429430360154966,0.06696250665518527,0.012808279355809332,35.17096293600139,True,OK,18
1.425996583928007,0.007747564156491233,0.10759721737968501,0.0112622637036179,471.0827227921463,2493.7774581636118,0.02273391744528045,0.08934624829756561,0.013467321645169608,38.80607090797929,True,OK,18
1.4217508798091116,0.007715202001563786,0.14417226678555234,0.025809647273928243,474.5863507623087,2040.095634678668,0.04808095972245086,0.09955040995908344,0.02031930461149486,48.07572343587373,True,OK,18
1.3375561598600798,0.005485370923196178,0.24205019389880547,0.024134348578164364,494.64389863210044,528.9466319282411,0.08484410732090658,0.19746904303898868,0.030542858764532874,52.296582130694965,True,OK,18
1.4058883398289157,0.0010223013777132077,0.11785336409178263,0.007073390700101229,475.6521411032423,1762.6321593785544,0.022003793144859903,0.10699271483050952,0.013367215300004549,36.27076366325716,True,OK,18
1.4540732515864627,0.006490220576004209,0.07320926351435596,0.00611510593517289,461.62755316600527,4800.629495948146,0.011404567660948963,0.06459161229229521,0.008795316296883198,26.112263824158887,True,OK,18
1.3232445397056767,0.008347213653182445,0.2815039456767412,0.04171604795613619,495.2336590712436,528.1317562480476,0.12374941999371682,0.19746904303898868,0.03866779166705292,51.29403846390627,True,OK,18
1.429070253959298,0.007824695891172734,0.12018325675312116,0.02095227541315261,470.10599283989325,2768.2886742288815,0.03559970520989825,0.0861828285420169,0.016848663812943334,42.80693864781651,True,OK,18
1.3705676431351341,0.00868782256025493,0.26976646228071877,0.060185129402848855,485.37161318287474,1036.8574657158629,0.13298073854970688,0.14275746447937215,0.03991568133185144,52.19895801874192,True,OK,18
1.3745249647838251,0.0061345823765103225,0.21290265328588812,0.040943918227377016,483.62045288250545,1129.453959446204,0.08626192251427274,0.13282739984823985,0.03056975776687332,54.63154067989774,True,OK,18
1.3001156146659774,0.006803858032100761,0.5000000049999993,0.08340550154630116,-100000.0,-99989.85582418123,0.3335303662056777,0.9645937035317568,0.06805688771734374,32.05252090023072,False,lambda2 edge (-99989.86),18
1.4292716425830285,0.006103984289399131,0.10447299850082846,0.011951769566811965,469.7892623901394,2744.0572536378154,0.022776169052714314,0.0861828285420169,0.013320357326862644,38.34074617926676,True,OK,18
1.3893805870678508,0.008289428263405375,0.14900371020704495,0.008688452133487207,482.45836343978726,1116.0035038936398,0.030955938096297243,0.13282739984823985,0.016863256862130988,43.1511183273033,True,OK,18
1.4226470890897436,0.003502666357480207,0.1027233531622057,0.005593476864721872,472.00598120981425,2250.0211171719548,0.01611266866083518,0.09262578427625402,0.011480878209930523,30.791912597901018,True,OK,18
1.4726332008543974,0.007365404747758068,0.05614096906970471,0.004319656683456491,454.91180567724547,7816.796920293178,0.008281784221135376,0.05018652022871682,0.006671269738557813,19.95359680211194,True,OK,18
1.4778290072042364,0.009741351846419815,0.05648067314334781,0.004179490656527135,455.17804043562876,7645.8599758152095,0.007546155105789604,0.05018652022871682,0.006664282316343711,19.769343937474847,True,OK,18
1.4654037501058161,0.007798343871027769,0.08577327296671809,0.019677942845530642,457.8593396514873,6791.710272503054,0.027237960387686375,0.053938422246314024,0.013007722824362272,31.255752083637656,True,OK,18
1.4096972863294541,0.002549535973146318,0.13070363012353006,0.0128109568240268,476.8169050807708,1677.7482290793532,0.029904759023064217,0.11091998054597198,0.016157482569683922,44.66624462038275,True,OK,18
1.3978032551362765,0.007888388701548947,0.5000000049999993,0.08340550154630116,-100000.0,-99989.85582418123,0.3439818889973881,0.9645937035317568,0.06805688771734374,32.05252090023072,False,lambda2 edge (-99989.86),18
1.3937542885670022,0.008814152155650921,0.13486413502633326,0.023287521743450966,473.2591571982461,2226.143359466444,0.04612115355543483,0.09602569863053698,0.01885012491293974,46.38093797740298,True,OK,18
1.3197380618545058,0.004428463132437707,0.5000000049999993,0.08340550154630116,-100000.0,-99895.62689489606,0.33340850717789255,0.9645937035317568,0.06805688771734374,32.05252090023072,False,lambda2 edge (-99895.63),18
1.3910735953468583,0.004890927662821972,0.15597241373605417,0.014124542500534878,482.2276832110456,1163.5585281900408,0.03839276194466699,0.13282739984823985,0.01903707895389294,49.164792762576134,True,OK,18
1.3195455786078796,0.002381754646401675,0.5000000049999993,0.08340550154630116,-100000.0,-99873.45814454778,0.33343784846766544,0.9645937035317568,0.06805688771734374,32.05252090023072,False,lambda2 edge (-99873.46),18
1.4507711127139877,0.005359458332813059,0.057760630983559526,0.009349350221456247,451.8775764286694,10297.044877896476,0.036282187423263924,0.0434474983053278,0.008079582683768998,23.93844185475573,True,OK,18
1.308770036815491,0.0011484213307988492,0.23832539635896752,0.01628039597347617,496.07894329400835,471.75415618371346,0.08641571139743826,0.21223166251558342,0.028058295341808585,49.77164064741426,True,OK,18
1.3852255723589788,0.0024794085333199934,0.20310127095855038,0.04893075599995806,477.5346418171566,1734.079206357544,0.09026151281605867,0.10699271483050952,0.03057452828344963,50.774407535509575,True,OK,18
1.4269226702798599,0.008157911162749762,0.06304450353719174,0.030240734305881485,425.202643354752,100000.0,0.1362884740329194,0.013223022108691375,0.012242224039594272,14.874939231081274,False,lambda2 edge (100000.00),18
1.3410934075222791,0.006329592503936028,0.2271254457681867,0.04361452720520203,485.2631622346268,1016.2672162462349,0.10033901637024802,0.14275746447937215,0.03262879090681768,54.75917490659722,True,OK,18
1.3278000358273696,0.0037322438643494836,0.22407637284752496,0.01600106458257576,494.0034270449479,538.2802149531058,0.07370067714562324,0.19746904303898868,0.026509474549019207,50.81446124702064,True,OK,18
1.459983188952658,0.0058968828233407974,0.06047148283624468,0.0021817999230575947,458.1817109403041,5881.412366211799,0.008135561327446203,0.05797081330131604,0.006436930833020443,14.691479746749406,True,OK,18
1.4594599651259559,0.0030272302376155628,0.056747520467586916,0.021979819393379722,435.4496886177794,40682.58500134691,0.07607553873818348,0.02112774900972417,0.01035447091153374,18.19442638810603,True,OK,18
1.3594043817847599,0.005238569246111354,0.5000000049999993,0.08340550154630116,-100000.0,-99953.77532375239,0.3365823715004856,0.9645937035317568,0.06805688771734374,32.05252090023072,False,lambda2 edge (-99953.78),18
1.3864144135350178,0.009978831704653305,0.1372806883197538,0.03459726120158936,467.57867122852423,3424.55442105601,0.06561327577673844,0.07734887682598612,0.021033332539474023,41.78183816964912,True,OK,18
1.3206001574148034,0.008667685320414318,0.5000000049999993,0.08340550154630116,-100000.0,-99948.63540728617,0.3333588120990961,0.9645937035317568,0.06805688771734374,32.05252090023072,False,lambda2 edge (-99948.64),18
1.4554627670959366,0.005978787683840087,0.07685601122740748,0.006802317228514887,462.7154446738099,4454.195040940987,0.013230432157090015,0.06696250665518527,0.009329015730299232,27.7686194793698,True,OK,18
1.3619266902866478,0.005673034938594666,0.18082077965705376,0.013080732051550373,487.4899964921592,814.3877448115227,0.0484814385708844,0.15906167728844647,0.021274418600210968,50.08076981295883,True,OK,18
1.3526441868651815,0.008191967035959456,0.5000000049999993,0.08340550154630116,-100000.0,-99975.24889953125,0.33566236762910645,0.9645937035317568,0.06805688771734374,32.05252090023072,False,lambda2 edge (-99975.25),18
1.3896902485678595,0.009332579609897057,0.5000000049999993,0.08340550154630116,-100000.0,-99792.25469640184,0.34204101782809965,0.9645937035317568,0.06805688771734374,32.05252090023072,False,lambda2 edge (-99792.25),18
1.412084441984088,0.005628873998032151,0.12207507663442911,0.009687052355610305,475.80515205773145,1773.2482523774179,0.024501038267547414,0.10699271483050952,0.014502563156939837,40.635009866747666,True,OK,18
1.4279924837159774,0.005535396679872109,0.1525588301544435,0.040760692948671934,468.55851102612166,3225.9493534742132,0.06464677652038224,0.07734887682598612,0.023640134581453708,42.81545516034363,True,OK,18
1.4628111430755004,0.0026600136479815717,0.054962356385032496,0.00411235609390469,454.44096638615054,8082.423371295729,0.01674085036016331,0.04840960141478949,0.006501042207797041,19.375790033372972,True,OK,18
1.475202763074263,0.00830971496666073,0.05386878567693713,0.0019099824876963596,455.1595898357872,7344.096731228705,0.004677026453383969,0.052028662477231744,0.00573121516197647,13.007336504051429,True,OK,18
1.4549320051356764,0.005346170491339641,0.0780801135930897,0.007633828639699696,462.73527877242816,4475.210783054477,0.01414424752732448,0.06696250665518527,0.009661934495899896,28.892810257673567,True,OK,18
1.4506962788807676,0.0037609667521948465,0.07549873868199741,0.005609036531560181,462.8217572640878,4374.192102704635,0.01126748843906269,0.06696250665518527,0.008878513095921352,25.859841906725396,True,OK,18
1.4371506721415515,0.002264051425501204,0.5000000049999993,0.08340550154630116,-100000.0,-99930.90985927796,0.35585611415092094,0.9645937035317568,0.06805688771734374,32.05252090023072,False,lambda2 edge (-99930.91),18
1.3552693448732516,0.005011593970237596,0.11445605392040234,0.02097061906421268,468.25131447303056,3163.257191829915,0.0817247954071207,0.08018803828262751,0.016250372194308558,41.00598458065226,True,OK,18
1.358017549265816,0.004483154040617653,0.23760118382693832,0.029044154227109938,492.5027334823254,614.1058211510315,0.0854686361288895,0.1837332964202303,0.031170934635628894,53.86497104227891,True,OK,18
1.4476188540610657,0.0033100830292795086,0.10824292732074511,0.034973360225181355,455.51883660927564,8408.343453410727,0.048057819706727956,0.04840960141478949,0.01786414585185159,30.287511151890982,True,OK,18
1.434150610987823,0.0016634086220048668,0.10147279300020791,0.014023619775198823,467.7494202305883,3206.0996769338735,0.02429420000134333,0.07734887682598612,0.013489292904620486,37.98189119826957,True,OK,18
1.437833039352711,0.008128209185467958,0.10184792095397385,0.018678891551794308,465.2054521564978,3920.664073221382,0.028970672888047912,0.07196856730011514,0.014491564943186677,37.5144386340572,True,OK,18
1.3723057795904468,0.007502300408507235,0.18354958062314158,0.014591868624721283,487.56124306816344,815.4062171165731,0.04845229796427438,0.15906167728844647,0.02196372279964329,51.194087388457426,True,OK,18
1.4647249126741178,0.008206416761990742,0.5000000049999993,0.08340550154630116,-100000.0,-99989.85582418123,0.3663263618929354,0.9645937035317568,0.06805688771734374,32.05252090023072,False,lambda2 edge (-99989.86),18
1.370280371871453,0.00535792162852058,0.5000000049999993,0.08340550154630116,-100000.0,-99953.77532375239,0.3382625543454168,0.9645937035317568,0.06805688771734374,32.05252090023072,False,lambda2 edge (-99953.78),18
1.440284358061445,0.0036333513086421122,0.09650095849526404,0.014020699098981529,466.022888395846,3634.1794682337,0.023305338102810446,0.07461023956159979,0.012985373186908927,36.481602805180245,True,OK,18
1.4446988932555973,0.00395264028304847,0.16849397595261567,0.050483164595502505,466.9376940931834,3684.8982816718612,0.08360466759288314,0.07196856730011514,0.0267160180452879,40.78677379514183,True,OK,18
1.445078304829397,0.0017812039901565103,0.08128165370024222,0.005479791432237441,465.0777932566433,3701.4058366818895,0.012074393866779741,0.07196856730011514,0.009396740446878573,26.773443591033793,True,OK,18
1.3079915134439062,0.009979079026328403,0.5000000049999993,0.08340550154630116,-100000.0,-99985.296636371,0.33327539004169926,0.9645937035317568,0.06805688771734374,32.05252090023072,False,lambda2 edge (-99985.30),18
1.456502282182244,0.008945627531195835,0.06077631094970434,0.002413218920286471,458.2208480217906,5895.528842676342,0.010970330761312914,0.05797081330131604,0.006540651014311101,15.631917962690835,True,OK,18
1.471230390569191,0.004944846784730391,0.09949840709107849,0.03283399758647772,453.03721798737257,10133.931618669143,0.042774381078525645,0.0434474983053278,0.016597425620946626,28.291390156944598,True,OK,18
1.4758936887488243,0.013900749850537089,0.05876993645472547,0.005858481375425115,455.1940162662949,7775.95963112163,0.009105544844385813,0.05018652022871682,0.007336305383088323,22.55017710594802,True,OK,19
1.5101934613661543,0.016601449614298235,0.040600090364026925,0.009212621687791281,439.79600044197326,26967.764479915557,0.01800313366539161,0.026229299537389037,0.006351729091022921,18.4055964101997,True,OK,19
1.5796881370782911,0.010120094873283372,0.02344155391690977,0.006486693828862929,424.3251477016008,98369.73925739682,0.0069409123820366675,0.013708385261355807,0.004058511828235764,13.353372874912726,False,lambda2 edge (98369.74),19
1.4529114780388994,0.017394275592502804,0.22194263967817596,0.07290785695052723,465.25189238000627,4309.723603091551,0.13166360306294086,0.06696250665518527,0.03529433263404489,37.3061242350234,True,OK,19
1.4618330738549112,0.016773353097391308,0.07115393079652571,0.019545813356341375,450.148096133779,12287.965091973314,0.03372002310412872,0.03899402295873397,0.011459343955519398,25.57712942643252,True,OK,19
1.5349676168097885,0.019825362349394478,0.027269492454545134,0.005074458022959209,432.48835066489943,47942.660736814265,0.017796576901960102,0.019658124188759216,0.004097790477929677,14.368057311731764,True,OK,19
1.5284039011045398,0.036707738009388736,0.03601380703145095,0.007206376273435061,438.36805368172384,29911.236455153554,0.008193589091735244,0.025300617181813888,0.005454334964246557,17.12726373813028,True,OK,19
1.5264090824841123,0.030835983738591442,0.29814444416409935,0.10370258596818885,438.9944497840886,35226.8171238112,0.22466162894548242,0.0227072417455348,0.04604031709945804,17.41572255990617,True,OK,19
1.4884805277154172,0.014792154028681274,0.04966748144607569,0.012106224450993209,443.62636638865496,20062.36921209121,0.026207767465218863,0.030297654022966563,0.007859755394350678,20.784094840795067,True,OK,19
1.481293449991985,0.03892847946112324,0.048751207902286514,0.0019033059576816138,452.48159521744145,9019.22030009765,0.004519069912988077,0.04669559671518797,0.005251349426381124,12.575489854542626,True,OK,19
1.529489821512502,0.018325333583020458,0.06390366035653518,0.02705302261335086,433.75826473269996,47517.261739068235,0.031032884155138978,0.019658124188759216,0.011889899109736592,17.61737694576928,True,OK,19
1.5021464427459366,0.03506539112292983,0.048293523475711905,0.007539549942439938,447.67766698750336,14139.41313832692,0.00976897688820375,0.0362816382185018,0.006733194432941282,20.79220508665543,True,OK,19
1.536950971312924,0.026819585221875046,0.044221090307264385,0.01466854821573503,434.9276973913,41477.11095164187,0.01623026766109391,0.02112774900972417,0.007801091380719129,17.609492491963277,True,OK,19
1.5716260602614147,0.03017318716650371,0.01937568626381069,0.00011668673204134547,9.347769331183406,1799.6105995354148,3.318082810818933e-08,0.021903262412316327,0.0029064551024879817,28725.320040312352,True,OK,19
1.5328367569265753,0.015693044116323045,0.02654548742133483,0.0021248791079556163,436.1282135203422,33659.67913142687,0.007016860215023835,0.02354073187746785,0.0032357725721884755,11.17071839871577,True,OK,19
1.4470221892819852,0.03895426351172197,0.08640002675497722,0.011229336530472627,463.8978632022489,4194.3195519770725,0.01806605728283747,0.06942042686989255,0.01134799735679685,33.06142186691393,True,OK,19
1.5258173392160566,0.022470502274392873,0.5000000049999993,0.08340550154630116,-100000.0,-99994.22084879628,0.3954147332795551,0.9645937035317568,0.06805688771734374,32.05252090023072,False,lambda2 edge (-99994.22),19
1.5242433313456347,0.011854358832151461,0.5000000049999993,0.08340550154630116,-100000.0,-99985.296636371,0.39471459710204504,0.9645937035317568,0.06805688771734374,32.05252090023072,False,lambda2 edge (-99985.30),19
1.5615403638246572,0.01649936606693008,0.5000000049999993,0.08340550154630116,-100000.0,83556.41703732319,0.41584055930843633,0.9645937035317568,0.06805688771734374,32.05252090023072,False,Mode at edge,19
1.5587273610108716,0.026031353297908316,0.019657696989863832,3.814340975478542e-05,51.89091277650072,6219.256483810955,3.788883171444823e-09,0.020379693664579288,0.0025368705592917684,65288.86053369621,True,OK,19
1.4742515221851045,0.010906298447262115,0.05416497047161003,0.0019358947898564759,455.2959533798165,7273.282237476286,0.004731182647271769,0.052028662477231744,0.005767438630808074,13.139886942078565,True,OK,19
1.560533336852257,0.015293804244079199,0.019696861647265917,0.0025291309372237765,427.3858524478432,71388.43241879709,0.010508172457514195,0.015834655182844277,0.0027041496309091442,10.990415120718227,True,OK,19
1.4382888185023797,0.032676331924776425,0.08684454522008277,0.009035629137424407,465.29638013437017,3741.193265110707,0.01671700588612225,0.07196856730011514,0.010870330653486927,32.201693433737624,True,OK,19
1.4860069155796767,0.0216800201677495,0.048332992097409155,0.0020875509902268585,452.1510231367952,9298.425378453305,0.004162443537689266,0.0450422785741285,0.005271769016904065,13.24038229838839,True,OK,19
1.469530813964915,0.03577535436090691,0.11542060378823923,0.04387464722122839,449.9345346697923,13162.535234366615,0.05661355466405557,0.03761338902136763,0.01981416924426833,25.94114853112756,True,OK,19
1.477572724177045,0.016305777092530716,0.05211752073475799,0.0018966488892592911,454.27619200900676,7854.535811949578,0.004382621824511824,0.05018652022871682,0.00556344528700785,12.814629216901732,True,OK,19
1.479479956213785,0.016094487255021907,0.0683161802710725,0.015650273385955468,452.26394979643106,10286.572270960283,0.020087751347864006,0.0434474983053278,0.010449392417589295,26.37105737734856,True,OK,19
1.4808248353288331,0.012488086686045192,0.5000000049999993,0.08340550154630116,-100000.0,-99984.81639976827,0.37323487162796826,0.9645937035317568,0.06805688771734374,32.05252090023072,False,lambda2 edge (-99984.82),19
1.4553648046591132,0.022511586501884437,0.08668575683500927,0.012677511198778031,463.1381084249623,4465.497979560008,0.021050837372917755,0.06696250665518527,0.011701532214474009,33.36448316287786,True,OK,19
1.5707146968943804,0.011718722401668576,0.5000000049999993,0.08340550154630116,-100000.0,-99985.296636371,0.421457227690005,0.9645937035317568,0.06805688771734374,32.05252090023072,False,lambda2 edge (-99985.30),19
1.464027953081605,0.03725037026624789,0.0725803528935677,0.010823755845354274,458.3566382468762,6323.981543133817,0.015487359599868265,0.05591828149906458,0.00987954356673855,28.756154752809643,True,OK,19
1.5724023478655875,0.03038352499887824,0.019359049905808515,0.0001207574770455781,8.631828185440366,1727.5692917578408,8.911958112594401e-08,0.021903262412316327,0.0029171421579206676,28174.384430582904,True,OK,19
1.468475768655238,0.022594316831673573,0.0605931182074575,0.003786233291011943,457.42741150241756,6410.629979739553,0.007089366316078057,0.05591828149906458,0.006942610312236194,19.662438997876404,True,OK,19
1.4637953591100743,0.013857655273756098,0.08627582340254097,0.01830345023008215,459.14547846236786,6138.1509623955935,0.026182722308075584,0.05591828149906458,0.012804265313115421,32.059102521200906,True,OK,19
1.4907997431222226,0.027274648152110503,0.5000000049999993,0.08340550154630116,-100000.0,-99999.07251157932,0.37762157268489044,0.9645937035317568,0.06805688771734374,32.05252090023072,False,lambda2 edge (-99999.07),19
1.4875892280743688,0.02832473651397909,0.045834111011497196,0.002815271057772837,450.2415359867044,10959.618865024433,0.005993073945363076,0.041909183299525955,0.005261493845190962,15.186710095298391,True,OK,19
1.477400757660689,0.02037551583282371,0.5000000049999993,0.08340550154630116,-100000.0,-99977.80820545848,0.37158933598342997,0.9645937035317568,0.06805688771734374,32.05252090023072,False,lambda2 edge (-99977.81),19
1.5565077746631375,0.03634944192681574,0.021956130151090537,0.00011078151867458615,16.43025853543214,1986.576482019356,1.285111467011864e-07,0.024404816029045106,0.003169951214144485,21357.355860461506,True,OK,19
1.4815254530449684,0.02714547404035829,0.05343757872289148,0.00355001078395934,454.01415575404343,8286.075946140998,0.0063414205604703615,0.04840960141478949,0.006195904688561948,18.005788516148524,True,OK,19
1.4745059654227628,0.011600039251222827,0.054691814950697464,0.002155013029606154,455.45720201790266,7225.477360373362,0.0049573474572504345,0.052028662477231744,0.0058882691434395465,14.068091422253088,True,OK,19
1.5480571490176653,0.01513010449708451,0.023159015261183608,0.0006264845592947854,434.24745092718007,36831.24449217859,0.0038102425337405866,0.0227072417455348,0.002429125173132606,5.474546447330503,True,OK,19
1.4981140037995067,0.024611364801374706,0.04692873562253043,0.003887081673741569,450.0912569948384,11282.613465126704,0.00825708066444045,0.04042533433088099,0.005673586406866049,17.553202039096334,True,OK,19
1.459515453468657,0.012836660519901889,0.061244875582127226,0.004803589965543035,457.121714311664,6644.308844244508,0.012889531596979987,0.053938422246314024,0.007292166075465622,21.725223983997523,True,OK,19
1.4856820823473713,0.038568577226509554,0.5000000049999993,0.08340550154630116,-100000.0,-99970.2514920481,0.37507099577342623,0.9645937035317568,0.06805688771734374,32.05252090023072,False,lambda2 edge (-99970.25),19
1.5284216943981475,0.021442306852087076,0.036048204029603306,0.009758667824147941,434.45110136155597,42159.560758196756,0.017921705760448898,0.02112774900972417,0.00601525198441563,16.726297772698498,True,OK,19
1.4362257313238744,0.028008198441732454,0.08138440654883572,0.004621568566262817,465.50773730333805,3554.851202453867,0.01284576148644802,0.07461023956159979,0.00916016942328636,25.00184724493708,True,OK,19
1.4447612225496596,0.02627632213142579,0.12385375402020089,0.06006222697423681,427.2107851286733,88334.09183557321,0.10684748025591255,0.01421156411364079,0.02243047363919787,14.843644573327023,True,OK,19
1.550312081323479,0.02270756044884359,0.034794495299572195,0.010163742823354706,432.29375934922115,50701.429502176055,0.01100666932741757,0.018962102815722463,0.005973982080282021,16.151049654635564,True,OK,19
1.4779058391706439,0.011421527014527958,0.05171993452413781,0.0017251240535581906,454.14734142880246,7892.528007857227,0.004247665460551846,0.05018652022871682,0.005469359083395258,12.045298922948373,True,OK,19
1.4339644600258554,0.022900797089365637,0.06498341072636986,0.015309227008320376,450.6274303683487,11668.619550676458,0.0554465646511358,0.04042533433088099,0.010043201844706825,25.250778225332667,True,OK,19
1.571335243312475,0.017321883363795712,0.01640872663176171,1.3271667682545837e-05,113.64523925680827,18362.9592985563,2.204408003921364e-10,0.01701844067858532,0.0019131036822150795,252773.37592473713,True,OK,19
1.5218488809250914,0.030529174590392852,0.02930328250447919,0.003380784073710447,437.22154346899185,31533.215639134392,0.014308195171415936,0.024404816029045106,0.0038553355658291714,13.663908220670852,True,OK,19
1.4397327788002179,0.014593011274101314,0.10335293169085624,0.0286143385825533,458.7844730275655,6478.327675648873,0.041408848398456606,0.053938422246314024,0.01638782828889518,32.94009028741915,True,OK,19
1.4830042869471307,0.030102795224457114,0.06536097708749902,0.014789015263589209,451.353808826221,11004.358839701623,0.01859441048085913,0.041909183299525955,0.009980774280416275,25.596103854593785,True,OK,19
1.5002456179564956,0.03202585204654736,0.5000000049999993,0.08340550154630116,-100000.0,-99997.75430182467,0.38210094146232376,0.9645937035317568,0.06805688771734374,32.05252090023072,False,lambda2 edge (-99997.75),19
1.5688156584917108,0.03275116829795629,0.020139607188272245,0.00012856339835790617,8.955223275956136,1627.5858927904346,1.332421436206675e-08,0.0227072417455348,0.0030285022577095644,24304.784329340182,True,OK,19
1.58875955317012,0.032630832061949486,0.018693963145043364,0.0001827366856940964,1.0412544022760222,1020.2007427076871,5.876648117846304e-08,0.0227072417455348,0.0029935560420515242,24525.1798916828,True,OK,19
1.566348671201192,0.03497099075395003,0.02079077847956566,0.00013811560162653794,8.796495537311452,1512.7939886406675,9.57304937977187e-08,0.02354073187746785,0.003129579892622872,21292.00238503406,True,OK,19
1.5468425219648074,0.03405405449967672,0.02258037453709038,4.554446508902969e-05,58.37718308244136,5235.804308764639,7.138069578233609e-09,0.02354073187746785,0.0028735323886845726,40943.2419523853,True,OK,19
1.5795493164587857,0.024256221355788775,0.017450160431804092,9.110810466889921e-05,10.132647777189034,2320.359257472809,1.7347861574694467e-08,0.019658124188759216,0.002605086332206184,44741.345812076135,True,OK,19
1.532125923826007,0.02544819164718318,0.5000000049999993,0.08340550154630116,-100000.0,-99996.47495955233,0.3988104286850841,0.9645937035317568,0.06805688771734374,32.05252090023072,False,lambda2 edge (-99996.47),19
1.5661659179507317,0.02294078808614522,0.018240865525485542,4.1430183575103484e-05,39.068605071593446,5643.531052046804,4.436391051969304e-07,0.019658124188759216,0.002430261563959381,72201.02225686402,True,OK,19
1.5611562833831574,0.033980637251714164,0.021053201204073956,0.00011098081673841214,14.205444821997737,1959.4715572407947,1.399422834151502e-07,0.02354073187746785,0.003072975925162768,23789.20588777308,True,OK,19
1.5839017762189747,0.017467620977722562,0.01541934338596996,4.713863530026417e-05,20.71799177044833,4754.798010579428,6.588090909415341e-09,0.01701844067858532,0.002184407796466159,97755.56085378974,True,OK,19
1.543539121581746,0.032707584929424584,0.022752720627973476,1.5770779915212402e-05,189.7164683246002,15607.261942307272,2.762421173016355e-09,0.0227072417455348,0.002456217240641078,108106.43565515289,True,OK,19
1.5798045588487466,0.03720707254166593,0.02020229560021649,0.00019870977115380383,1.9549966936117085,956.8275354823054,8.474963323404616e-08,0.024404816029045106,0.003206127648709142,18680.572614601653,True,OK,19
1.5217641378733517,0.02737459557591939,0.5000000049999993,0.08340550154630116,-100000.0,-99999.06960037116,0.39317680090996937,0.9645937035317568,0.06805688771734374,32.05252090023072,False,lambda2 edge (-99999.07),19
1.4567665965446768,0.039248881072713133,0.0693777754762282,0.0035211621459274207,461.4108732037753,4737.801967992876,0.007746505713554794,0.06459161229229521,0.007694599478516299,20.300374357913203,True,OK,19
1.4708027940325483,0.03174208655353876,0.5000000049999993,0.08340550154630116,-100000.0,-99998.51258198926,0.36854408817078654,0.9645937035317568,0.06805688771734374,32.05252090023072,False,lambda2 edge (-99998.51),19
1.5573272007688501,0.023236465138341433,0.01921281893734566,9.851711465717569e-06,217.87363114718988,25033.46897515933,9.619251124684895e-10,0.019658124188759216,0.0020284157085530517,241553.62880413412,True,OK,19
1.4637909952046493,0.015668811526590602,0.5000000049999993,0.08340550154630116,-100000.0,-99994.83322479004,0.3658288192126325,0.9645937035317568,0.06805688771734374,32.05252090023072,False,lambda2 edge (-99994.83),19
1.5670393601442547,0.025322694602455446,0.018701316035998807,6.327543184515811e-05,23.702160320523998,3577.873330475517,5.874387892025974e-07,0.020379693664579288,0.002618115277051097,48414.382068955485,True,OK,19
1.4444219171261226,0.03151058418288666,0.07165709182335278,0.0025250287486307454,462.7331572221224,4221.059934456427,0.010096664266209355,0.06696250665518527,0.007594524263598045,17.148037504900273,True,OK,19
1.4700273684488048,0.036291842522526374,0.5000000049999993,0.08340550154630116,-100000.0,-99970.2514920481,0.3681449236037854,0.9645937035317568,0.06805688771734374,32.05252090023072,False,lambda2 edge (-99970.25),19
1.479531485764796,0.016008124902704292,0.05772530505755838,0.017013498307048125,443.77597626927,20216.44669953373,0.034126164949236565,0.030297654022966563,0.00961537611892143,21.633597539095767,True,OK,19
1.4435773509687895,0.025345934099129424,0.0879156443494215,0.009745572538246434,465.30400736241506,3754.405616917592,0.01708162488562328,0.07196856730011514,0.011149058497641879,32.91548104081291,True,OK,19
1.502118014050926,0.03253936433809428,0.04217348135906175,0.003937654616671511,446.9981548978611,14401.61926432308,0.005190542510218465,0.0362816382185018,0.005234532042767435,16.759765508141378,True,OK,19
1.504336413950886,0.02031447906773113,0.5000000049999993,0.08340550154630116,-100000.0,-99999.49685666793,0.38429136396665586,0.9645937035317568,0.06805688771734374,32.05252090023072,False,lambda2 edge (-99999.50),19
1.471864786501271,0.018344402364099132,0.060163554548197586,0.0042482421082244695,456.949784018577,6687.476643672224,0.007809887575151778,0.053938422246314024,0.007034217848965152,20.553554959652995,True,OK,19
1.5784556642924503,0.014952358062634369,0.015155202388698965,1.4191126827021257e-05,88.72900660190962,17058.472056986648,1.5457348511918903e-10,0.015834655182844277,0.0018283785945270266,281514.88982077176,True,OK,19
1.588108227929144,0.019807583655766743,0.015755795683628702,7.48127922215889e-05,9.981666853236915,2822.230276234718,5.312209893456619e-09,0.018290724981767724,0.0023542806914315447,67005.42873188545,True,OK,19
1.4441424376667995,0.01746071142363595,0.0780772040341026,0.0036241063917790825,464.73218418296017,3714.256688370366,0.009543018704496198,0.07196856730011514,0.008546555498149474,21.81155761077183,True,OK,19
1.439346300728739,0.03370089307491748,0.5000000049999993,0.08340550154630116,-100000.0,-99996.56297248513,0.3561509363159974,0.9645937035317568,0.06805688771734374,32.05252090023072,False,lambda2 edge (-99996.56),19
1.512008466006577,0.020109598566004028,0.13345165406956835,0.05987961705676084,438.07767723607554,35082.199116162556,0.08065702041177478,0.0227072417455348,0.02355413600703787,18.812875400893976,True,OK,19
1.53592793674105,0.028919395778509605,0.5000000049999993,0.08340550154630116,-100000.0,-99998.2927606488,0.4008682679668951,0.9645937035317568,0.06805688771734374,32.05252090023072,False,lambda2 edge (-99998.29),19
1.5803795342764144,0.03883781550245139,0.020476440769658173,0.00021415553305780205,1.335211949310115,876.2903957390827,3.4915893338067236e-08,0.025300617181813888,0.003269295345597986,17251.324722462625,True,OK,19
1.5389094041064648,0.034534477817325056,0.024352401097664865,0.00021695024177051348,435.4010709059469,31536.03424501282,0.0007921883671323922,0.024404816029045106,0.002378881100281919,2.8418543574335007,True,OK,19
1.5567880160536287,0.024739105980996993,0.5000000049999993,0.08340550154630116,-100000.0,-99983.53892542927,0.4129053912204525,0.9645937035317568,0.06805688771734374,32.05252090023072,False,lambda2 edge (-99983.54),19
1.5427133260853467,0.012347770230507106,0.028609634311219937,0.004240240202488099,435.3106570367779,37432.3847973409,0.004884807497689813,0.021903262412316327,0.004016910646646451,14.301609886342494,True,OK,19
1.5512833733040492,0.038854990215771025,0.02295842404454981,0.00010662811265058037,20.09658560576686,2097.124470371725,2.308899733500086e-07,0.025300617181813888,0.003260899730352629,19598.244099467036,True,OK,19
1.443595960500118,0.035083473537755636,0.08260724407080089,0.0065122626725160355,465.058364937076,3740.759392001866,0.012785144610405873,0.07196856730011514,0.009808211374519295,28.686424511624676,True,OK,19
1.5792768042638834,0.01678566669406186,0.015585207633997024,3.0873647710115334e-05,38.06788934437155,7562.12406219043,4.2549834192781243e-10,0.01641588072249212,0.002082225226421801,133165.08740717405,True,OK,19
1.5139697900174727,0.037835746763889656,0.5000000049999993,0.08340550154630116,-100000.0,-99970.2514920481,0.3889414261931193,0.9645937035317568,0.06805688771734374,32.05252090023072,False,lambda2 edge (-99970.25),19
1.5836361607236749,0.01383647153056949,0.01442103810903759,1.770472560164621e-05,61.73497028286616,13500.036055241428,4.8180442007361544e-08,0.01527400868696812,0.0018227451299852747,256773.04305224997,True,OK,19
1.485840676088872,0.0309443392345257,0.08244488814831519,0.030910971944531258,444.407764717294,19932.955392452535,0.03850664293001307,0.030297654022966563,0.014455176624485708,22.56589818706368,True,OK,19
1.4654493599017488,0.019743118859034424,0.08383592462800173,0.018855993175766243,457.59389306173307,6912.265077257058,0.025742763536348225,0.052028662477231744,0.012654911010710758,30.897409732409248,True,OK,19
1.4337265696007508,0.014605650427935966,0.12116039464929601,0.02528582852956203,467.97140662474277,3263.844284307601,0.0400832997851352,0.07734887682598612,0.017754277347616736,41.508794070469484,True,OK,19
1.519972719106839,0.029592701989125482,0.5000000049999993,0.08340550154630116,-100000.0,-99994.50339146184,0.3921962713180428,0.9645937035317568,0.06805688771734374,32.05252090023072,False,lambda2 edge (-99994.50),19
1.533825892975334,0.0333508141233465,0.5000000049999993,0.08340550154630116,-100000.0,-99978.65851365202,0.39964110201313496,0.9645937035317568,0.06805688771734374,32.05252090023072,False,lambda2 edge (-99978.66),19
1.4964450261982067,0.018204721487234666,0.04535046663811236,0.005277412068266988,447.89449627580706,13630.719225209707,0.007536726994216808,0.03761338902136763,0.005893519874904037,18.891379433222937,True,OK,19
1.753116140008505,2.1456352779186305e-05,0.5000000049999993,0.08340550154630116,-100000.0,100000.0,0.5524167595449379,0.9645937035317568,0.06805688771734374,32.05252090023072,False,lambda2 edge (100000.00),20
1.8124775624404075,1.864247879156609e-05,0.5000000049999993,0.08340550154630116,-100000.0,-99999.99999995908,0.6008167652655971,0.9645937035317568,0.06805688771734374,32.05252090023072,False,lambda2 edge (-100000.00),20
1.7540288942993205,1.6587313257853968e-05,0.0022611101737690545,2.0045792619688357e-06,5.1326020947005295,100000.0,6.84666134653249e-06,0.0027069817191697136,0.0003492157325335592,134409668.32015353,False,Unstable condition (1.34e+08),20
1.8832199107135144,6.332895623078699e-05,0.0010422708907930997,1.3335216334727484e-06,-6.269189607462446,100000.0,1.3888587625497499e-06,0.0015763464150128732,0.0001864431575583816,1557500158.9657876,False,Unstable condition (1.56e+09),20
1.9371367278796083,8.001866084833362e-05,0.0008234073316078998,1.1262791118608725e-06,-7.798943202401781,100000.0,4.991833634795839e-07,0.0013163572718182504,0.0001535043630349971,2985027719.923388,False,Unstable condition (2.99e+09),20
1.8635512233682383,1.4618078401827924e-05,0.0011444247727159203,1.4184717331631905e-06,-5.514813560380513,100000.0,2.489760719738057e-06,0.0016342076557635053,0.0002013161324623754,1174070486.9777486,False,Unstable condition (1.17e+09),20
1.8628143637850314,7.097911030503896e-06,0.0011485645422767172,1.4217690352477346e-06,-5.4836069537013525,100000.0,2.6252042464267333e-06,0.0016342076557635053,0.00020191283598181063,1161060601.9628427,False,Unstable condition (1.16e+09),20
1.8361769794821705,3.963560426577235e-05,0.0013171211995475435,1.5470820954961433e-06,-4.167304049885568,100000.0,2.635438674623342e-06,0.0018208491703838258,0.0002258400299411301,753632915.7073678,False,Unstable condition (7.54e+08),20
1.8355627618725883,2.8702765921083935e-05,0.5000000049999993,0.08340550154630116,-100000.0,100000.0,0.6201536671108231,0.9645937035317568,0.06805688771734374,32.05252090023072,False,lambda2 edge (100000.00),20
1.8871660895247646,8.425350226257918e-05,0.0010235149738995002,1.3171507792451516e-06,-6.404579202664343,100000.0,9.905685072182854e-07,0.0015205338265062783,0.0001836801450350766,1642984535.790784,False,Unstable condition (1.64e+09),20
1.9037033985197955,6.314745748329716e-05,0.0009502379088708995,1.2507737725118426e-06,-6.925108300507382,100000.0,1.1237989406668554e-06,0.0014666973550550046,0.0001727830699918412,2033175963.1155624,False,Unstable condition (2.03e+09),20
1.8576689598666025,4.077333820795007e-06,0.001178178094529877,1.4450376752490234e-06,-5.258860988494317,100000.0,2.76664046354202e-06,0.0016941927464175109,0.00020616817883845867,1072882469.3104216,False,Unstable condition (1.07e+09),20
1.8945867997383843,5.4953311018271244e-05,0.5000000049999993,0.08340550154630116,-100000.0,100000.0,0.6706730041942469,0.9645937035317568,0.06805688771734374,32.05252090023072,False,lambda2 edge (100000.00),20
1.8041482101327773,3.3456361846490725e-05,0.0015856719090897907,1.7145861630506699e-06,-1.869490462642574,100000.0,3.683272116812422e-06,0.0020288068591494037,0.0002626250221232282,413137788.6804734,False,Unstable condition (4.13e+08),20
1.9371213572939483,6.281186226660548e-05,0.0008234603173943945,1.1263337865137611e-06,-7.7985840148109355,100000.0,7.804513077479794e-07,0.0013163572718182504,0.0001535125365997473,2984537555.1731977,False,Unstable condition (2.98e+09),20
1.8451824869315057,6.247125223113236e-05,0.0012556470910895286,1.5033423591712157e-06,-4.657985957407759,100000.0,2.0610928576028565e-06,0.001756379644833265,0.00021719444599293226,877959071.036961,False,Unstable condition (8.78e+08),20
1.8327484649971313,4.7548045047098606e-05,0.5000000049999993,0.08340550154630116,-100000.0,100000.0,0.6177823690422366,0.9645937035317568,0.06805688771734374,32.05252090023072,False,lambda2 edge (100000.00),20
1.808061851341534,4.454547675857281e-05,0.5000000049999993,0.08340550154630116,-100000.0,100000.0,0.5971481102244884,0.9645937035317568,0.06805688771734374,32.05252090023072,False,lambda2 edge (100000.00),20
1.887118446487582,4.954250583560452e-06,0.0010237383045962702,1.3173471669340053e-06,-6.4029724732130795,100000.0,2.2845860016185586e-06,0.0015205338265062783,0.00018371310603159015,1641935083.038142,False,Unstable condition (1.64e+09),20
1.909005481459231,2.9014974545269973e-05,0.0009283818580628256,1.2302086537749755e-06,-7.077947590596355,100000.0,1.61887661847452e-06,0.0014666973550550046,0.00016949999503072617,2169379229.0676217,False,Unstable condition (2.17e+09),20
1.8865119586865,6.462980615332595e-05,0.0010265876546700443,1.3198496731602044e-06,-6.382461824805536,100000.0,1.3196270889282704e-06,0.0015205338265062783,0.00018413350656862684,1628613725.2899387,False,Unstable condition (1.63e+09),20
1.880525609828261,6.12047627093245e-05,0.001055385611180876,1.344822752359089e-06,-6.173968713394216,100000.0,1.4604220925921935e-06,0.0015763464150128732,0.00018836902433471884,1500799624.6899977,False,Unstable condition (1.50e+09),20
1.941820367613907,5.132607210684369e-05,0.000807492839562563,1.1097533290468163e-06,-7.906645766109755,100000.0,9.246761731470549e-07,0.0013163572718182504,0.00015104460161927884,3136391156.711086,False,Unstable condition (3.14e+09),20
1.8964638231030704,7.083948379222319e-05,0.0009813160532938102,1.2794029851234831e-06,-6.705921808664137,100000.0,1.0870001442320405e-06,0.0015205338265062783,0.00017742504327082257,1855956981.8659353,False,Unstable condition (1.86e+09),20
1.7972535154556661,2.9047278079495738e-05,0.0016564606236335096,1.7529897441527891e-06,-1.219893042442404,100000.0,4.023093742271548e-06,0.0021032760754306603,0.00027207580096275097,358614844.6327499,False,Unstable condition (3.59e+08),20
1.8348034196313936,2.8492095115857716e-05,0.0013269580871774515,1.5538817192038481e-06,-4.087612866404447,100000.0,2.8499966129185533e-06,0.0018208491703838258,0.00022721523165049063,735832175.9132515,False,Unstable condition (7.36e+08),20
1.8233486197859918,3.9705100778902286e-05,0.5000000049999993,0.08340550154630116,-100000.0,100000.0,0.6098900864128823,0.9645937035317568,0.06805688771734374,32.05252090023072,False,lambda2 edge (100000.00),20
1.8707729121876688,2.2769114230771104e-05,0.0011051145701404632,1.3866067498763115e-06,-5.808619820960812,100000.0,2.2365284724921834e-06,0.0016342076557635053,0.00019562706109257962,1306702411.9493825,False,Unstable condition (1.31e+09),20
1.9108583731753375,4.4316099320378955e-05,0.0009209144631582911,1.2230994784013176e-06,-7.129931175473748,100000.0,1.3488003551794058e-06,0.001414767033672739,0.00016837469926092471,2218266487.6108747,False,Unstable condition (2.22e+09),20
1.8912488223366493,9.06280564284097e-06,0.0010046521029921178,1.3004356461530512e-06,-6.539827079807795,100000.0,2.1619481643083965e-06,0.0015205338265062783,0.00018089081288978867,1734493174.0242763,False,Unstable condition (1.73e+09),20
1.8439930788248733,3.7937336855555027e-06,0.0012634792626103253,1.5090365538717966e-06,-4.596164786964355,100000.0,3.043541043752242e-06,0.001756379644833265,0.00021830095535011834,860771060.6888876,False,Unstable condition (8.61e+08),20
1.8851819983631128,3.5027297622709886e-05,0.5000000049999993,0.08340550154630116,-100000.0,100000.0,0.6625292863938371,0.9645937035317568,0.06805688771734374,32.05252090023072,False,lambda2 edge (100000.00),20
1.9398505628211657,3.308829724554052e-05,0.0008141373472134282,1.116678324953433e-06,-7.861721657699094,100000.0,1.2398326630456413e-06,0.0013163572718182504,0.00015207275195799173,3072179753.6816745,False,Unstable condition (3.07e+09),20
1.8627611796035453,2.6481369993766855e-05,0.0011488643055637489,1.4220073677620775e-06,-5.481345269229068,100000.0,2.3099883996227376e-06,0.0016342076557635053,0.0002019560260204303,1160125277.9302943,False,Unstable condition (1.16e+09),20
1.874022525789468,4.723719266319023e-05,0.0010881361307513906,1.3725286577716816e-06,-5.934134678261406,100000.0,1.7863284158953558e-06,0.0015763464150128732,0.00019315683656145235,1369447436.9876049,False,Unstable condition (1.37e+09),20
1.8241256523011264,2.116524555893781e-05,0.5000000049999993,0.08340550154630116,-100000.0,100000.0,0.6105410491603779,0.9645937035317568,0.06805688771734374,32.05252090023072,False,lambda2 edge (100000.00),20
1.7723042687942911,1.2868034261710656e-05,0.001965804175055405,1.8970939548149455e-06,1.8460049417123798,100000.0,5.551683118404028e-06,0.002429509440667451,0.0003123001849819755,207417874.97353324,False,Unstable condition (2.07e+08),20
1.9498080035011105,4.181876195886623e-05,0.000781243582411518,1.0820386757568665e-06,-8.083562424314886,100000.0,1.010343127471617e-06,0.0012697499359941257,0.00014696619056354672,3405058636.2672915,False,Unstable condition (3.41e+09),20
1.7503859415746679,9.533995027197542e-05,0.00232875132322054,2.025777462907078e-06,5.9366306336391,100000.0,5.893876290562461e-06,0.0027069817191697136,0.00035748422819374535,122916469.93020503,False,Unstable condition (1.23e+08),20
1.7539959848459625,4.244002642989883e-05,0.0022617068111318054,2.0047713603960016e-06,5.139609563381022,100000.0,6.4279014249377815e-06,0.0027069817191697136,0.00034928896037381206,134301732.221959,False,Unstable condition (1.34e+08),20
1.8934955171941312,9.154532519280441e-05,0.0009944970847614507,1.2913314065707357e-06,-6.61226943808508,100000.0,7.872748733964277e-07,0.0015205338265062783,0.00017938468866229696,1786189317.3936164,False,Unstable condition (1.79e+09),20
1.8925772582864202,4.689894973510117e-05,0.0009986287118130405,1.2950444825502702e-06,-6.582826631927599,100000.0,1.5273871812483547e-06,0.0015205338265062783,0.00017999784370936728,1764945043.70582,False,Unstable condition (1.76e+09),20
1.9448884077968207,4.892618920293773e-06,0.0007972809215666155,1.099039329557711e-06,-7.975574752793015,100000.0,1.6548981315597098e-06,0.0013163572718182504,0.00014946113938612497,3238007811.2658815,False,Unstable condition (3.24e+09),20
1.9473784405076016,8.508976361913547e-05,0.5000000049999993,0.08340550154630116,-100000.0,100000.0,0.716959614430444,0.9645937035317568,0.06805688771734374,32.05252090023072,False,lambda2 edge (100000.00),20
1.9357860034252719,2.622246998565613e-05,0.0008280721917153734,1.1310838905108702e-06,-7.767304520588023,100000.0,1.3891019001583866e-06,0.0013163572718182504,0.00015422355973994205,2942215431.414706,False,Unstable condition (2.94e+09),20
1.7784916144568539,6.66682126578973e-05,0.5000000049999993,0.08340550154630116,-100000.0,100000.0,0.5728538011657834,0.9645937035317568,0.06805688771734374,32.05252090023072,False,lambda2 edge (100000.00),20
1.853171887597224,5.2793628113693565e-05,0.0012051221891879397,1.4657311331646293e-06,-5.052028723365609,100000.0,2.056992469460867e-06,0.0016941927464175109,0.0002100202475124311,999600448.0018736,False,Unstable condition (1.00e+09),20
1.9349238356966434,6.238800975867295e-05,0.0008310679180639274,1.1341601324531608e-06,-7.746969340290875,100000.0,8.079700230627572e-07,0.0013646753726450278,0.00015468499258293624,2915082956.970851,False,Unstable condition (2.92e+09),20
1.812212767020918,4.060658908536973e-05,0.5000000049999993,0.08340550154630116,-100000.0,100000.0,0.600596300073142,0.9645937035317568,0.06805688771734374,32.05252090023072,False,lambda2 edge (100000.00),20
1.7766991670183703,2.0039089987293244e-05,0.0019043612421549595,1.8712902552074186e-06,1.2069732233641277,100000.0,5.171046685244032e-06,0.0023434895091387887,0.0003044433402184333,229315294.23711902,False,Unstable condition (2.29e+08),20
1.7786700140419076,8.12188427799241e-05,0.0018778666288414765,1.85975795256886e-06,0.9360819820424301,100000.0,4.0614708099533986e-06,0.0023434895091387887,0.00030103576222199695,239744689.78168508,False,Unstable condition (2.40e+08),20
1.8909746935944236,5.3504156743474335e-05,0.0010059019867549993,1.3015510744337498e-06,-6.530893139087822,100000.0,1.440809662809582e-06,0.0015205338265062783,0.00018107597026127285,1728250452.8872597,False,Unstable condition (1.73e+09),20
1.824873566725514,6.71809347421107e-05,0.0014020829978066422,1.6040647950131717e-06,-3.468056630205526,100000.0,2.4741880151582967e-06,0.0018876851089914617,0.00023764530933038323,616010681.5784316,False,Unstable condition (6.16e+08),20
1.912581069539152,8.82420883514992e-05,0.0009140481941298716,1.2165250310543477e-06,-7.17762725830714,100000.0,6.141136705936618e-07,0.001414767033672739,0.00016733835307616973,2264321624.064009,False,Unstable condition (2.26e+09),20
1.8594032456412668,8.216862706015039e-05,0.0011680560251675128,1.4371467813826219e-06,-5.335980849878255,100000.0,1.4613405670822536e-06,0.0016941927464175109,0.00020471625504657923,1102083791.8529968,False,Unstable condition (1.10e+09),20
1.852261190682539,4.7978478829601193e-05,0.0012107054115914708,1.4699631339782255e-06,-5.008885668764305,100000.0,2.1532864316969372e-06,0.0016941927464175109,0.00021081614836249236,985185347.3220735,False,Unstable condition (9.85e+08),20
1.92308637112442,3.9251019690201734e-05,0.0008736896053159676,1.177144811252263e-06,-7.456083604782771,100000.0,1.3003631133543617e-06,0.0013646753726450278,0.00016121452812880237,2557849166.892333,False,Unstable condition (2.56e+09),20
1.8291825358081404,3.11862231832067e-05,0.0013685870904017372,1.5820659792458477e-06,-3.746709198839944,100000.0,2.9464543607699365e-06,0.0018876851089914617,0.0002330104933895306,666115605.0790936,False,Unstable condition (6.66e+08),20
1.8537403456589234,5.4940153335256614e-05,0.0012016592257498627,1.4630966586274384e-06,-5.07873863110314,100000.0,2.0110138130498626e-06,0.0016941927464175109,0.00020952619911563118,1008670565.849838,False,Unstable condition (1.01e+09),20
1.8820922290620914,4.361972870084748e-05,0.0010477284772322558,1.3382389996332307e-06,-6.229620057107187,100000.0,1.7245787680683634e-06,0.0015763464150128732,0.00018724519842942095,1533606112.6040835,False,Unstable condition (1.53e+09),20
1.7935674583767198,8.681736417897371e-05,0.0016966339657986382,1.7738201741674004e-06,-0.8427953372570279,100000.0,3.2364055131888096e-06,0.0021804787525874733,0.0002773967251096431,331895577.69552386,False,Unstable condition (3.32e+08),20
1.8192001734476029,9.23713985641773e-05,0.001448451679546156,1.6335501175090839e-06,-3.075800297011479,100000.0,2.224995232857555e-06,0.0019569743220175548,0.00024402088267279042,554335852.4291719,False,Unstable condition (5.54e+08),20
1.791470666605291,5.6445690147386816e-05,0.0017202586382956072,1.7857553915568737e-06,-0.6181506365780699,100000.0,3.824422297168817e-06,0.0021804787525874733,0.00028051174215084875,317421624.8449487,False,Unstable condition (3.17e+08),20
1.8573230187058904,8.303613694477253e-05,0.0011802148149800114,1.4466176745952679e-06,-5.243305187676821,100000.0,1.4853129901148097e-06,0.0016941927464175109,0.000206460008539119,1067120223.8369836,False,Unstable condition (1.07e+09),20
1.777770277350166,9.108378011882868e-05,0.0018898830789202145,1.8650192636173528e-06,1.058596155520425,100000.0,3.9511225339516064e-06,0.0023434895091387887,0.00030258272867320925,234935461.42399073,False,Unstable condition (2.35e+08),20
1.856285634434414,5.902482900752227e-05,0.0011863577361911964,1.451367390321866e-06,-5.196309945338324,100000.0,1.8964868903917846e-06,0.0016941927464175109,0.00020733954496125685,1049966302.0886229,False,Unstable condition (1.05e+09),20
1.8520332586595534,4.566465776790381e-06,0.001212109508731476,1.4710244211566252e-06,-4.998020341847753,100000.0,2.8657655226931777e-06,0.0016941927464175109,0.0002110161821288947,981600150.0683331,False,Unstable condition (9.82e+08),20
1.8494181323613197,2.7091416605022065e-05,0.001228420635617282,1.4832654383273167e-06,-4.871341020046281,100000.0,2.550425032401566e-06,0.001756379644833265,0.00021333632337387223,941098066.322663,False,Unstable condition (9.41e+08),20
1.8185376360755663,6.526105831952686e-05,0.0014540438722540846,1.637031881415883e-06,-3.0279761772674534,100000.0,2.686878361770462e-06,0.0019569743220175548,0.00024478667795173364,547445127.3937558,False,Unstable condition (5.47e+08),20
1.8495394258948212,1.0228603054078585e-05,0.0012276558657420681,1.4826950956779373e-06,-4.877299515536019,100000.0,2.8230066524114093e-06,0.001756379644833265,0.00021322768830217448,942950806.1193067,False,Unstable condition (9.43e+08),20
1.7646082549523519,1.9380111866119664e-05,0.0020818489011341377,1.942436825441716e-06,3.0946201218803484,100000.0,5.960455033933344e-06,0.0025186868126674026,0.0003269699876205849,173325003.7354476,False,Unstable condition (1.73e+08),20
1.7881770293144448,6.122177494016513e-05,0.001758553180176448,1.8046203132594004e-06,-0.2494377658635083,100000.0,3.89860938334273e-06,0.0021804787525874733,0.0002855392987978355,295715258.49846727,False,Unstable condition (2.96e+08),20
1.7855628928091085,8.82902229042023e-05,0.0017900214576406473,1.8196875696971778e-06,0.057812164920778696,100000.0,3.583860752983154e-06,0.0022605152248080028,0.0002896508141114917,279357250.758792,False,Unstable condition (2.79e+08),20
1.7919521321226826,1.0022013097211881e-05,0.0017147830388019433,1.7830095280002994e-06,-0.6704086610644991,100000.0,4.560032488347372e-06,0.0021804787525874733,0.0002797906779891002,320699451.7558722,False,Unstable condition (3.21e+08),20
1.9251492032719293,3.023743003159657e-05,0.000866054380031456,1.169551170870667e-06,-7.508419577867257,100000.0,1.4264322683595648e-06,0.0013646753726450278,0.0001600496304807135,2618067161.246786,False,Unstable condition (2.62e+09),20
1.8350845259667472,9.59436120172318e-05,0.0013249344872837006,1.5524873453087563e-06,-4.104033364091111,100000.0,1.7431092092373377e-06,0.0018208491703838258,0.0002269325139796811,739450540.654201,False,Unstable condition (7.39e+08),20
1.9388738438315547,7.177677203722687e-05,0.000817458041713221,1.1201256063802356e-06,-7.839247232657953,100000.0,6.17692153112103e-07,0.0013163572718182504,0.00015258595673987355,3040638528.674381,False,Unstable condition (3.04e+09),20
1.763787790346511,5.974067241572835e-05,0.0020948978885847822,1.947272414722875e-06,3.238469869856233,100000.0,5.3615059153732025e-06,0.0025186868126674026,0.0003286060821302836,169991412.20432594,False,Unstable condition (1.70e+08),20
1.9478155870084515,9.474470661397408e-05,0.000787689560498405,1.0888976232315496e-06,-8.04019515656818,100000.0,1.6446580487320877e-07,0.0013163572718182504,0.00014797021387126538,3336791072.710731,False,Unstable condition (3.34e+09),20
1.7712004985039886,4.02007630059465e-05,0.0019817683840318598,1.9035892299925732e-06,2.0145276082639056,100000.0,5.175325221223927e-06,0.002429509440667451,0.00031433128568567645,202203779.4326904,False,Unstable condition (2.02e+08),20
1.8131073491805678,1.384308258358565e-05,0.5000000049999993,0.08340550154630116,-100000.0,100000.0,0.6013408321751279,0.9645937035317568,0.06805688771734374,32.05252090023072,False,lambda2 edge (100000.00),20
1.8889596622497522,2.811098807166344e-05,0.0010151621679632765,1.3097802874887119e-06,-6.464580729042826,100000.0,1.8818474514507748e-06,0.0015205338265062783,0.00018244629939680174,1682799218.9089863,False,Unstable condition (1.68e+09),20
1.8189731606250596,9.94552879344038e-06,0.0014503634843583333,1.634742204439624e-06,-3.059463240238741,100000.0,3.5760859818198006e-06,0.0019569743220175548,0.00024428276008443394,551967568.7727926,False,Unstable condition (5.52e+08),20
1.8495935117557332,1.6658618501553595e-05,0.001227315088974415,1.4824408410492173e-06,-4.879953981658347,100000.0,2.717044238218804e-06,0.001756379644833265,0.00021317927650999676,943777815.7223576,False,Unstable condition (9.44e+08),20
1.8364180847158977,1.519087998822685e-05,0.5000000049999993,0.08340550154630116,-100000.0,-50004.51445109998,0.6208751547872895,0.9645937035317568,0.06805688771734374,32.05252090023072,False,Mode at edge,20
1.9407699779900291,1.5353270786517118e-05,0.0008110273023224243,1.1134415149501366e-06,-7.882756469411396,100000.0,1.5207966751373913e-06,0.0013163572718182504,0.00015159172290608603,3102050747.3307242,False,Unstable condition (3.10e+09),20
1.8543774307701266,2.0501002706579765e-05,0.0011977981213870668,1.4601506006780352e-06,-5.108475015804157,100000.0,2.5605020270751006e-06,0.0016941927464175109,0.0002089749913945421,1018901898.1169746,False,Unstable condition (1.02e+09),20
1.7652723606945218,2.102855326536772e-05,0.002071385495757674,1.938522073553918e-06,2.979779318318046,100000.0,5.886186599773313e-06,0.0025186868126674026,0.0003256561311835011,176064446.48889956,False,Unstable condition (1.76e+08),20
1.7609548214780872,1.4800340928977895e-05,0.0021410196597352583,1.963957960663786e-06,3.752539850633663,100000.0,6.306676991495569e-06,0.0025186868126674026,0.0003343674851500958,158902725.07469973,False,Unstable condition (1.59e+08),20
1.8486968315526433,6.552973658469985e-05,0.00123298541171635,1.4866623982966958e-06,-4.835736828633243,100000.0,1.9381327679916135e-06,0.001756379644833265,0.00021398444576646564,930131778.5401999,False,Unstable condition (9.30e+08),20
1.7674679630143566,4.466084376652258e-05,0.0020374123950874894,1.9255788408301797e-06,2.6100041291731952,100000.0,5.3482147544992555e-06,0.002429509440667451,0.00032137821851347753,185387329.09102705,False,Unstable condition (1.85e+08),20
1.8662494045706703,2.418834194489509e-05,0.0011294737782082402,1.4064712642991557e-06,-5.627092684497894,100000.0,2.2876731405904994e-06,0.0016342076557635053,0.0001991573029223712,1222532787.2417045,False,Unstable condition (1.22e+09),20
1.8244156823032052,8.111652103627257e-06,0.0014057273344151439,1.6064224819514417e-06,-3.437502618883747,100000.0,3.4502096109159754e-06,0.0018876851089914617,0.00023814808311268992,610853733.6182473,False,Unstable condition (6.11e+08),20
1.794026216046619,4.720853966597506e-05,0.001691540880840886,1.7712169049447424e-06,-0.8909442317966757,100000.0,3.862585314822093e-06,0.0021804787525874733,0.0002767238237156222,335131789.29028505,False,Unstable condition (3.35e+08),20
1.9480884357850643,9.963024123097421e-05,0.0007868029057967752,1.0879562235690026e-06,-8.0461632589492,100000.0,8.241849679163509e-08,0.0013163572718182504,0.0001478322061327018,3346090605.103038,False,Unstable condition (3.35e+09),20
1.9459243362248575,4.288555224373243e-05,0.5000000049999993,0.08340550154630116,-100000.0,100000.0,0.71567293956735,0.9645937035317568,0.06805688771734374,32.05252090023072,False,lambda2 edge (100000.00),20
1.766136075682933,3.303377028768402e-05,0.0020579086500516343,1.9334304485082675e-06,2.832526863895917,100000.0,5.629660422241543e-06,0.0025186868126674026,0.00032396132460711587,179682739.92143008,False,Unstable condition (1.80e+08),20
1.7975428750741955,2.3985309160756035e-06,0.001653377998667615,1.751363040118635e-06,-1.2485749467025034,100000.0,4.445902252277504e-06,0.0021032760754306603,0.00027166625334386444,360782507.0437183,False,Unstable condition (3.61e+08),20
1.769046722057675,4.586600156985754e-05,0.0020135584719408084,1.9162742350338707e-06,2.353188234823849,100000.0,5.222622612345359e-06,0.002429509440667451,0.00031836344192015596,192348934.63270715,False,Unstable condition (1.92e+08),20
1.8179324927608593,1.8855018441813823e-05,0.5000000049999993,0.08340550154630116,-100000.0,100000.0,0.6053623086533776,0.9645937035317568,0.06805688771734374,32.05252090023072,False,lambda2 edge (100000.00),20
1.8202539958922246,2.4284623835864743,0.08311796663439577,0.03269935355330479,-11.136583601487876,0.5382381976763783,4.352264958550011e-08,0.27314874988108545,0.0172845149862179,12.42786904379025,True,OK,21
1.8392614998045163,1.9639086410524693,0.07222843808535596,0.026814182623235563,-11.198505969735454,0.9700803747361594,1.171162102567519e-09,0.19746904303898868,0.015357564063225295,15.984168808320899,True,OK,21
1.7953750886121276,1.7365568685967299,0.07162946343677334,0.02319228192352377,-10.843820708197649,1.81428885519389,1.0365633463351739e-07,0.1709529944234296,0.015135486466245355,18.810262354884923,True,OK,21
1.789342086294018,1.6098660359135448,0.06950204749851642,0.021426225621826674,-10.774124953785995,2.1485309665613905,1.6369202669237108e-07,0.15906167728844647,0.01469775467258345,20.947115419372363,True,OK,21
1.742621007412013,3.4488935081680627,0.11064587101601532,0.04400855737248685,-10.702421214209497,0.23708446901393548,8.770050544344537e-09,0.5041317283308442,0.021859523665765424,8.175468252261416,True,OK,21
1.7569300459046073,1.6894689062569892,0.07436651636760716,0.02202464184493485,-10.532214328846605,2.364674203377496,1.276614935533589e-07,0.16490018202073972,0.015508015923350923,19.521888348818518,True,OK,21
1.8501675550189103,1.1720130029602043,0.05458227348329698,0.016135498325388554,-11.131524797395919,2.567979724371153,8.175982257964886e-07,0.1281244735501072,0.01192872665291649,32.704023082171965,True,OK,21
1.7991207357774242,3.193055367333061,0.09966819816271638,0.04214460530224933,-11.093538383880949,-0.026240255554433854,2.2236346394908464e-08,0.9645937035317568,0.02004069867933181,9.275183237633147,False,Mode at edge,21
1.7550852424164283,2.8110869804512713,0.09722241086892189,0.03639638958199961,-10.709133420548614,0.7108440608782275,1.6968750741927087e-07,0.28317492523637666,0.01966649673300146,10.18359007214039,True,OK,21
1.732283289631569,3.8850805836955424,0.11987862858596868,0.04899434309863103,-10.679313946107397,-0.006008564924650964,6.701667392429702e-12,0.9645937035317568,0.023300683155306787,7.257498419747827,False,Mode at edge,21
1.7510376007727553,1.7735414393062237,0.07677688861145979,0.023031405088650085,-10.50023743038822,2.2559766482127523,4.6088175428055573e-07,0.1709529944234296,0.015949847967437595,18.172894297558344,True,OK,21
1.7640829869588504,4.609479681052568,0.1290684028235622,0.05852147131861786,-11.018942215916463,-0.7129290611190616,5.685400255026828e-08,0.9645937035317568,0.0245020863486159,6.652284565880827,False,Mode at edge,21
1.831505330759696,4.7875691645350305,0.12478789267722176,0.06251276099619596,-11.516550093286373,-1.3059043342281886,1.0329084710073025e-06,0.9645937035317568,0.02350453648636283,7.024266519212611,False,Mode at edge,21
1.811274728444632,3.6516860441283505,0.10678345862715821,0.04815591633923977,-11.239364399385481,-0.473992158059394,4.3017508899472847e-07,0.9645937035317568,0.02110143595181386,8.322411649791805,False,Mode at edge,21
1.7872043399196704,4.620745293467902,0.12663695940970715,0.05932691872029802,-11.189234338034208,-0.8923895605671837,9.305833195710938e-09,0.9645937035317568,0.024040138616334857,6.834941306728639,False,Mode at edge,21
1.791522800897846,2.4202402831800987,0.08580305163332383,0.03211176763780685,-10.92820152592313,0.8112281346882471,6.457673271425463e-07,0.245150331767351,0.01773356229676783,12.336986190394324,True,OK,21
1.8096525013884732,3.184557973603854,0.09842101713511345,0.04225291214374412,-11.167243371502085,-0.10554988533866991,2.3596416543490449e-07,0.9645937035317568,0.019823119746274407,9.369325083488912,False,Mode at edge,21
1.7373627741433852,2.570901655649718,0.09455047706046323,0.032991331340862684,-10.528323745163101,1.150020207051541,8.000636412989371e-09,0.23647046644150846,0.01918117379057504,11.093297350819523,True,OK,21
1.7638655575532272,4.3873351000445275,0.12516281737440266,0.05589123934728177,-10.989737974217254,-0.5826027443960207,7.853310678979986e-08,0.9645937035317568,0.023959485209041786,6.879995537777205,False,Mode at edge,21
1.7730379579762352,4.2862209305555705,0.12231583655616057,0.05494674169661122,-11.045213761481584,-0.5921536050550753,3.954407307337482e-07,0.9645937035317568,0.02351477900351089,7.074734558941085,False,Mode at edge,21
1.7819345431461324,4.01400225378244,0.11645732151085744,0.05190561891865162,-11.076173973971512,-0.4901808079608568,1.698789779267169e-11,0.9645937035317568,0.022636142330264862,7.505335250909206,False,Mode at edge,21
1.7389394699915666,4.698600878633849,0.13363241210862753,0.05877602064676411,-10.837982559871211,-0.5714496374741893,2.053041281968687e-08,0.9645937035317568,0.02526147061255164,6.344214420185503,False,Mode at edge,21
1.7872783847118485,2.0391929825052255,0.07865774524806121,0.027071963502020367,-10.835613710885822,1.3741951469396012,3.261251711773428e-08,0.19746904303898868,0.01643865630295527,15.172771721520261,True,OK,21
1.753808544891073,2.0603091542998877,0.08250551581902285,0.02679625894120204,-10.57691938527603,1.6955493262545003,8.239624506196641e-08,0.19047739555784998,0.017050746633268922,14.79289384821174,True,OK,21
1.7713413842085155,3.870078130702467,0.11504976736040452,0.04988409320224293,-10.979823838064366,-0.31156500842480817,1.3475128233882437e-08,0.9645937035317568,0.022468171999815326,7.636726043244684,False,Mode at edge,21
1.8529444260061112,3.6761497204945286,0.10302697867157157,0.0493430464960325,-11.525444771764727,-0.8116729709240733,4.056699616788989e-08,0.9645937035317568,0.020378092497181824,8.538297119407764,False,Mode at edge,21
1.7966032779321741,2.7943912320685387,0.09246993359482916,0.037025521428450336,-11.02038951195233,0.35680431663989054,2.86767441587303e-08,0.35155093578990015,0.0188745031377958,10.566195974138582,True,OK,21
1.8359472253852664,4.398628809784279,0.1175335805737885,0.057927085018998764,-11.500186813469965,-1.1283614347436508,2.2474952864766476e-06,0.9645937035317568,0.02250959052590661,7.4238639607585055,False,Mode at edge,21
1.7610252744205945,4.813680994613721,0.13301763168405312,0.06081773919545743,-11.02114463133349,-0.8025025057688235,3.5988507965902085e-06,0.9645937035317568,0.02505745991450338,6.442450883831545,False,Mode at edge,21
1.7753161508488935,4.200312276766111,0.12052819157544185,0.05397968089523676,-11.051224450188684,-0.5570188459584259,4.034383282994459e-07,0.9645937035317568,0.023250237126197764,7.1992892532009645,False,Mode at edge,21
1.8553547829315127,3.814632403422445,0.10526605013183966,0.05113513273070093,-11.558525208306154,-0.921246074145681,1.9212307359948365e-06,0.9645937035317568,0.02069037124488566,8.317296471109362,False,Mode at edge,21
1.742617101703167,3.3445478206957233,0.10870937539305812,0.04273147147477337,-10.687726664168185,0.3233648316040008,5.70882969065963e-09,0.42098453754988246,0.021552606513583133,8.417210373766025,True,OK,21
1.736628797233381,4.156568159475706,0.12426084391071385,0.05235240481395426,-10.750274074468962,-0.22556596019516637,7.235811189518281e-09,0.9645937035317568,0.023939251589316937,6.9105877711349155,False,Mode at edge,21
1.7593841243423436,3.7808592922400743,0.11479092315744145,0.04848838725853016,-10.878107333822783,-0.1538263600662671,8.154032676034265e-08,0.9645937035317568,0.022465464122786785,7.681460882976178,False,Mode at edge,21
1.847412554378228,1.7240394026806896,0.06665469277359812,0.02367604594276014,-11.215707943085631,1.2808358834690756,3.359462805557344e-08,0.1709529944234296,0.01432896571238235,18.83382756136406,True,OK,21
1.7750000974041633,3.588475152294265,0.10952837951551936,0.046531161859866194,-10.970256368008636,-0.14041888379653694,2.3232841827358253e-09,0.9645937035317568,0.021626356647309514,8.169664673500636,False,Mode at edge,21
1.7787522029933303,1.699275766498861,0.07242848143992921,0.02246911217800676,-10.709300408472199,2.080146713493835,1.9038070622337504e-08,0.16490018202073972,0.015226921877089966,19.39352102915566,True,OK,21
1.7240700259836315,2.6263925748078516,0.09716807994865721,0.03339453549904112,-10.425151214571445,1.216148662359105,7.632903085318305e-08,0.23647046644150846,0.01960947667663089,10.684266084745305,True,OK,21
1.8108892637214689,3.2959368326099545,0.10034527142585034,0.04368777115434029,-11.190678746936266,-0.20576961611940556,1.1018037087668559e-06,0.9645937035317568,0.02012181060059818,9.08711953312527,False,Mode at edge,21
1.74187377356649,2.8027737754695465,0.09854579957108332,0.0360007370017419,-10.602001710986777,0.8426660380319134,9.714288823897038e-07,0.27314874988108545,0.01987868569299519,10.095163450582781,True,OK,21
1.7717259464653754,2.0968096091735995,0.08139166243435471,0.02757413584100176,-10.725995711823064,1.4463325875016766,9.928632190705153e-09,0.19746904303898868,0.016901411264069424,14.568372273518747,True,OK,21
1.8220979741404546,2.2386081201087373,0.0792516136386369,0.030230595426973896,-11.121240747251235,0.7523202757428821,3.873757276369278e-08,0.23647046644150846,0.016607113886853993,13.643136055466202,True,OK,21
1.7956198733266242,4.692894141078466,0.12697116827655094,0.06041902584749977,-11.25781505462257,-0.9940480417864739,3.377583240101779e-07,0.9645937035317568,0.024034380872752347,6.835441139606317,False,Mode at edge,21
1.7954986375155015,3.468091640642243,0.10510649083449111,0.045516811785412864,-11.104033417409987,-0.21531566094050056,8.142157958287308e-08,0.9645937035317568,0.020896577214926736,8.579625633118276,False,Mode at edge,21
1.7302544380634572,1.7125365749669452,0.07761705490288295,0.02190679945109806,-10.309171305509528,2.6536748792574993,2.1260956952854572e-07,0.16490018202073972,0.01600674524681085,19.013738009017185,True,OK,21
1.7341331679017358,4.0592517934233605,0.1228100697151637,0.0511236285324435,-10.717518281650767,-0.14116148897721637,7.674523545286477e-10,0.9645937035317568,0.023733684183811353,7.017455799087096,False,Mode at edge,21
1.837028951328358,1.7458211727783106,0.0680125647673833,0.023848443553193523,-11.147319280452521,1.349161949358959,3.621063449038141e-08,0.1709529944234296,0.014564021157873423,18.575385535086138,True,OK,21
1.7506980451292327,2.2928291579711315,0.08755720851739267,0.029729521307783474,-10.591901327121194,1.3771375238712915,4.006121632007407e-10,0.21223166251558342,0.01796856807864948,12.872820650257887,True,OK,21
1.802750866373537,3.487184775200078,0.10468878465629024,0.04591580590323871,-11.158252055605072,-0.2876719584837795,4.519827222823202e-08,0.9645937035317568,0.020812741906098834,8.59105590891825,False,Mode at edge,21
1.816145554195804,4.62077102485385,0.12349052891773245,0.06011432895294219,-11.392198232393831,-1.105732735978945,2.33835674499998e-07,0.9645937035317568,0.023437684884193653,7.059257663050594,False,Mode at edge,21
1.7613056196695154,3.6350359568271027,0.11191465442903607,0.04676211252427512,-10.873417516917677,-0.06357032570796362,4.708088549334622e-08,0.9645937035317568,0.022024052606913782,7.962528774312421,False,Mode at edge,21
1.798361198408877,2.2233489616502684,0.08125064436298891,0.029660903709157627,-10.948123899257991,0.9973658690793606,5.566269553798228e-09,0.2200218203151435,0.016934779827882322,13.670502048141381,True,OK,21
1.8470381261231144,1.38193364783687,0.05948991471716569,0.01900027932068785,-11.151988551073993,2.006531283041592,1.8401695257320274e-07,0.14275746447937215,0.012923517144444084,25.56886517519516,True,OK,21
1.8196801437564873,3.911494852090408,0.11057999976682717,0.05156797049566664,-11.330237408856766,-0.713560337680489,9.767470374224451e-07,0.9645937035317568,0.021624371354458796,7.940440903506725,False,Mode at edge,21
1.8481457138765947,3.0743223694054143,0.09257378976796474,0.041571945388014654,-11.416827663873086,-0.32582493788613853,1.9486009710672622e-07,0.9645937035317568,0.018812343810530482,9.89695432892531,False,Mode at edge,21
1.7650271273506943,4.310962679440082,0.12367117924130727,0.05501678204057916,-10.9888551318213,-0.5456348315667614,7.594685592580271e-08,0.9645937035317568,0.02374331806048373,6.977264883785757,False,Mode at edge,21
1.827913439456535,3.0012624576778815,0.09319210387477715,0.040265472695831306,-11.269891499864404,-0.09948586154976842,8.760921298687576e-08,0.9645937035317568,0.018955980437708783,10.018490173560922,False,Mode at edge,21
1.8275000325887336,2.071502408309043,0.0754490907365751,0.0280934620740451,-11.133479075406656,0.9267065003906656,1.1602268349216636e-07,0.21223166251558342,0.01592973605163525,14.97386855287711,True,OK,21
1.8025308862564855,4.460733819151502,0.12213928935421384,0.057836094512322134,-11.278459658948451,-0.9166518676632548,1.0337396964597817e-07,0.9645937035317568,0.023337573671157862,7.115629915504249,False,Mode at edge,21
1.7645178306463118,2.934199929722973,0.09852726017590388,0.038148849945323755,-10.800785117097453,0.501848845330813,3.855825427108754e-09,0.3270974087798763,0.019888219867090086,9.809033809993577,True,OK,21
1.8531462795842046,4.192847367886946,0.11218422225399706,0.05579956545418586,-11.590008739297573,-1.1370664098374283,6.168311042082958e-07,0.9645937035317568,0.021673867025077113,7.772633920491195,False,Mode at edge,21
1.8441854628462775,2.5409882435617854,0.08299269227528674,0.03455544507214663,-11.317935276567495,0.20378974365265165,1.3568985663941658e-08,0.40607903420484504,0.017257365489375804,11.91554001735143,True,OK,21
1.8595107363488383,1.6102624187352519,0.06327726901932597,0.02225921398108451,-11.279220528233072,1.3663968644379512,6.033545139307043e-08,0.15906167728844647,0.013707897762490344,20.520350200234233,True,OK,21
1.7926278816502832,2.9170935291849975,0.09519815486412307,0.0385148459323554,-11.00877500269159,0.2727180522173316,4.994032671075484e-07,0.40607903420484504,0.01932806738548106,10.083645263981806,True,OK,21
1.831780506712019,4.634471090060048,0.12209155844440066,0.060681454128115306,-11.500277998250267,-1.2272957472609858,1.6870057208149915e-06,0.9645937035317568,0.02314795036080078,7.160046891070767,False,Mode at edge,21
1.8223595127671284,3.507264944521211,0.10302736892424802,0.04658839679317458,-11.297795340366868,-0.4573461023387541,6.311681485910724e-07,0.9645937035317568,0.020499382358529085,8.681154751084351,False,Mode at edge,21
1.7798400867187905,3.0413036683029366,0.09888334275373516,0.03982540623819935,-10.931984312581331,0.2676685712865821,1.165798409142507e-09,0.42098453754988246,0.01994029918905414,9.5780067849584,True,OK,21
1.791302043851475,1.0814738947375107,0.05724848031061482,0.014361329964640545,-10.671228490047794,3.767759272967528,1.521594783672816e-07,0.1281244735501072,0.012198575569066877,39.299852447786755,True,OK,21
1.7904264126758749,4.423883200696499,0.12281105722785465,0.057070204373336,-11.188327094180583,-0.8052547932887723,3.1174364669995214e-07,0.9645937035317568,0.023497361240584123,7.060441843614673,False,Mode at edge,21
1.8192983615599148,4.182834488500019,0.11544797711404195,0.054893296196723985,-11.36100798326759,-0.8795178750855493,2.1918028043011096e-07,0.9645937035317568,0.022318133144353703,7.559976612861856,False,Mode at edge,21
1.774667898567593,3.1158929476518322,0.10083805092031073,0.040651552049338666,-10.903741411777588,0.24509164841293857,1.4006021692578545e-10,0.45245698729559714,0.020261637083747036,9.310711352461068,True,OK,21
1.7246876996595941,2.5319917686773743,0.09523401952727044,0.032226985645742515,-10.414750733386441,1.326621136539797,6.861619865294619e-09,0.22809792300069667,0.01927062728886743,11.166724735268305,True,OK,21
1.7864182462849703,2.0208355983963266,0.07837010089925428,0.02681773444592252,-10.826008936826037,1.4118661730878184,3.607966104425139e-08,0.19746904303898868,0.016383067964399863,15.346784700234336,True,OK,21
1.724373737058691,3.7616324351158084,0.11859006061289701,0.04728820091450929,-10.597773482571476,0.14990636137136037,7.839425075869343e-10,0.6488332124281883,0.02312049635575932,7.382381074442749,True,OK,21
1.7809122851188381,2.662712772448937,0.09158916504099084,0.0350399462976197,-10.885585539649727,0.6322057038686036,5.874105027707071e-08,0.28317492523637666,0.01872556138766727,11.016426660003704,True,OK,21
1.7549981455639911,3.1513215959920684,0.10367947593734592,0.040648262720235404,-10.758153613167615,0.3834407754461646,2.2023185106551693e-08,0.37783258790021296,0.02073567664736566,9.040711807645804,True,OK,21
1.7813237493779024,2.895937892116364,0.09598866371099428,0.038018598346684085,-10.922512300531414,0.39079105477396614,5.646457079196296e-09,0.35155093578990015,0.01946454399599498,10.07758933477496,True,OK,21
1.8013219887810936,1.0252985889589414,0.055028456364666176,0.013694071305760863,-10.735170150852323,3.861834347334323,3.330563242467124e-07,0.12358806045475453,0.011782595829360039,42.71524534700243,True,OK,21
1.8470774264953793,1.284349587780325,0.057349245855353254,0.017658571764163116,-11.133093803612278,2.265932499855482,1.3550760176521659e-07,0.13282739984823985,0.012488589781150018,28.49615472443486,True,OK,21
1.7831294646242393,1.8294915009575257,0.07475242480994987,0.024251034551514162,-10.767467609128483,1.7738622389155194,1.6247459988522842e-07,0.17722798085608837,0.015691808302165645,17.501154872646346,True,OK,21
1.7933295317117826,2.1209204351885513,0.0797072260532355,0.028238715597393667,-10.894516300758154,1.1899857604661068,3.4357182835708216e-08,0.20471732535260898,0.016645872763907346,14.46150007121353,True,OK,21
1.8404009097287646,2.585439335849681,0.08419206707154057,0.03507994085325368,-11.298457342392236,0.18994809328807846,2.1377009377521504e-07,0.42098453754988246,0.017462439814133673,11.68856523322563,True,OK,21
1.8094257778075813,1.9955189125915158,0.07562652241492554,0.02682731888872379,-10.992332200475579,1.2165783518557372,3.0600498365512344e-10,0.19746904303898868,0.015930433419363833,15.65842965346502,True,OK,21
1.7227168610691623,2.6166181424531043,0.0971339315102112,0.03324174972335821,-10.41189193274445,1.2416844780195402,1.540739168926298e-07,0.23647046644150846,0.019600188604690077,10.716787983671267,True,OK,21
1.7951081085381606,2.838188605047001,0.09345267950948617,0.03755713707360581,-11.015731339745752,0.3268152552096283,2.6604940799865754e-09,0.37783258790021296,0.01903849400754368,10.38752219217379,True,OK,21
1.8546820109346405,3.8273566953841134,0.1055584514393106,0.051281025332186245,-11.555647835201489,-0.9243716114612847,1.890403811474397e-06,0.9645937035317568,0.020735626244029744,8.293081708964767,False,Mode at edge,21
1.8593937720875555,2.180240361255888,0.07467884175833579,0.029982546515082288,-11.368499991480087,0.48446757063134155,2.754144267986332e-10,0.25414879950984415,0.01581636722033488,14.115695720883572,True,OK,21
1.8304674591450005,3.2222338701864555,0.09701443333953712,0.04314243972448137,-11.316610783824126,-0.3043674521370091,2.398964878191419e-07,0.9645937035317568,0.019553478546938185,9.395395828013003,False,Mode at edge,21
1.80564644962279,4.943412801769311,0.13024504252723282,0.0636622027566206,-11.357940096481887,-1.1986254599447375,7.399742043710181e-07,0.9645937035317568,0.024400357777889264,6.70612318550402,False,Mode at edge,21
1.8115582079651564,4.595267569347671,0.12353190878506784,0.059687569647380756,-11.357505058428346,-1.0581812971614148,1.3863171484929974e-06,0.9645937035317568,0.023472436330424454,7.049176240797486,False,Mode at edge,21
1.8216050328606948,1.5095444868990002,0.0644142874421138,0.020471376618474875,-10.995367111085063,1.9968950734921285,7.864940918696067e-08,0.15342989238563604,0.01381771242817612,22.796411830552323,True,OK,21
1.8179193194451237,2.937262354741928,0.0929939362030581,0.03925854095260226,-11.191964825293105,0.04007085422587833,3.8560885718132416e-08,0.9645937035317568,0.018940742616263623,10.173324992030096,False,Mode at edge,21
1.848631719017528,4.227337788761821,0.11324038401085387,0.05612399346504997,-11.56427457953832,-1.1238085531122928,4.372763749111927e-08,0.9645937035317568,0.02184609974776798,7.702361816207805,False,Mode at edge,21
1.7345788562650115,1.5356625746142338,0.0732167876585952,0.019684480721238143,-10.307983220002104,3.0435370799047647,4.261922284788584e-06,0.15906167728844647,0.015158375470300871,22.498702209646765,True,OK,21
1.7297455402518047,2.9729794989784697,0.10321376027066916,0.037835882432031426,-10.528092966582834,0.7804031788977573,4.064572143624784e-08,0.2935691205525822,0.020653930300041815,9.351137058196661,True,OK,21
1.7313080462890293,3.894713346298776,0.12017209237950233,0.04908100615707134,-10.67272454210782,-0.004740150888613896,1.9919943779102106e-10,0.9645937035317568,0.023347199639549142,7.232798954030565,False,Mode at edge,21
1.7973302014030605,4.343540070212569,0.1206348168461043,0.0562899442788989,-11.227575069600096,-0.8102945322395877,1.274386606871264e-07,0.9645937035317568,0.023158485391619604,7.203919025005097,False,Mode at edge,21
1.7591714104139844,3.076563136644563,0.10180689701685795,0.039813751397763594,-10.779971004720307,0.4146972870138953,1.7263288331990808e-08,0.3644549352776552,0.02042905425264215,9.298688206194864,True,OK,21
1.7364471560274761,4.538440010601121,0.13110236731318942,0.05683360349811556,-10.798137052822577,-0.45996219661070964,8.315972519194324e-08,0.9645937035317568,0.024920777103003788,6.473000161387813,False,Mode at edge,21
1.7445006947205774,1.40944900540162,0.06932872995832681,0.018181255637113,-10.36520818931207,3.271915993101352,1.4905520882946375e-06,0.14799750812873955,0.01443245726776684,25.797556023914126,True,OK,21
1.674858601748941,1.7093472330844721,0.08374904682628188,0.02086544341797228,-9.769583121115268,3.4649313007400164,1.8653850520713567e-07,0.16490018202073972,0.01684915220853138,18.498801194027717,True,OK,22
1.657988469706396,1.4216412422572489,0.07887670078795976,0.01696527851119617,-9.493201742837043,4.732263593089804,1.337401104265416e-07,0.15342989238563604,0.01572713322442023,24.847052402621152,True,OK,22
1.7668508211045713,1.6266217407243067,0.0720179609117518,0.02134302731579462,-10.600405014132706,2.384120207290427,1.2864015986979068e-06,0.16490018202073972,0.01509367886974555,20.657127647895614,True,OK,22
1.6723103507233823,0.592435997566418,0.052433755828887874,0.006913265170684253,-9.239999899552446,12.524691084082177,8.564624093220818e-07,0.09602569863053698,0.010356328548241516,131.72990699980463,True,OK,22
1.7162970852412769,0.8037280178668191,0.056017137159705445,0.009970770269445116,-9.897140309680927,7.305247187370552,8.742554187769732e-08,0.11091998054597198,0.011437091658904804,71.90974489657667,True,OK,22
1.7588760375323695,1.0350391994831316,0.058851506695660735,0.013417735336969251,-10.388846431443351,4.560695576517821,1.5220774190190952e-06,0.12358806045475453,0.01234030528499263,43.49062856454596,True,OK,22
1.7163901699756323,0.6702273996525677,0.051690051301739995,0.008259422806346825,-9.826364863903633,9.014300786753285,2.859026732752237e-07,0.10320449904927852,0.010513914227032064,102.68366972948846,True,OK,22
1.7364835487131927,0.778286284447861,0.053554417246894435,0.009825646944168894,-10.088003032966723,6.990398592849771,2.3963888430933656e-07,0.11091998054597198,0.011052340741512845,75.58584086968905,True,OK,22
1.7554275623555393,0.6067532338218405,0.04659152751545595,0.007725133583483441,-10.183127751492618,8.639243720920893,9.481690966039717e-07,0.09602569863053698,0.009670178651844927,121.28888861550293,True,OK,22
1.805902080687825,1.5267904678787176,0.06618422043585818,0.020521437742270124,-10.883273048982304,2.1415716112059946,3.5033545238189905e-08,0.15342989238563604,0.014109146062382975,22.54407920575068,True,OK,22
1.6708940265280274,0.5211419681927837,0.04968772694451029,0.006030911026759574,-9.15136656908757,14.649525432614967,1.2446264610683779e-06,0.09262578427625402,0.009773809160744423,169.28500482422893,True,OK,22
1.6968586916748871,0.7292198960783112,0.05528268784204819,0.008837144574704879,-9.644919216967027,8.85717520468213,4.251318903888121e-07,0.10699271483050952,0.011137666043183914,87.6147772030343,True,OK,22
1.6771299266303228,1.809125387656834,0.08573520360958158,0.02215611805378119,-9.819089781839466,3.1718836373760313,2.93805906500371e-08,0.1709529944234296,0.017257327282736403,16.960204324809332,True,OK,22
1.7425447922086443,0.7646864795433492,0.05264942227631289,0.009699931032205676,-10.140170702169648,6.9636065842052695,3.293127191033753e-07,0.10699271483050952,0.01089869050956212,77.84769047824366,True,OK,22
1.7346320981168664,0.8836709801374898,0.056827715609313344,0.011183168053251508,-10.115119727673203,6.074228247128306,9.639448696316701e-08,0.11499140015101728,0.011742166588104258,59.26783094146485,True,OK,22
1.8059541469408753,0.5491358453955428,0.041228829115075666,0.00725653810622016,-10.600346162129012,7.926352603810737,1.0470790292621563e-07,0.08934624829756561,0.008783874900243195,138.18983973900865,True,OK,22
1.7644941317685285,1.6594955392871409,0.07296421491991151,0.02174231784371146,-10.587999222139349,2.3381902949352766,2.5829200659283745e-07,0.16490018202073972,0.015268857520862362,20.05603574334645,True,OK,22
1.651417669872809,0.7578040463470274,0.060352616010907176,0.008717277442453167,-9.08366831495971,10.281755733088936,2.864611791850811e-07,0.11091998054597198,0.011836932107007796,80.73047165459357,True,OK,22
1.7053321320476726,1.8022322397936017,0.08230669136505052,0.02261969781361926,-10.100020778979436,2.7827166172026154,3.342208139791387e-07,0.1709529944234296,0.016777516004994067,17.41040889402185,True,OK,22
1.7312899895311449,1.4829602750109356,0.07234869284903409,0.01895241714292586,-10.266105125129618,3.2427312079859036,1.2424126222619058e-06,0.15342989238563604,0.014963160754137658,23.76971934998843,True,OK,22
1.7731121820276632,1.7421841825062798,0.07389255914574595,0.022954657193031427,-10.673160254297068,2.057446519484471,1.7463470127385928e-07,0.1709529944234296,0.015488074342392456,18.712640416103856,True,OK,22
1.7209683723242257,1.263189708160222,0.06814642830847786,0.015958037973495327,-10.112715970598606,4.180743766672389,1.743707789046821e-06,0.14275746447937215,0.014032603028064765,31.055326647987023,True,OK,22
1.7620609957049225,0.8950135381034396,0.054842293636067345,0.011589868372276782,-10.370683075496325,5.358165097880686,7.016748605397908e-08,0.11499140015101728,0.011502198568743021,56.640671759170054,True,OK,22
1.7852632551821392,0.5311802367137624,0.041952352386982125,0.006903519998741921,-10.41311915294468,8.938486065908249,3.645896635767599e-07,0.08934624829756561,0.008830277288693693,152.4351396645956,True,OK,22
1.673281172375653,1.7002999145547548,0.08372935068661809,0.02072113489201635,-9.75017932361426,3.515221078628208,9.432561362157069e-08,0.16490018202073972,0.016832983086612043,18.632540029994953,True,OK,22
1.6978438960217543,0.7247492490384589,0.055049862917779246,0.008790052795671943,-9.65353604886968,8.884257180434973,6.416394622595085e-08,0.10699271483050952,0.011095685445722953,88.65592148687742,True,OK,22
1.6717483084709386,1.2961346029041043,0.0741247544794474,0.015645320831444678,-9.611251845435206,4.992772625143675,1.2637898655752664e-07,0.14275746447937215,0.014877534371532063,29.46470545536854,True,OK,22
1.783850859988648,0.605976073656666,0.04457321313115359,0.007896577719740963,-10.440922716864268,7.72749621760501,4.3433158732896106e-07,0.09602569863053698,0.009398888226583833,117.46986670375972,True,OK,22
1.6451817545511902,1.1977522037552646,0.0745027834190244,0.01398454144535456,-9.246076969573135,6.156254895698075,7.619957902061931e-08,0.1377029513689611,0.01470959122425978,33.53620427782489,True,OK,22
1.802551860559118,0.9185147051211896,0.05221524106278961,0.012254442132541992,-10.714565353909858,4.403094202535271,2.1095361607337944e-09,0.11499140015101728,0.011183953675932343,51.820310741423064,True,OK,22
1.8030589916413984,1.831521764885002,0.07288251141756646,0.024560056667352472,-10.918047403995162,1.553610261408275,2.5307727614495334e-08,0.17722798085608837,0.015400079055872021,17.49681967604862,True,OK,22
1.6881329629858768,1.7254220963842202,0.0825583547372778,0.021325567269631026,-9.912607824362947,3.2159261420239846,2.3187144945497616e-08,0.1709529944234296,0.01671235583195771,18.405567297334326,True,OK,22
1.7565974414366992,1.2677335833571357,0.0648355873023066,0.01647293561341818,-10.434194264650179,3.5690039961025652,8.641219163572355e-07,0.1377029513689611,0.013583393234181357,30.626512825204415,True,OK,22
1.7118957443172886,1.723254133888185,0.07983201892530609,0.021732609320097747,-10.144260528358673,2.877194736349531,8.432042063031061e-07,0.1709529944234296,0.016333569619583856,18.695658867442855,True,OK,22
1.7748235035581537,1.6354045039138387,0.07143455753718472,0.02156999203554552,-10.665925091186004,2.2659575050639487,9.69643730392127e-07,0.16490018202073972,0.015015473351411072,20.494800787264005,True,OK,22
1.8097035117066003,1.2177686914120758,0.05894543570188504,0.01638706539341078,-10.847068085638597,2.9620279187118133,2.555835729582736e-07,0.13282739984823985,0.012653953524425252,31.816691561185316,True,OK,22
1.7771769062293856,1.7937175504752176,0.07458513800272974,0.023692985379093787,-10.714791594877509,1.9082080255987126,1.0256543737600106e-06,0.17722798085608837,0.01563792739082304,17.97057747208981,True,OK,22
1.6759724388471262,0.5630996630795915,0.05098634792271533,0.006584468026438714,-9.262662366273663,13.08257897148063,2.11074254688056e-06,0.09602569863053698,0.01008084858729072,145.67323069018988,True,OK,22
1.7088072283720586,1.785105026655164,0.08154083664850503,0.02246583121844558,-10.129129127786888,2.774263878744245,3.63126296801895e-07,0.1709529944234296,0.01664944624363193,17.697101962902135,True,OK,22
1.6891475578030666,1.5500152311011361,0.07840794610014733,0.019132804815735267,-9.87783508586981,3.69703589237828,1.384564344434844e-07,0.15906167728844647,0.015892762612847017,21.859147659264853,True,OK,22
1.6412491836409246,1.0330466484803567,0.07023299254898882,0.011916109748664283,-9.1126783563609,7.464850472486357,8.163272632090417e-07,0.1281244735501072,0.013790226657110287,44.1582922788404,True,OK,22
1.7446378381088856,0.6946357851085053,0.05029173412223436,0.008800072546095345,-10.126743928553479,7.7173824785222465,5.831365807239076e-07,0.10320449904927852,0.010403482440902797,93.78931994194032,True,OK,22
1.7924231750650639,0.7344109656756188,0.04792424674705943,0.009681471712316665,-10.570257121018331,5.982193195743325,4.6935475184507624e-08,0.10320449904927852,0.010186695092545191,79.68659403403176,True,OK,22
1.7946649026506791,0.824583963024462,0.05031326339977644,0.010917394223883343,-10.621491594419506,5.175899503968699,1.679203313909019e-07,0.11091998054597198,0.010723580870621568,63.773616349767195,True,OK,22
1.809027374565693,1.4071230699433863,0.06328713699480354,0.018944584490021045,-10.882753131274596,2.402250199620333,1.736727551248157e-07,0.14799750812873955,0.013541578151440217,25.414117358878855,True,OK,22
1.6543386320545128,0.5979158517179898,0.054171297339197996,0.006817411040422815,-8.989800621534187,13.416734021988471,2.4566112878102336e-11,0.09955040995908344,0.010580301322119267,128.3070420185948,True,OK,22
1.6527366883641097,1.384839120936428,0.07856669716502562,0.016413848374526783,-9.416553201422811,5.000701812601219,3.2163224996015786e-08,0.14799750812873955,0.015615386909305357,25.922096069558986,True,OK,22
1.7776284643956555,1.1044441126557585,0.058980419379002724,0.014534627492139914,-10.567023236863609,3.8901392001596,3.1215633061105157e-07,0.1281244735501072,0.012485319702872142,38.293710482425624,True,OK,22
1.7156220790779164,1.383931555496942,0.07162512397286004,0.01744094836289848,-10.095649129841972,3.810296114181549,7.06725804408174e-07,0.14799750812873955,0.014710954848278794,26.583265694762463,True,OK,22
1.7306169028136804,1.5320925996519053,0.07354366726118197,0.019579565138313403,-10.271787569213062,3.1101636130669403,2.0217783055193354e-07,0.15906167728844647,0.015199750459815958,22.56703177877911,True,OK,22
1.7202035724277145,1.5707910275961012,0.07551016233517967,0.01991764120309767,-10.186134636745109,3.153234398758347,2.79860577239656e-09,0.15906167728844647,0.015528481849954888,21.648729516872642,True,OK,22
1.8095428262329278,1.0254467633731474,0.05436634973848386,0.013769208016356654,-10.798871695019919,3.7266689499214114,1.280369125343333e-07,0.11921226494635856,0.011686590914469322,42.36304435672497,True,OK,22
1.6420766286956094,0.6884375683274822,0.05874829499023774,0.007776807961919973,-8.888125952582136,12.008513868467308,1.987921643131981e-06,0.10699271483050952,0.011424810881797219,96.67210411308533,True,OK,22
1.734097411447782,1.0163866807169781,0.0605554533492006,0.012910046019358853,-10.159110231912319,5.160154984745277,6.549537762608517e-07,0.12358806045475453,0.01253349725200587,45.615647538258635,True,OK,22
1.7997970409298487,1.4411691351610745,0.06486157134126912,0.019298411656989534,-10.820285349641127,2.428196703751253,1.3910935825253536e-07,0.14799750812873955,0.013818703208851545,24.6049048455322,True,OK,22
1.7284603816141295,1.697059251908028,0.07746621025306241,0.021677764796472626,-10.289864873175677,2.7138905535515097,9.574613707620407e-08,0.16490018202073972,0.01596693014618663,19.26315138355855,True,OK,22
1.683960278078346,1.7296078104235395,0.08313771209172378,0.021297837707878797,-9.870781502338746,3.2685099489186533,2.5488941955506867e-08,0.1709529944234296,0.016796622690804862,18.282871461839935,True,OK,22
1.6405203878268957,1.4295160432035765,0.08117540942571175,0.016725604494824044,-9.277685496647287,5.076571752311202,4.941917199761219e-07,0.15342989238563604,0.0160286678221142,24.270126675049617,True,OK,22
1.7989087156777825,1.681789928050805,0.07014248665921459,0.022509862515805553,-10.860329968622908,1.883916648232213,1.5822507983853096e-07,0.16490018202073972,0.014860172247518464,19.663318958557124,True,OK,22
1.785117812665051,1.0954320427572508,0.05811544506166132,0.014488968859791066,-10.625463509653809,3.806670012318584,8.108429328520738e-07,0.1281244735501072,0.01234658837682282,38.628595298050975,True,OK,22
1.7801206208370215,1.3262474975454,0.06404581804788304,0.017529055940558015,-10.642318588448434,3.020309812410892,1.8577444493772445e-07,0.14275746447937215,0.01355592634324289,28.203246980696512,True,OK,22
1.7451518402055437,0.5883730090037053,0.04669370308410467,0.007415995679164618,-10.072888673380035,9.32673272222568,3.766444682672076e-09,0.09602569863053698,0.009628910853358007,130.2307324695392,True,OK,22
1.6742637885196465,1.326446623270329,0.07462076400915345,0.016065861002943396,-9.650201192756532,4.801914746806598,7.202723849193687e-07,0.14799750812873955,0.015001298212716773,28.310407028890726,True,OK,22
1.6499961798299945,1.6121702098815698,0.08449961188657529,0.019154131688193455,-9.458317962072995,4.189075073426608,6.572557123421474e-09,0.15906167728844647,0.016789383214796928,19.91752245677479,True,OK,22
1.7828096914487233,1.8805435419422074,0.07584607358228435,0.024919124378391094,-10.77416564777816,1.6849042150759468,4.442940433958081e-07,0.1837332964202303,0.015898763531474017,16.859636059432393,True,OK,22
1.6573006380605668,1.9095803720342002,0.090429166517768,0.02296761033847413,-9.627115567952204,3.2348013241758813,4.03367573029858e-09,0.17722798085608837,0.01802195599058513,15.308683923753017,True,OK,22
1.65149540129698,1.211084323891723,0.0741464462330327,0.014254965730509475,-9.333961033121524,5.910851793913141,1.1989182297577425e-08,0.1377029513689611,0.014697057283082949,32.98943930057645,True,OK,22
1.782842673506728,0.6054667078466831,0.044625911382426,0.007883569396264362,-10.431872906331899,7.765941881365893,4.529105203813128e-07,0.09602569863053698,0.00940460657763978,117.82901452839366,True,OK,22
1.6430992824081272,0.537421578059976,0.05266536568896727,0.005991713396705624,-8.746848253477552,16.029095371028898,7.823594065623124e-07,0.09262578427625402,0.010181363695277801,156.44101534107634,True,OK,22
1.7269159407041257,1.7173951168949944,0.07807812937147057,0.021914182147281046,-10.280495995128584,2.686657748863626,1.8597798968393444e-07,0.1709529944234296,0.016078392668639637,18.911166438743404,True,OK,22
1.6616625340823419,0.6869153811193109,0.05688702789449553,0.007967379477854699,-9.173484817738533,11.030469034284632,7.145548415610782e-08,0.10320449904927852,0.011202185471519502,98.24480435159067,True,OK,22
1.7366529653584646,0.8514434012178855,0.055723537380667515,0.010781809143523226,-10.121395961685336,6.292447750537016,1.3848266008176046e-07,0.11499140015101728,0.01151965774098531,63.53939186409463,True,OK,22
1.7641363349746286,1.9244530822651247,0.07862545583435375,0.025205668689346823,-10.635764617875994,1.8129644326597278,1.0414077325829506e-07,0.1837332964202303,0.016359407534092128,16.272484448203542,True,OK,22
1.7702256791220703,1.8157630495683748,0.07573569365785308,0.02387889552707498,-10.664203226181735,1.9450759115368157,1.1498353135154014e-06,0.17722798085608837,0.01583190509192404,17.650843121787922,True,OK,22
1.728329629787184,1.7484789563263,0.0786087147103854,0.02233786045381175,-10.299795953992078,2.5966790653387357,6.223072462917777e-07,0.1709529944234296,0.016190305649817785,18.4215791225046,True,OK,22
1.671093541277736,0.6025218355934411,0.052923855123723426,0.007026129680027955,-9.23244167011234,12.344569253801408,6.471874193450484e-07,0.09955040995908344,0.010449541415658497,127.39633664448561,True,OK,22
1.7515120287211967,0.5779287556370839,0.04587488085107587,0.007321444952983007,-10.128741191673429,9.281239508482551,4.7892214566075154e-08,0.09262578427625402,0.009490747196764127,134.14751977363682,True,OK,22
1.7917218412537457,1.5373312206611278,0.06770847060422584,0.020489285489751242,-10.778122750162447,2.287645254806339,7.049010529000864e-08,0.15342989238563604,0.014352979958564738,22.397293796403154,True,OK,22
1.801874123319515,0.9708299844698535,0.053614337222048426,0.012959658493737002,-10.724441892959298,4.124979420979764,3.597217920964949e-07,0.11921226494635856,0.011482269451373227,46.975717825749356,True,OK,22
1.7226469125642756,1.6125355475676786,0.07619757496862457,0.020494192267940085,-10.218394380420444,3.005188748570033,1.4504116676371148e-07,0.15906167728844647,0.015681127049354624,20.791785092180376,True,OK,22
1.6812724275283395,1.3127732301675004,0.07350526727148199,0.01600816345102344,-9.723579613985036,4.719414759764506,7.406794461487594e-08,0.14275746447937215,0.014831528027879612,28.90694534132485,True,OK,22
1.7521094367509313,1.9682129816705618,0.08077871623083302,0.02557627934561918,-10.546318279637696,1.8706631275456795,2.240156716489585e-07,0.1837332964202303,0.016720402106788528,15.716045350340995,True,OK,22
1.7665995600212054,0.6771962754186109,0.048085861545693366,0.008732663365432615,-10.32267347369207,7.281328429567914,4.999649561800979e-07,0.09955040995908344,0.01006458460030616,96.40705320187166,True,OK,22
1.7208066867351628,1.3831561744843581,0.0710768144069949,0.01750718532379902,-10.144529889199672,3.7274545168882764,1.5665671698581697e-07,0.14799750812873955,0.014635053979637542,26.617287957532582,True,OK,22
1.6649259342869398,1.1479490854716174,0.07093691500899378,0.013690860556221741,-9.474794455265462,5.947327551074054,4.865159309830874e-07,0.1377029513689611,0.014158059587427501,36.65077189731001,True,OK,22
1.6882809887770898,0.678241313393039,0.05426338296518295,0.008117442285308835,-9.511211440041082,9.987610276431091,3.5896336642002724e-07,0.10320449904927852,0.010858538411760406,101.15611819218955,True,OK,22
1.7270471286887872,0.7484496215185181,0.05339540058801384,0.009355861609182397,-9.980216586649426,7.597391366071993,6.318406223317162e-07,0.10699271483050952,0.01095285188141243,82.1255146063169,True,OK,22
1.740391359459573,0.7545453983627981,0.0525099510089691,0.009549196629596595,-10.114853588338743,7.13339986052451,3.4775377118292147e-07,0.10699271483050952,0.010854060827559065,80.04147046578164,True,OK,22
1.7630111370124797,0.7928624345445057,0.051866894130584,0.010240886308179441,-10.340720168266847,6.153234794109159,1.1312391627851865e-06,0.11091998054597198,0.010864701308658393,71.21981099177488,True,OK,22
1.7923684671319455,0.5393140348232133,0.04177317580552728,0.0070511878485812925,-10.479846986309989,8.539841187604583,3.817656841777137e-07,0.08934624829756561,0.008830102105426833,146.35200752330414,True,OK,22
1.7287395557977752,0.9801571488298204,0.060053851548640985,0.012379785970267917,-10.095366426716435,5.5064615945317765,8.221531047219812e-08,0.12358806045475453,0.012388476980943034,48.917918040326754,True,OK,22
1.6782630093816804,1.207404168747722,0.07110690378792682,0.014636440160335312,-9.653637599773676,5.291040779705329,1.42431379057062e-07,0.1377029513689611,0.014310687600786525,33.545315457918804,True,OK,22
1.7831433211751244,1.872915808289973,0.07565505754888033,0.024823605304916625,-10.77536963901695,1.694835606003362,3.8884808445024733e-07,0.1837332964202303,0.015863654108750853,16.95307630782598,True,OK,22
1.6915522650851338,0.7313654331426069,0.05580911497815468,0.008813769735949632,-9.58464250614893,9.023656251788154,1.0656310634451543e-07,0.10699271483050952,0.011209185642459556,87.19798667221761,True,OK,22
1.7624238760862723,1.3729980881839825,0.06676173255273325,0.017936321902006423,-10.508982100596066,3.124582880887818,1.4114706270029389e-07,0.14799750812873955,0.014014516112224807,26.831637881508225,True,OK,22
1.6741727452751851,1.640443682131155,0.08224108207472157,0.019991882554631076,-9.743797154557518,3.671570289829154,9.818349171155588e-08,0.16490018202073972,0.016544097501868426,19.750020310552944,True,OK,22
1.728218173991164,1.4800927992611113,0.0725961131384516,0.01886995379420369,-10.237659731082081,3.2970459916568804,2.6516254935646165e-08,0.15342989238563604,0.014993629499780479,23.83595746899657,True,OK,22
1.701087635773776,1.158646341953564,0.0674672392977686,0.014345570716831407,-9.882793242819487,5.052468383356561,1.3588968761780284e-07,0.13282739984823985,0.013741295028164693,36.236076421228766,True,OK,22
1.6706581567237402,1.6347738014680115,0.08252442725770297,0.019852706901162274,-9.703780351752625,3.7476236803813463,4.845535659350913e-08,0.16490018202073972,0.01657237703171185,19.80987811205359,True,OK,22
1.6666919251058046,1.667453892126592,0.08375994776200558,0.020180366822603088,-9.668799659235738,3.7180078444563702,1.8710145852576023e-07,0.16490018202073972,0.01678624447735119,19.123699165652344,True,OK,22
1.7617210996838422,0.7592709158523656,0.0509749837009933,0.009785138905549154,-10.31538140811056,6.503920275355119,1.9886785945450702e-07,0.10699271483050952,0.01066271813050296,77.52235469263937,True,OK,23
1.6527191903282237,0.30947655197633983,0.0408110595404858,0.003381979549217838,-8.531140691626652,29.56252390884578,1.5120057627463313e-06,0.07196856730011514,0.007821550390885938,460.3845787320949,True,OK,23
1.715567283990854,0.615767159780956,0.04985772229333581,0.007557152514322532,-9.78299018167773,9.977535150998833,2.990048034869427e-07,0.09955040995908344,0.010117348635476756,121.46833909914501,True,OK,23
1.7786910939116671,0.4068256735222671,0.03766600144908156,0.0052165437316234135,-10.26803826643312,12.461170241415966,6.79928298158165e-07,0.07734887682598612,0.007855134190745953,262.68788343759485,True,OK,23
1.7725032646283536,0.20525782372999474,0.02813276137321672,0.002556279888982535,-9.95883443465214,28.12620287335277,3.3967482867690914e-10,0.05591828149906458,0.005758998916811726,1043.416260083403,True,OK,23
1.7019792682512078,0.09966791028025684,0.02302006978786269,0.001095637367992184,-8.604241059350834,90.13038949845544,1.5579686206400637e-07,0.04042533433088099,0.004423162869958587,4369.033132349237,True,OK,23
1.753948500747787,0.1931201195612673,0.028206444226899482,0.002354164042161847,-9.725761183928958,32.64119186460885,2.3558298030410393e-08,0.05591828149906458,0.005702099441136505,1194.8575941921474,True,OK,23
1.6859828021907841,0.7864715895835541,0.058119077827150124,0.009449409188898392,-9.551736822384466,8.486593670883831,1.0520706907306197e-07,0.11091998054597198,0.011653659699641106,75.68895370827627,True,OK,23
1.7248603404391794,0.06327408344753943,0.018197628032529962,0.0007008395932109862,-8.691395351384097,138.71660008891612,1.8808064473511054e-08,0.03140975719832603,0.003508085142303502,10790.266649258163,True,OK,23
1.6503129286646354,0.5351276001529022,0.05195315264411133,0.006028741035213191,-8.860556946723051,15.579885100186111,1.2063307369586713e-07,0.09262578427625402,0.010090985174904492,158.7736845701319,True,OK,23
1.6926937719248871,0.22129587369541825,0.033029042087530845,0.0025183978687823754,-8.977339420882469,36.45067846311804,1.0439976445670649e-07,0.06009868516564226,0.006445408695820034,915.4021410508028,True,OK,23
1.7359031512802554,0.26701464813155573,0.03345572770278757,0.003235782169154008,-9.656724280413219,24.173457222654775,4.54077722626464e-06,0.06459161229229521,0.006740713074402735,632.7542365006224,True,OK,23
1.7329090009558927,0.41030265305695923,0.04059459764926019,0.005044069347932686,-9.80662217663306,14.866121264998617,7.700748745699621e-08,0.08018803828262751,0.008245973168085601,269.60402645760223,True,OK,23
1.6761444704737705,0.18119950097531123,0.031132013697622047,0.001986140856320793,-8.567836008403054,50.02631331187621,5.926606256920357e-09,0.053938422246314024,0.005974278441577344,1333.4650873384107,True,OK,23
1.6831604844378203,0.07834050261233583,0.021450185011459805,0.0008176144316346882,-8.025249349558054,132.88214327996457,1.1708754594193714e-09,0.0362816382185018,0.004035405578293262,6784.5769602650935,True,OK,23
1.6931377746850775,0.9068569556727045,0.06121305670354759,0.011043660686267748,-9.696736440121223,6.977058751714388,1.3984673488640504e-06,0.11921226494635856,0.012363111193139705,57.375623966896256,True,OK,23
1.7663906976236239,0.40340356888367596,0.038250143953975246,0.005116338701205526,-10.147351407243232,13.222371158739122,5.683134120348087e-07,0.07734887682598612,0.007919630364813374,271.0989498100374,True,OK,23
1.7306167066014526,0.5889925310633556,0.04777065981764494,0.007324246067077423,-9.925965094282747,9.878544550954796,9.161338464608173e-07,0.09602569863053698,0.009769410182475291,131.48579159190132,True,OK,23
1.7660232554871198,0.2744755964411173,0.0322974894871822,0.0034335424752860695,-10.002654314607142,20.64525259007144,1.0603826496650838e-07,0.06459161229229521,0.006629421653063282,586.6779085388733,True,OK,23
1.6914942484310216,0.3366961620583309,0.03973209746612932,0.003912828700858973,-9.200914901773935,22.343201500482447,4.080444868746292e-08,0.07461023956159979,0.00783175321717383,401.68844781950287,True,OK,23
1.6557217985680344,0.34895347012473255,0.042772654605795477,0.0038620469980707676,-8.669337247568292,25.24290120165152,1.1809754745161755e-06,0.07461023956159979,0.008242233018185663,366.09074095527916,True,OK,23
1.772907928722321,0.916388265192907,0.05453415080063576,0.01197221875640378,-10.471585513401932,4.986319403640971,3.089352659662662e-08,0.11499140015101728,0.011505665676695859,53.67388700822898,True,OK,23
1.665348948407597,0.4851556145375098,0.04858903432408728,0.005551938616205364,-9.030948604161924,16.335988697056298,2.478476411213277e-07,0.08934624829756561,0.009506423038584866,194.20902691147185,True,OK,23
1.7033888462222695,0.5148912367922185,0.046963442476096864,0.006192291258511116,-9.566172136552762,12.917145548249545,5.349693308332876e-07,0.08934624829756561,0.009422535037469034,173.8395512307706,True,OK,23
1.7276607333682148,0.06924582201685876,0.018830856625905428,0.0007747871815327277,-8.802292454550187,122.85372832059235,2.8430334490460104e-07,0.033757924213444215,0.0036464707572215842,9065.6061582037,True,OK,23
1.7679139147089624,0.9749808695146716,0.05650885356457414,0.012708564142426304,-10.447991652472714,4.7242664279742534,1.1320823735701225e-07,0.11921226494635856,0.011898442185119778,48.12566258352575,True,OK,23
1.7414766736805098,0.6774296265687008,0.0499770344624388,0.00855099740146491,-10.087238309338751,8.045332029038779,6.039814761841599e-07,0.10320449904927852,0.010314787640718085,98.81385308920751,True,OK,23
1.7239171800962991,0.36755974112866263,0.039225075467886374,0.004456253036195132,-9.65760301566761,17.535660527641237,2.8959119161478915e-09,0.07734887682598612,0.007905100628930541,337.01205572524225,True,OK,23
1.6708568953851328,0.6048601755612482,0.05303339132807609,0.007052661714639675,-9.23128249397381,12.301324328477394,6.120006130624289e-07,0.09955040995908344,0.010470622673528508,126.4238260282781,True,OK,23
1.6562917964912889,0.8332774393072803,0.06242880798284579,0.00969313216420295,-9.203619542331227,9.001450979496505,2.454815295276903e-06,0.11499140015101728,0.012310532484501906,67.2944874409941,True,OK,23
1.7089276379258862,0.44401651295387606,0.04362856603383378,0.005338245247214321,-9.56483826594666,14.99339018901129,1.7017840929100158e-06,0.0831314137641865,0.008752141203800206,232.7735450886472,True,OK,23
1.6958039201866268,0.9708861942636571,0.06283738571731749,0.01188651669654381,-9.754880001421752,6.37057077159329,8.192493871959306e-08,0.12358806045475453,0.012727109197261187,50.344695233386986,True,OK,23
1.6744883733879006,0.19374243040145062,0.03213563575031085,0.00212734994773958,-8.586237574110571,46.54912370431064,1.9158847994203564e-06,0.05591828149906458,0.006171382323538509,1168.971265415014,True,OK,23
1.6731744102163042,0.6756011087082259,0.055461538126143184,0.007942973301408703,-9.31942909472507,10.698909357298263,5.67809272522682e-07,0.10320449904927852,0.010995595617843267,101.84162423099134,True,OK,23
1.7888653446221439,0.27370141188166697,0.031121030332957666,0.0034955616834760166,-10.23117391496409,18.861199730193306,5.23287086281193e-06,0.06459161229229521,0.006473042814989395,575.3077064170168,True,OK,23
1.7767864355894483,0.3146857312477638,0.03372952463466661,0.003994808187086382,-10.161845083071878,16.87256813430111,2.696403706370656e-07,0.06942042686989255,0.006987875312826923,441.04857144507446,True,OK,23
1.740705988817542,0.08847400433669933,0.02049108671120973,0.0010231164775414412,-9.161351687299792,86.36847835069928,5.901052204653187e-09,0.03761338902136763,0.004029528212966652,5631.100597779923,True,OK,23
1.7193915564406663,0.6718414679650327,0.05150712419714479,0.008304641182134587,-9.859379951537528,8.879934926300454,1.8461099395941483e-07,0.10320449904927852,0.010495490989480995,102.0323167716382,True,OK,23
1.725084768811168,0.27594361563770153,0.034526643303075984,0.003308523845676665,-9.540939397663738,24.364059960310666,4.5519591344185454e-09,0.06696250665518527,0.006916090708568468,594.9859233030136,True,OK,23
1.7659895727575081,0.9716296856763282,0.056582591805986564,0.01264555746636406,-10.43045271685302,4.781432265082374,2.4545164132955346e-07,0.11921226494635856,0.011901887597212436,48.50459706737327,True,OK,23
1.714287453396889,0.654123301929791,0.05130417008895564,0.008036492987096102,-9.793773356652144,9.351858787310645,1.3748167812840396e-07,0.09955040995908344,0.010417093056875666,107.84926521792687,True,OK,23
1.7606578575683802,0.2794146075907043,0.032827068865969734,0.0034795997705614513,-9.95300096103644,20.677173877459907,1.6661008960590317e-07,0.06459161229229521,0.006719578610628213,568.8388905551304,True,OK,23
1.77102305347003,0.31619086004449765,0.0341065562407471,0.0039937807583601305,-10.106335772439174,17.17888229720775,9.572195907021492e-09,0.06942042686989255,0.007043187068660806,439.6451029074323,True,OK,23
1.7586163124921335,0.15649427080510095,0.02553198793185601,0.0019005241791162312,-9.687840664331256,40.87093183619548,1.9085286973779126e-08,0.05018652022871682,0.005150573383459704,1811.7092617723295,True,OK,23
1.6903741384779838,0.5569389372428744,0.04960617892897089,0.006622709409217312,-9.443756338805256,12.455812723124607,4.282979756712731e-07,0.09262578427625402,0.009892919059390794,149.10380690525548,True,OK,23
1.723489093398604,0.857909625262048,0.05703578988444769,0.010739286789486453,-9.995300197635238,6.57691075732812,1.6815792724813562e-07,0.11499140015101728,0.011706902102788738,63.14442657516235,True,OK,23
1.789457816069405,0.15185030356713358,0.02398779255741595,0.0019012606501370732,-10.022776140960564,37.137193474254644,2.5446064460791984e-08,0.04840960141478949,0.004926634550939404,1877.1929094373374,True,OK,23
1.6879943385955052,0.389718299711922,0.04258928638950898,0.004542313147865656,-9.231350111747046,19.110781543554396,5.638674504916373e-07,0.08018803828262751,0.008407160210527094,301.07650282372737,True,OK,23
1.7170485770934008,0.5192142559966791,0.04614644318414482,0.006338821051337484,-9.72828177337813,12.083752733569565,1.477669905857293e-07,0.08934624829756561,0.009336258923310822,170.224040962886,True,OK,23
1.7698673088407784,0.7820313376458448,0.051015770876350695,0.010152206366919592,-10.396910977863316,6.08362609623753,1.6811032957345278e-07,0.10699271483050952,0.010723716526039335,72.59438970097945,True,OK,23
1.6526392210653134,0.48227067255402845,0.049469122077038484,0.005418587228072963,-8.83191131789432,17.434669259147363,3.037463842796639e-07,0.08934624829756561,0.009596746650520077,194.73549683219017,True,OK,23
1.7365303373541725,0.4873758077383722,0.04354566641172844,0.006052836339282575,-9.914538890736091,12.001832447548866,2.824554757297223e-07,0.0861828285420169,0.00889865036786422,190.8685287376338,True,OK,23
1.6682903358435983,0.42760037950611574,0.04577062791535494,0.004879165682090345,-9.000654716077676,18.710127287332398,7.408987696455423e-07,0.0831314137641865,0.008942820640193213,248.98052224881,True,OK,23
1.707631797318163,0.22833012632727084,0.03268011296757582,0.002655991703525355,-9.215230492143274,32.82770777581311,5.781812350626416e-08,0.06009868516564226,0.006444855690755197,865.554964030411,True,OK,23
1.7558829960259335,0.3553306461353529,0.03676485055200041,0.004443693149535148,-9.995283358174166,15.97356321947643,3.786887009121286e-07,0.07461023956159979,0.00754497350509353,353.2038723955527,True,OK,23
1.7324582206796062,0.5399436719108291,0.045843893449018805,0.006704763907378058,-9.911571641516598,10.84078780017039,9.433591936076427e-08,0.09262578427625402,0.009367426264831632,156.09580414617264,True,OK,23
1.7728397910902944,0.16591418526969626,0.025608028945391607,0.0020502714317354787,-9.877030080569943,35.94216431033895,2.680876622640712e-09,0.05018652022871682,0.005217841121095138,1596.63995558609,True,OK,23
1.6659968211554843,0.33530368566686497,0.04133187517730833,0.0037604331542384502,-8.81462506371149,25.21550410010618,4.6378349514438504e-07,0.07461023956159979,0.008011618889689855,399.4245930165711,True,OK,23
1.7103700955376169,0.33361513631453255,0.038402888999690084,0.003966443628303464,-9.447519232998491,20.796787011208487,1.0855087824530397e-08,0.07196856730011514,0.0076581021984727495,409.68649258027085,True,OK,23
1.7568461915353342,0.2830025509538347,0.03320978556711761,0.00351284575337059,-9.917274445592064,20.698286426244156,1.09825240551844e-07,0.06696250665518527,0.006784598971240638,556.2706668780913,True,OK,23
1.6618684639881143,0.44310981938994015,0.04697113766908627,0.005020777336380428,-8.924249228465941,18.471577679822815,1.8753020191047228e-06,0.0831314137641865,0.009147402241595003,231.29356629388474,True,OK,23
1.7582731003393879,0.8580338464074042,0.054120406525375225,0.011065371490909895,-10.323728072066507,5.717636899651231,1.491277867062451e-07,0.11499140015101728,0.011321531205332754,61.5318211872935,True,OK,23
1.7526682787708692,0.5799923445747569,0.045865611579076905,0.007355952225209821,-10.141166154160118,9.200515689983865,4.7809414037001874e-08,0.09262578427625402,0.009495767328792842,133.0455885050952,True,OK,23
1.7513868382448847,0.6973200585386683,0.04986123490008135,0.008886971473875831,-10.192287195920223,7.478756089875714,5.426560812935306e-07,0.10320449904927852,0.010354233733115857,92.49722416935086,True,OK,23
1.6828113285493085,0.5732209475930341,0.05083536102747369,0.006764880289794224,-9.36180269812314,12.439381437450844,1.4845924568278908e-07,0.09602569863053698,0.01009815005931786,140.8311642722956,True,OK,23
1.7578853065693805,0.35126462878138126,0.036464952915294814,0.004399340901836523,-10.011630822347005,16.05509374202684,3.4189600546747714e-07,0.07461023956159979,0.007490254976397819,360.7793446314066,True,OK,23
1.7415562405403704,0.5074064061428586,0.04398278946157426,0.0063412510587862354,-9.98220447856907,11.224589834969667,6.452949924006722e-08,0.08934624829756561,0.009022243093027113,175.46031126839057,True,OK,23
1.7204422391323029,0.13555228589305174,0.025503930409968935,0.0015603924130612634,-9.106884984750018,57.27181371807444,1.5239363875205933e-08,0.04669559671518797,0.005004134427164554,2421.5062479654657,True,OK,23
1.7432704031427533,0.8724026835867941,0.05577179628263723,0.01111826849893918,-10.192335295623241,5.955559102598628,1.16475225952348e-07,0.11499140015101728,0.011575958507484855,60.3664914658356,True,OK,23
1.6698003803236208,0.3978003791056269,0.044245243506904,0.0045304431535008625,-8.980466118424614,20.23696189678407,1.2436697927251705e-06,0.08018803828262751,0.008637037044097897,286.9795262356311,True,OK,23
1.6568134436777169,0.07815029167757155,0.022493483411070513,0.0007686657460029108,-7.342041339274851,154.98554244261507,8.138144271349232e-09,0.0362816382185018,0.004141300073209055,6444.565392986132,True,OK,23
1.7885521895340442,0.5187979328910655,0.04130515552763675,0.006755461279110822,-10.434889148385896,9.064290712786681,4.9183250156672e-07,0.0861828285420169,0.008705899532637501,159.0546714549536,True,OK,23
1.6997726626089344,0.3111332227937679,0.03788089482802195,0.003639560404525976,-9.272745602074409,23.633008589465973,3.1575736897320623e-07,0.06942042686989255,0.007491312502166921,470.0134887843423,True,OK,23
1.7872017702922942,0.2896382462455995,0.03199131718090452,0.003700529096931766,-10.234464956995396,17.79250140586174,1.9890410431192875e-06,0.06696250665518527,0.006655776641992958,514.5120158054972,True,OK,23
1.751599175403284,0.3195701910156371,0.035322683064126004,0.003964428647020448,-9.909023764766031,18.37801552156531,1.6468518381377978e-07,0.06942042686989255,0.007213696200596713,438.176500863892,True,OK,23
1.6598685307499685,0.6991127837920442,0.057489153787552164,0.008097436937570162,-9.15817285494531,10.890227730371135,9.188236055204385e-08,0.10699271483050952,0.011312934726505889,94.85466896622194,True,OK,23
1.650228318668181,0.691961085982541,0.05811483308247312,0.007908474875813223,-9.014388850514393,11.504257859079743,6.976171444434169e-08,0.10699271483050952,0.011363116590406303,96.27965071765377,True,OK,23
1.685052723858575,0.7587990204679261,0.0572922080121672,0.009093223660899423,-9.524213702828277,8.883180826063374,6.82793291284051e-07,0.11091998054597198,0.0114721631093002,81.18570010154173,True,OK,23
1.757765023429091,0.737901876876661,0.05063510015802934,0.009471137423412379,-10.270268488818646,6.8294923046614375,2.5469750176944866e-07,0.10699271483050952,0.010563365351077996,82.27810052662713,True,OK,23
1.6534276818054654,0.71854978866158,0.05877898574524736,0.008264526368503436,-9.08246606229207,10.84874285685657,4.0034031671022953e-07,0.10699271483050952,0.011527587840378146,89.63348093313608,True,OK,23
1.788620385967807,0.2804941000993417,0.03147151683220302,0.0035843932597449777,-10.237190707933829,18.35503919417311,3.892755208522844e-06,0.06459161229229521,0.006548471636613493,547.8064960725042,True,OK,23
1.6883934001115473,0.8228502221015125,0.059068449200761,0.009931496088068776,-9.600387449451784,7.9703635492611244,6.940584630555122e-08,0.11499140015101728,0.011872824777031785,69.28924606763856,True,OK,23
1.6724555527078513,0.677554491729324,0.05559432371516516,0.007960092752171468,-9.311497674436483,10.695868147225076,4.94435293567867e-07,0.10320449904927852,0.011017803238675654,101.25228224425007,True,OK,23
1.7557036928500809,0.08530262872838931,0.019677346632457668,0.0010040742978406037,-9.35536874680064,84.21152859401975,2.9223798816813005e-08,0.0362816382185018,0.003903873657536585,6051.212534715641,True,OK,23
1.7275266931971316,0.5970833956090887,0.048288385800954375,0.0074066195479603,-9.898932612647528,9.846723615320407,2.7753397024424716e-07,0.09602569863053698,0.00986060105991183,128.23622336456438,True,OK,23
1.692482005634851,0.8825274359276414,0.060541751899212196,0.010728595304373333,-9.677762791944527,7.221811261299987,2.6623190179655395e-07,0.11921226494635856,0.012216184518278803,60.46581913407542,True,OK,23
1.6727849607019798,0.3959849740305675,0.04394493008084344,0.004527318208691981,-9.022626276089236,20.07272346382875,1.3894322770878562e-06,0.08018803828262751,0.00859409955405032,290.05649722949653,True,OK,23
1.768813616200626,0.2311106187756929,0.029812508501720625,0.0028806028793579097,-9.965793670313907,24.897652153329496,5.898703604492379e-09,0.06009868516564226,0.006105844242137542,825.6340371653482,True,OK,23
1.7649923790858746,0.12511571849955794,0.02291322059645291,0.0015156085749568151,-9.663539652695503,51.613336747030864,6.049249830287887e-08,0.0450422785741285,0.004615822629090048,2819.126478486954,True,OK,23
1.7184920694065986,0.12156412932341824,0.024402893254392398,0.0013871967265478157,-9.0126394828335,65.7350343817239,2.068110613030309e-08,0.0434474983053278,0.004768251903953574,2997.1058361550386,True,OK,23
1.744906501908612,0.8010714146028203,0.053556819478040286,0.010197030127518016,-10.178560765618615,6.535733336540318,1.1890733603252061e-07,0.11091998054597198,0.011110374892076844,70.99751039814632,True,OK,23
1.7689801967545524,0.9821991382067893,0.05660880613923937,0.012815026153305096,-10.45934053789092,4.661925084332667,4.261047856065423e-07,0.11921226494635856,0.011926668712638592,47.44383657041293,True,OK,23
1.7440822011219421,0.7806088181480193,0.053009923748953004,0.009921546041968154,-10.161910768184987,6.757427979097833,2.437285536630737e-07,0.11091998054597198,0.01098684086539828,74.6956207107044,True,OK,23
1.7208061589649861,0.9171000561220699,0.05899350444089819,0.011477503637446429,-9.993304600864528,6.149856247605727,1.6954695131597353e-07,0.11921226494635856,0.012104823643808528,55.65954875429399,True,OK,23
1.7401261735079248,0.8893738359387763,0.056520928640438374,0.01131062219811914,-10.16947641265185,5.896863571983586,8.689759917148411e-07,0.11499140015101728,0.011714954434226887,58.33317044808607,True,OK,23
1.6829632823819431,0.521900891682161,0.04877819148228321,0.006132760595409759,-9.316384218979666,13.872599092040177,9.730429660209571e-08,0.09262578427625402,0.009668259785872659,169.3672024692071,True,OK,23
1.7521746489489325,0.24258566683454907,0.03126340482548441,0.0029791444344896326,-9.803064314990289,25.232263421982413,6.701495305466042e-08,0.06230466251811238,0.006346882300507675,759.2397001353487,True,OK,23
1.679587571056677,0.9791406033853556,0.06464780616366314,0.011790314069602351,-9.57560465363033,6.746601908732213,3.948345211129422e-08,0.12358806045475453,0.012974518281013505,49.576525025715824,True,OK,23
1.710845450503209,0.22272468027758308,0.032161021283618814,0.002598290705156153,-9.246671979492797,33.319281709690515,2.474617525031178e-07,0.06009868516564226,0.0063515498605790565,909.4390359861987,True,OK,23
1.6964049434774109,0.4275073408526293,0.04376213380541272,0.005057512950021034,-9.390926910891466,16.53024006805095,8.660420799807427e-07,0.0831314137641865,0.008704068010748483,251.18497237796026,True,OK,23
